initialization_time,valid_time,lead_hours,latitude,longitude,forecast_temperature,forecast_precipitation,forecast_wind,forecast_pressure,forecast_humidity,forecast_cloud_cover,ensemble_spread,run_revision,reference_temperature,reference_precipitation,reference_wind,reference_pressure,error_temperature,error_precipitation,error_wind,error_pressure,alignment_method,spatial_offset_deg,is_bust,bust_severity,labeling_method,operational_threshold
2023-07-15T00:00:00,2023-07-16 00:00:00,24,18.5204,73.8567,29.8,0.5,7.3,1008.8,56.4,70.6,1.45,0.4,29.9,1.4,7.3,1010.0,0.09999999999999787,0.8999999999999999,0.0,1.2000000000000455,Nearest Neighbor with Euclidean distance <= 0.5°,0.0,0,NONE,DYNAMIC_HORIZON_SCALED,25.0
2023-07-15T00:00:00,2023-07-17 00:00:00,48,18.5204,73.8567,29.7,1.2,5.2,1007.6,58.5,44.0,2.1,0.6,29.8,1.9,5.3,1010.0,0.10000000000000142,0.7,0.09999999999999964,2.3999999999999773,Nearest Neighbor with Euclidean distance <= 0.5°,0.0,0,NONE,DYNAMIC_HORIZON_SCALED,28.0
2023-07-15T00:00:00,2023-07-18 00:00:00,72,18.5204,73.8567,29.5,6.3,4.6,1006.4,73.8,35.8,2.75,0.8,29.7,6.0,4.8,1010.0,0.1999999999999993,0.2999999999999998,0.20000000000000018,3.6000000000000227,Nearest Neighbor with Euclidean distance <= 0.5°,0.0,0,NONE,DYNAMIC_HORIZON_SCALED,31.0
2023-07-15T00:00:00,2023-07-19 00:00:00,96,18.5204,73.8567,29.3,42.0,14.5,1005.2,84.8,55.5,3.8,2.4,29.7,8.9,6.2,1010.0,0.3999999999999986,33.1,8.3,4.7999999999999545,Nearest Neighbor with Euclidean distance <= 0.5°,0.0,0,NONE,DYNAMIC_HORIZON_SCALED,34.0
2023-07-15T00:00:00,2023-07-20 00:00:00,120,18.5204,73.8567,29.1,21.5,9.7,1004.0,78.7,80.4,4.05,1.2,35.5,78.0,20.5,1010.0,6.399999999999999,56.5,10.8,6.0,Nearest Neighbor with Euclidean distance <= 0.5°,0.0,1,SEVERE,DYNAMIC_HORIZON_SCALED,37.0
2023-07-15T00:00:00,2023-07-21 00:00:00,144,18.5204,73.8567,29.0,22.0,6.5,1002.8,62.6,81.8,4.7,1.4,29.5,3.0,8.1,1010.0,0.5,19.0,1.5999999999999996,7.2000000000000455,Nearest Neighbor with Euclidean distance <= 0.5°,0.0,0,NONE,DYNAMIC_HORIZON_SCALED,40.0
2023-07-15T00:00:00,2023-07-22 00:00:00,168,18.5204,73.8567,28.8,14.4,5.0,1001.6,55.0,58.1,5.35,1.6,29.4,1.0,6.4,1010.0,0.5999999999999979,13.4,1.4000000000000004,8.399999999999977,Nearest Neighbor with Euclidean distance <= 0.5°,0.0,0,NONE,DYNAMIC_HORIZON_SCALED,43.0
2023-07-15T00:00:00,2023-07-23 00:00:00,192,18.5204,73.8567,28.6,7.5,6.9,1000.4,64.7,36.6,6.0,1.8,29.3,3.6,4.8,1010.0,0.6999999999999993,3.9,2.1000000000000005,9.600000000000023,Nearest Neighbor with Euclidean distance <= 0.5°,0.0,0,NONE,DYNAMIC_HORIZON_SCALED,46.0
2023-07-15T00:00:00,2023-07-24 00:00:00,216,18.5204,73.8567,28.5,9.3,10.1,999.2,80.4,42.1,6.65,2.0,29.2,7.8,5.2,1010.0,0.6999999999999993,1.5000000000000009,4.8999999999999995,10.799999999999955,Nearest Neighbor with Euclidean distance <= 0.5°,0.0,0,NONE,DYNAMIC_HORIZON_SCALED,49.0
2023-07-15T00:00:00,2023-07-25 00:00:00,240,18.5204,73.8567,28.3,17.6,10.8,998.0,84.2,68.1,7.3,2.2,29.2,8.8,7.1,1010.0,0.8999999999999986,8.8,3.700000000000001,12.0,Nearest Neighbor with Euclidean distance <= 0.5°,0.0,0,NONE,DYNAMIC_HORIZON_SCALED,52.0
2023-07-15T00:00:00,2023-07-16 00:00:00,24,28.6139,77.209,29.8,0.5,7.3,1008.8,56.4,70.6,1.45,0.4,29.9,1.4,7.3,1010.0,0.09999999999999787,0.8999999999999999,0.0,1.2000000000000455,Nearest Neighbor with Euclidean distance <= 0.5°,0.0,0,NONE,DYNAMIC_HORIZON_SCALED,25.0
2023-07-15T00:00:00,2023-07-17 00:00:00,48,28.6139,77.209,29.7,1.2,5.2,1007.6,58.5,44.0,2.1,0.6,29.8,1.9,5.3,1010.0,0.10000000000000142,0.7,0.09999999999999964,2.3999999999999773,Nearest Neighbor with Euclidean distance <= 0.5°,0.0,0,NONE,DYNAMIC_HORIZON_SCALED,28.0
2023-07-15T00:00:00,2023-07-18 00:00:00,72,28.6139,77.209,29.5,6.3,4.6,1006.4,73.8,35.8,2.75,0.8,29.7,6.0,4.8,1010.0,0.1999999999999993,0.2999999999999998,0.20000000000000018,3.6000000000000227,Nearest Neighbor with Euclidean distance <= 0.5°,0.0,0,NONE,DYNAMIC_HORIZON_SCALED,31.0
2023-07-15T00:00:00,2023-07-19 00:00:00,96,28.6139,77.209,29.3,42.0,14.5,1005.2,84.8,55.5,3.8,2.4,25.5,82.0,21.5,1010.0,3.8000000000000007,40.0,7.0,4.7999999999999545,Nearest Neighbor with Euclidean distance <= 0.5°,0.0,1,MODERATE,DYNAMIC_HORIZON_SCALED,34.0
2023-07-15T00:00:00,2023-07-20 00:00:00,120,28.6139,77.209,29.1,21.5,9.7,1004.0,78.7,80.4,4.05,1.2,29.6,7.3,8.0,1010.0,0.5,14.2,1.6999999999999993,6.0,Nearest Neighbor with Euclidean distance <= 0.5°,0.0,0,NONE,DYNAMIC_HORIZON_SCALED,37.0
2023-07-15T00:00:00,2023-07-21 00:00:00,144,28.6139,77.209,29.0,22.0,6.5,1002.8,62.6,81.8,4.7,1.4,29.5,3.0,8.1,1010.0,0.5,19.0,1.5999999999999996,7.2000000000000455,Nearest Neighbor with Euclidean distance <= 0.5°,0.0,0,NONE,DYNAMIC_HORIZON_SCALED,40.0
2023-07-15T00:00:00,2023-07-22 00:00:00,168,28.6139,77.209,28.8,14.4,5.0,1001.6,55.0,58.1,5.35,1.6,35.5,69.0,17.5,1010.0,6.699999999999999,54.6,12.5,8.399999999999977,Nearest Neighbor with Euclidean distance <= 0.5°,0.0,1,MODERATE,DYNAMIC_HORIZON_SCALED,43.0
2023-07-15T00:00:00,2023-07-23 00:00:00,192,28.6139,77.209,28.6,7.5,6.9,1000.4,64.7,36.6,6.0,1.8,25.5,78.0,17.5,1010.0,3.1000000000000014,70.5,10.6,9.600000000000023,Nearest Neighbor with Euclidean distance <= 0.5°,0.0,1,SEVERE,DYNAMIC_HORIZON_SCALED,46.0
2023-07-15T00:00:00,2023-07-24 00:00:00,216,28.6139,77.209,28.5,9.3,10.1,999.2,80.4,42.1,6.65,2.0,29.2,7.8,5.2,1010.0,0.6999999999999993,1.5000000000000009,4.8999999999999995,10.799999999999955,Nearest Neighbor with Euclidean distance <= 0.5°,0.0,0,NONE,DYNAMIC_HORIZON_SCALED,49.0
2023-07-15T00:00:00,2023-07-25 00:00:00,240,28.6139,77.209,28.3,17.6,10.8,998.0,84.2,68.1,7.3,2.2,29.2,8.8,7.1,1010.0,0.8999999999999986,8.8,3.700000000000001,12.0,Nearest Neighbor with Euclidean distance <= 0.5°,0.0,0,NONE,DYNAMIC_HORIZON_SCALED,52.0
2023-07-15T00:00:00,2023-07-16 00:00:00,24,28.5355,77.391,29.8,0.5,7.3,1008.8,56.4,70.6,1.45,0.4,29.9,1.4,7.3,1010.0,0.09999999999999787,0.8999999999999999,0.0,1.2000000000000455,Nearest Neighbor with Euclidean distance <= 0.5°,0.0,0,NONE,DYNAMIC_HORIZON_SCALED,25.0
2023-07-15T00:00:00,2023-07-17 00:00:00,48,28.5355,77.391,29.7,1.2,5.2,1007.6,58.5,44.0,2.1,0.6,29.8,1.9,5.3,1010.0,0.10000000000000142,0.7,0.09999999999999964,2.3999999999999773,Nearest Neighbor with Euclidean distance <= 0.5°,0.0,0,NONE,DYNAMIC_HORIZON_SCALED,28.0
2023-07-15T00:00:00,2023-07-18 00:00:00,72,28.5355,77.391,29.5,6.3,4.6,1006.4,73.8,35.8,2.75,0.8,29.7,6.0,4.8,1010.0,0.1999999999999993,0.2999999999999998,0.20000000000000018,3.6000000000000227,Nearest Neighbor with Euclidean distance <= 0.5°,0.0,0,NONE,DYNAMIC_HORIZON_SCALED,31.0
2023-07-15T00:00:00,2023-07-19 00:00:00,96,28.5355,77.391,29.3,42.0,14.5,1005.2,84.8,55.5,3.8,2.4,25.5,76.0,21.5,1010.0,3.8000000000000007,34.0,7.0,4.7999999999999545,Nearest Neighbor with Euclidean distance <= 0.5°,0.0,0,NONE,DYNAMIC_HORIZON_SCALED,34.0
2023-07-15T00:00:00,2023-07-20 00:00:00,120,28.5355,77.391,29.1,21.5,9.7,1004.0,78.7,80.4,4.05,1.2,29.6,7.3,8.0,1010.0,0.5,14.2,1.6999999999999993,6.0,Nearest Neighbor with Euclidean distance <= 0.5°,0.0,0,NONE,DYNAMIC_HORIZON_SCALED,37.0
2023-07-15T00:00:00,2023-07-21 00:00:00,144,28.5355,77.391,29.0,22.0,6.5,1002.8,62.6,81.8,4.7,1.4,29.5,3.0,8.1,1010.0,0.5,19.0,1.5999999999999996,7.2000000000000455,Nearest Neighbor with Euclidean distance <= 0.5°,0.0,0,NONE,DYNAMIC_HORIZON_SCALED,40.0
2023-07-15T00:00:00,2023-07-22 00:00:00,168,28.5355,77.391,28.8,14.4,5.0,1001.6,55.0,58.1,5.35,1.6,29.4,1.0,6.4,1010.0,0.5999999999999979,13.4,1.4000000000000004,8.399999999999977,Nearest Neighbor with Euclidean distance <= 0.5°,0.0,0,NONE,DYNAMIC_HORIZON_SCALED,43.0
2023-07-15T00:00:00,2023-07-23 00:00:00,192,28.5355,77.391,28.6,7.5,6.9,1000.4,64.7,36.6,6.0,1.8,25.5,72.0,17.5,1010.0,3.1000000000000014,64.5,10.6,9.600000000000023,Nearest Neighbor with Euclidean distance <= 0.5°,0.0,1,MODERATE,DYNAMIC_HORIZON_SCALED,46.0
2023-07-15T00:00:00,2023-07-24 00:00:00,216,28.5355,77.391,28.5,9.3,10.1,999.2,80.4,42.1,6.65,2.0,29.2,7.8,5.2,1010.0,0.6999999999999993,1.5000000000000009,4.8999999999999995,10.799999999999955,Nearest Neighbor with Euclidean distance <= 0.5°,0.0,0,NONE,DYNAMIC_HORIZON_SCALED,49.0
2023-07-15T00:00:00,2023-07-25 00:00:00,240,28.5355,77.391,28.3,17.6,10.8,998.0,84.2,68.1,7.3,2.2,29.2,8.8,7.1,1010.0,0.8999999999999986,8.8,3.700000000000001,12.0,Nearest Neighbor with Euclidean distance <= 0.5°,0.0,0,NONE,DYNAMIC_HORIZON_SCALED,52.0
2023-07-15T00:00:00,2023-07-16 00:00:00,24,19.076,72.8777,31.8,0.5,7.3,1008.8,56.4,70.6,1.45,0.4,29.9,1.4,7.3,1010.0,1.9000000000000021,0.8999999999999999,0.0,1.2000000000000455,Nearest Neighbor with Euclidean distance <= 0.5°,0.0,0,NONE,DYNAMIC_HORIZON_SCALED,25.0
2023-07-15T00:00:00,2023-07-17 00:00:00,48,19.076,72.8777,31.7,1.2,5.2,1007.6,58.5,44.0,2.1,0.6,29.8,1.9,5.3,1010.0,1.8999999999999986,0.7,0.09999999999999964,2.3999999999999773,Nearest Neighbor with Euclidean distance <= 0.5°,0.0,0,NONE,DYNAMIC_HORIZON_SCALED,28.0
2023-07-15T00:00:00,2023-07-18 00:00:00,72,19.076,72.8777,31.5,6.3,4.6,1006.4,73.8,35.8,2.75,0.8,29.7,6.0,4.8,1010.0,1.8000000000000007,0.2999999999999998,0.20000000000000018,3.6000000000000227,Nearest Neighbor with Euclidean distance <= 0.5°,0.0,0,NONE,DYNAMIC_HORIZON_SCALED,31.0
2023-07-15T00:00:00,2023-07-19 00:00:00,96,19.076,72.8777,31.3,42.0,14.5,1005.2,84.8,55.5,3.8,2.4,29.7,8.9,6.2,1010.0,1.6000000000000014,33.1,8.3,4.7999999999999545,Nearest Neighbor with Euclidean distance <= 0.5°,0.0,0,NONE,DYNAMIC_HORIZON_SCALED,34.0
2023-07-15T00:00:00,2023-07-20 00:00:00,120,19.076,72.8777,31.1,21.5,9.7,1004.0,78.7,80.4,4.05,1.2,29.6,7.3,8.0,1010.0,1.5,14.2,1.6999999999999993,6.0,Nearest Neighbor with Euclidean distance <= 0.5°,0.0,0,NONE,DYNAMIC_HORIZON_SCALED,37.0
2023-07-15T00:00:00,2023-07-21 00:00:00,144,19.076,72.8777,31.0,22.0,6.5,1002.8,62.6,81.8,4.7,1.4,29.5,3.0,8.1,1010.0,1.5,19.0,1.5999999999999996,7.2000000000000455,Nearest Neighbor with Euclidean distance <= 0.5°,0.0,0,NONE,DYNAMIC_HORIZON_SCALED,40.0
2023-07-15T00:00:00,2023-07-22 00:00:00,168,19.076,72.8777,30.8,14.4,5.0,1001.6,55.0,58.1,5.35,1.6,35.5,72.0,20.5,1010.0,4.699999999999999,57.6,15.5,8.399999999999977,Nearest Neighbor with Euclidean distance <= 0.5°,0.0,1,MODERATE,DYNAMIC_HORIZON_SCALED,43.0
2023-07-15T00:00:00,2023-07-23 00:00:00,192,19.076,72.8777,30.6,7.5,6.9,1000.4,64.7,36.6,6.0,1.8,25.5,81.0,20.5,1010.0,5.100000000000001,73.5,13.6,9.600000000000023,Nearest Neighbor with Euclidean distance <= 0.5°,0.0,1,SEVERE,DYNAMIC_HORIZON_SCALED,46.0
2023-07-15T00:00:00,2023-07-24 00:00:00,216,19.076,72.8777,30.5,9.3,10.1,999.2,80.4,42.1,6.65,2.0,29.2,7.8,5.2,1010.0,1.3000000000000007,1.5000000000000009,4.8999999999999995,10.799999999999955,Nearest Neighbor with Euclidean distance <= 0.5°,0.0,0,NONE,DYNAMIC_HORIZON_SCALED,49.0
2023-07-15T00:00:00,2023-07-25 00:00:00,240,19.076,72.8777,30.3,17.6,10.8,998.0,84.2,68.1,7.3,2.2,29.2,8.8,7.1,1010.0,1.1000000000000014,8.8,3.700000000000001,12.0,Nearest Neighbor with Euclidean distance <= 0.5°,0.0,0,NONE,DYNAMIC_HORIZON_SCALED,52.0
2023-07-15T00:00:00,2023-07-16 00:00:00,24,12.9716,77.5946,29.8,0.5,7.3,1008.8,56.4,70.6,1.45,0.4,29.9,1.4,7.3,1010.0,0.09999999999999787,0.8999999999999999,0.0,1.2000000000000455,Nearest Neighbor with Euclidean distance <= 0.5°,0.0,0,NONE,DYNAMIC_HORIZON_SCALED,25.0
2023-07-15T00:00:00,2023-07-17 00:00:00,48,12.9716,77.5946,29.7,1.2,5.2,1007.6,58.5,44.0,2.1,0.6,29.8,1.9,5.3,1010.0,0.10000000000000142,0.7,0.09999999999999964,2.3999999999999773,Nearest Neighbor with Euclidean distance <= 0.5°,0.0,0,NONE,DYNAMIC_HORIZON_SCALED,28.0
2023-07-15T00:00:00,2023-07-18 00:00:00,72,12.9716,77.5946,29.5,6.3,4.6,1006.4,73.8,35.8,2.75,0.8,29.7,6.0,4.8,1010.0,0.1999999999999993,0.2999999999999998,0.20000000000000018,3.6000000000000227,Nearest Neighbor with Euclidean distance <= 0.5°,0.0,0,NONE,DYNAMIC_HORIZON_SCALED,31.0
2023-07-15T00:00:00,2023-07-19 00:00:00,96,12.9716,77.5946,29.3,42.0,14.5,1005.2,84.8,55.5,3.8,2.4,29.7,8.9,6.2,1010.0,0.3999999999999986,33.1,8.3,4.7999999999999545,Nearest Neighbor with Euclidean distance <= 0.5°,0.0,0,NONE,DYNAMIC_HORIZON_SCALED,34.0
2023-07-15T00:00:00,2023-07-20 00:00:00,120,12.9716,77.5946,29.1,21.5,9.7,1004.0,78.7,80.4,4.05,1.2,29.6,7.3,8.0,1010.0,0.5,14.2,1.6999999999999993,6.0,Nearest Neighbor with Euclidean distance <= 0.5°,0.0,0,NONE,DYNAMIC_HORIZON_SCALED,37.0
2023-07-15T00:00:00,2023-07-21 00:00:00,144,12.9716,77.5946,29.0,22.0,6.5,1002.8,62.6,81.8,4.7,1.4,29.5,3.0,8.1,1010.0,0.5,19.0,1.5999999999999996,7.2000000000000455,Nearest Neighbor with Euclidean distance <= 0.5°,0.0,0,NONE,DYNAMIC_HORIZON_SCALED,40.0
2023-07-15T00:00:00,2023-07-22 00:00:00,168,12.9716,77.5946,28.8,14.4,5.0,1001.6,55.0,58.1,5.35,1.6,29.4,1.0,6.4,1010.0,0.5999999999999979,13.4,1.4000000000000004,8.399999999999977,Nearest Neighbor with Euclidean distance <= 0.5°,0.0,0,NONE,DYNAMIC_HORIZON_SCALED,43.0
2023-07-15T00:00:00,2023-07-23 00:00:00,192,12.9716,77.5946,28.6,7.5,6.9,1000.4,64.7,36.6,6.0,1.8,29.3,3.6,4.8,1010.0,0.6999999999999993,3.9,2.1000000000000005,9.600000000000023,Nearest Neighbor with Euclidean distance <= 0.5°,0.0,0,NONE,DYNAMIC_HORIZON_SCALED,46.0
2023-07-15T00:00:00,2023-07-24 00:00:00,216,12.9716,77.5946,28.5,9.3,10.1,999.2,80.4,42.1,6.65,2.0,29.2,7.8,5.2,1010.0,0.6999999999999993,1.5000000000000009,4.8999999999999995,10.799999999999955,Nearest Neighbor with Euclidean distance <= 0.5°,0.0,0,NONE,DYNAMIC_HORIZON_SCALED,49.0
2023-07-15T00:00:00,2023-07-25 00:00:00,240,12.9716,77.5946,28.3,17.6,10.8,998.0,84.2,68.1,7.3,2.2,29.2,8.8,7.1,1010.0,0.8999999999999986,8.8,3.700000000000001,12.0,Nearest Neighbor with Euclidean distance <= 0.5°,0.0,0,NONE,DYNAMIC_HORIZON_SCALED,52.0
2023-07-15T00:00:00,2023-07-16 00:00:00,24,13.0827,80.2707,31.8,0.5,7.3,1008.8,56.4,70.6,1.45,0.4,29.9,1.4,7.3,1010.0,1.9000000000000021,0.8999999999999999,0.0,1.2000000000000455,Nearest Neighbor with Euclidean distance <= 0.5°,0.0,0,NONE,DYNAMIC_HORIZON_SCALED,25.0
2023-07-15T00:00:00,2023-07-17 00:00:00,48,13.0827,80.2707,31.7,1.2,5.2,1007.6,58.5,44.0,2.1,0.6,29.8,1.9,5.3,1010.0,1.8999999999999986,0.7,0.09999999999999964,2.3999999999999773,Nearest Neighbor with Euclidean distance <= 0.5°,0.0,0,NONE,DYNAMIC_HORIZON_SCALED,28.0
2023-07-15T00:00:00,2023-07-18 00:00:00,72,13.0827,80.2707,31.5,6.3,4.6,1006.4,73.8,35.8,2.75,0.8,29.7,6.0,4.8,1010.0,1.8000000000000007,0.2999999999999998,0.20000000000000018,3.6000000000000227,Nearest Neighbor with Euclidean distance <= 0.5°,0.0,0,NONE,DYNAMIC_HORIZON_SCALED,31.0
2023-07-15T00:00:00,2023-07-19 00:00:00,96,13.0827,80.2707,31.3,42.0,14.5,1005.2,84.8,55.5,3.8,2.4,35.5,74.0,16.5,1010.0,4.199999999999999,32.0,2.0,4.7999999999999545,Nearest Neighbor with Euclidean distance <= 0.5°,0.0,0,NONE,DYNAMIC_HORIZON_SCALED,34.0
2023-07-15T00:00:00,2023-07-20 00:00:00,120,13.0827,80.2707,31.1,21.5,9.7,1004.0,78.7,80.4,4.05,1.2,25.5,68.0,16.5,1010.0,5.600000000000001,46.5,6.800000000000001,6.0,Nearest Neighbor with Euclidean distance <= 0.5°,0.0,1,MODERATE,DYNAMIC_HORIZON_SCALED,37.0
2023-07-15T00:00:00,2023-07-21 00:00:00,144,13.0827,80.2707,31.0,22.0,6.5,1002.8,62.6,81.8,4.7,1.4,29.5,3.0,8.1,1010.0,1.5,19.0,1.5999999999999996,7.2000000000000455,Nearest Neighbor with Euclidean distance <= 0.5°,0.0,0,NONE,DYNAMIC_HORIZON_SCALED,40.0
2023-07-15T00:00:00,2023-07-22 00:00:00,168,13.0827,80.2707,30.8,14.4,5.0,1001.6,55.0,58.1,5.35,1.6,29.4,1.0,6.4,1010.0,1.4000000000000021,13.4,1.4000000000000004,8.399999999999977,Nearest Neighbor with Euclidean distance <= 0.5°,0.0,0,NONE,DYNAMIC_HORIZON_SCALED,43.0
2023-07-15T00:00:00,2023-07-23 00:00:00,192,13.0827,80.2707,30.6,7.5,6.9,1000.4,64.7,36.6,6.0,1.8,35.5,70.0,18.5,1010.0,4.899999999999999,62.5,11.6,9.600000000000023,Nearest Neighbor with Euclidean distance <= 0.5°,0.0,1,MODERATE,DYNAMIC_HORIZON_SCALED,46.0
2023-07-15T00:00:00,2023-07-24 00:00:00,216,13.0827,80.2707,30.5,9.3,10.1,999.2,80.4,42.1,6.65,2.0,29.2,7.8,5.2,1010.0,1.3000000000000007,1.5000000000000009,4.8999999999999995,10.799999999999955,Nearest Neighbor with Euclidean distance <= 0.5°,0.0,0,NONE,DYNAMIC_HORIZON_SCALED,49.0
2023-07-15T00:00:00,2023-07-25 00:00:00,240,13.0827,80.2707,30.3,17.6,10.8,998.0,84.2,68.1,7.3,2.2,29.2,8.8,7.1,1010.0,1.1000000000000014,8.8,3.700000000000001,12.0,Nearest Neighbor with Euclidean distance <= 0.5°,0.0,0,NONE,DYNAMIC_HORIZON_SCALED,52.0
2023-07-15T00:00:00,2023-07-16 00:00:00,24,22.5726,88.3639,29.8,0.5,7.3,1008.8,56.4,70.6,1.45,0.4,29.9,1.4,7.3,1010.0,0.09999999999999787,0.8999999999999999,0.0,1.2000000000000455,Nearest Neighbor with Euclidean distance <= 0.5°,0.0,0,NONE,DYNAMIC_HORIZON_SCALED,25.0
2023-07-15T00:00:00,2023-07-17 00:00:00,48,22.5726,88.3639,29.7,1.2,5.2,1007.6,58.5,44.0,2.1,0.6,29.8,1.9,5.3,1010.0,0.10000000000000142,0.7,0.09999999999999964,2.3999999999999773,Nearest Neighbor with Euclidean distance <= 0.5°,0.0,0,NONE,DYNAMIC_HORIZON_SCALED,28.0
2023-07-15T00:00:00,2023-07-18 00:00:00,72,22.5726,88.3639,29.5,6.3,4.6,1006.4,73.8,35.8,2.75,0.8,29.7,6.0,4.8,1010.0,0.1999999999999993,0.2999999999999998,0.20000000000000018,3.6000000000000227,Nearest Neighbor with Euclidean distance <= 0.5°,0.0,0,NONE,DYNAMIC_HORIZON_SCALED,31.0
2023-07-15T00:00:00,2023-07-19 00:00:00,96,22.5726,88.3639,29.3,42.0,14.5,1005.2,84.8,55.5,3.8,2.4,29.7,8.9,6.2,1010.0,0.3999999999999986,33.1,8.3,4.7999999999999545,Nearest Neighbor with Euclidean distance <= 0.5°,0.0,0,NONE,DYNAMIC_HORIZON_SCALED,34.0
2023-07-15T00:00:00,2023-07-20 00:00:00,120,22.5726,88.3639,29.1,21.5,9.7,1004.0,78.7,80.4,4.05,1.2,29.6,7.3,8.0,1010.0,0.5,14.2,1.6999999999999993,6.0,Nearest Neighbor with Euclidean distance <= 0.5°,0.0,0,NONE,DYNAMIC_HORIZON_SCALED,37.0
2023-07-15T00:00:00,2023-07-21 00:00:00,144,22.5726,88.3639,29.0,22.0,6.5,1002.8,62.6,81.8,4.7,1.4,29.5,3.0,8.1,1010.0,0.5,19.0,1.5999999999999996,7.2000000000000455,Nearest Neighbor with Euclidean distance <= 0.5°,0.0,0,NONE,DYNAMIC_HORIZON_SCALED,40.0
2023-07-15T00:00:00,2023-07-22 00:00:00,168,22.5726,88.3639,28.8,14.4,5.0,1001.6,55.0,58.1,5.35,1.6,35.5,76.0,18.5,1010.0,6.699999999999999,61.6,13.5,8.399999999999977,Nearest Neighbor with Euclidean distance <= 0.5°,0.0,1,MODERATE,DYNAMIC_HORIZON_SCALED,43.0
2023-07-15T00:00:00,2023-07-23 00:00:00,192,22.5726,88.3639,28.6,7.5,6.9,1000.4,64.7,36.6,6.0,1.8,29.3,3.6,4.8,1010.0,0.6999999999999993,3.9,2.1000000000000005,9.600000000000023,Nearest Neighbor with Euclidean distance <= 0.5°,0.0,0,NONE,DYNAMIC_HORIZON_SCALED,46.0
2023-07-15T00:00:00,2023-07-24 00:00:00,216,22.5726,88.3639,28.5,9.3,10.1,999.2,80.4,42.1,6.65,2.0,29.2,7.8,5.2,1010.0,0.6999999999999993,1.5000000000000009,4.8999999999999995,10.799999999999955,Nearest Neighbor with Euclidean distance <= 0.5°,0.0,0,NONE,DYNAMIC_HORIZON_SCALED,49.0
2023-07-15T00:00:00,2023-07-25 00:00:00,240,22.5726,88.3639,28.3,17.6,10.8,998.0,84.2,68.1,7.3,2.2,29.2,8.8,7.1,1010.0,0.8999999999999986,8.8,3.700000000000001,12.0,Nearest Neighbor with Euclidean distance <= 0.5°,0.0,0,NONE,DYNAMIC_HORIZON_SCALED,52.0
2023-07-15T00:00:00,2023-07-16 00:00:00,24,17.385,78.4867,29.8,0.5,7.3,1008.8,56.4,70.6,1.45,0.4,29.9,1.4,7.3,1010.0,0.09999999999999787,0.8999999999999999,0.0,1.2000000000000455,Nearest Neighbor with Euclidean distance <= 0.5°,0.0,0,NONE,DYNAMIC_HORIZON_SCALED,25.0
2023-07-15T00:00:00,2023-07-17 00:00:00,48,17.385,78.4867,29.7,1.2,5.2,1007.6,58.5,44.0,2.1,0.6,29.8,1.9,5.3,1010.0,0.10000000000000142,0.7,0.09999999999999964,2.3999999999999773,Nearest Neighbor with Euclidean distance <= 0.5°,0.0,0,NONE,DYNAMIC_HORIZON_SCALED,28.0
2023-07-15T00:00:00,2023-07-18 00:00:00,72,17.385,78.4867,29.5,6.3,4.6,1006.4,73.8,35.8,2.75,0.8,29.7,6.0,4.8,1010.0,0.1999999999999993,0.2999999999999998,0.20000000000000018,3.6000000000000227,Nearest Neighbor with Euclidean distance <= 0.5°,0.0,0,NONE,DYNAMIC_HORIZON_SCALED,31.0
2023-07-15T00:00:00,2023-07-19 00:00:00,96,17.385,78.4867,29.3,42.0,14.5,1005.2,84.8,55.5,3.8,2.4,25.5,72.0,17.5,1010.0,3.8000000000000007,30.0,3.0,4.7999999999999545,Nearest Neighbor with Euclidean distance <= 0.5°,0.0,0,NONE,DYNAMIC_HORIZON_SCALED,34.0
2023-07-15T00:00:00,2023-07-20 00:00:00,120,17.385,78.4867,29.1,21.5,9.7,1004.0,78.7,80.4,4.05,1.2,29.6,7.3,8.0,1010.0,0.5,14.2,1.6999999999999993,6.0,Nearest Neighbor with Euclidean distance <= 0.5°,0.0,0,NONE,DYNAMIC_HORIZON_SCALED,37.0
2023-07-15T00:00:00,2023-07-21 00:00:00,144,17.385,78.4867,29.0,22.0,6.5,1002.8,62.6,81.8,4.7,1.4,29.5,3.0,8.1,1010.0,0.5,19.0,1.5999999999999996,7.2000000000000455,Nearest Neighbor with Euclidean distance <= 0.5°,0.0,0,NONE,DYNAMIC_HORIZON_SCALED,40.0
2023-07-15T00:00:00,2023-07-22 00:00:00,168,17.385,78.4867,28.8,14.4,5.0,1001.6,55.0,58.1,5.35,1.6,29.4,1.0,6.4,1010.0,0.5999999999999979,13.4,1.4000000000000004,8.399999999999977,Nearest Neighbor with Euclidean distance <= 0.5°,0.0,0,NONE,DYNAMIC_HORIZON_SCALED,43.0
2023-07-15T00:00:00,2023-07-23 00:00:00,192,17.385,78.4867,28.6,7.5,6.9,1000.4,64.7,36.6,6.0,1.8,25.5,68.0,19.5,1010.0,3.1000000000000014,60.5,12.6,9.600000000000023,Nearest Neighbor with Euclidean distance <= 0.5°,0.0,1,MODERATE,DYNAMIC_HORIZON_SCALED,46.0
2023-07-15T00:00:00,2023-07-24 00:00:00,216,17.385,78.4867,28.5,9.3,10.1,999.2,80.4,42.1,6.65,2.0,29.2,7.8,5.2,1010.0,0.6999999999999993,1.5000000000000009,4.8999999999999995,10.799999999999955,Nearest Neighbor with Euclidean distance <= 0.5°,0.0,0,NONE,DYNAMIC_HORIZON_SCALED,49.0
2023-07-15T00:00:00,2023-07-25 00:00:00,240,17.385,78.4867,28.3,17.6,10.8,998.0,84.2,68.1,7.3,2.2,29.2,8.8,7.1,1010.0,0.8999999999999986,8.8,3.700000000000001,12.0,Nearest Neighbor with Euclidean distance <= 0.5°,0.0,0,NONE,DYNAMIC_HORIZON_SCALED,52.0
2023-07-15T00:00:00,2023-07-16 00:00:00,24,23.0225,72.5714,31.8,0.5,7.3,1008.8,56.4,70.6,1.45,0.4,29.9,1.4,7.3,1010.0,1.9000000000000021,0.8999999999999999,0.0,1.2000000000000455,Nearest Neighbor with Euclidean distance <= 0.5°,0.0,0,NONE,DYNAMIC_HORIZON_SCALED,25.0
2023-07-15T00:00:00,2023-07-17 00:00:00,48,23.0225,72.5714,31.7,1.2,5.2,1007.6,58.5,44.0,2.1,0.6,29.8,1.9,5.3,1010.0,1.8999999999999986,0.7,0.09999999999999964,2.3999999999999773,Nearest Neighbor with Euclidean distance <= 0.5°,0.0,0,NONE,DYNAMIC_HORIZON_SCALED,28.0
2023-07-15T00:00:00,2023-07-18 00:00:00,72,23.0225,72.5714,31.5,6.3,4.6,1006.4,73.8,35.8,2.75,0.8,29.7,6.0,4.8,1010.0,1.8000000000000007,0.2999999999999998,0.20000000000000018,3.6000000000000227,Nearest Neighbor with Euclidean distance <= 0.5°,0.0,0,NONE,DYNAMIC_HORIZON_SCALED,31.0
2023-07-15T00:00:00,2023-07-19 00:00:00,96,23.0225,72.5714,31.3,42.0,14.5,1005.2,84.8,55.5,3.8,2.4,25.5,76.0,21.5,1010.0,5.800000000000001,34.0,7.0,4.7999999999999545,Nearest Neighbor with Euclidean distance <= 0.5°,0.0,1,MODERATE,DYNAMIC_HORIZON_SCALED,34.0
2023-07-15T00:00:00,2023-07-20 00:00:00,120,23.0225,72.5714,31.1,21.5,9.7,1004.0,78.7,80.4,4.05,1.2,29.6,7.3,8.0,1010.0,1.5,14.2,1.6999999999999993,6.0,Nearest Neighbor with Euclidean distance <= 0.5°,0.0,0,NONE,DYNAMIC_HORIZON_SCALED,37.0
2023-07-15T00:00:00,2023-07-21 00:00:00,144,23.0225,72.5714,31.0,22.0,6.5,1002.8,62.6,81.8,4.7,1.4,29.5,3.0,8.1,1010.0,1.5,19.0,1.5999999999999996,7.2000000000000455,Nearest Neighbor with Euclidean distance <= 0.5°,0.0,0,NONE,DYNAMIC_HORIZON_SCALED,40.0
2023-07-15T00:00:00,2023-07-22 00:00:00,168,23.0225,72.5714,30.8,14.4,5.0,1001.6,55.0,58.1,5.35,1.6,29.4,1.0,6.4,1010.0,1.4000000000000021,13.4,1.4000000000000004,8.399999999999977,Nearest Neighbor with Euclidean distance <= 0.5°,0.0,0,NONE,DYNAMIC_HORIZON_SCALED,43.0
2023-07-15T00:00:00,2023-07-23 00:00:00,192,23.0225,72.5714,30.6,7.5,6.9,1000.4,64.7,36.6,6.0,1.8,25.5,72.0,17.5,1010.0,5.100000000000001,64.5,10.6,9.600000000000023,Nearest Neighbor with Euclidean distance <= 0.5°,0.0,1,MODERATE,DYNAMIC_HORIZON_SCALED,46.0
2023-07-15T00:00:00,2023-07-24 00:00:00,216,23.0225,72.5714,30.5,9.3,10.1,999.2,80.4,42.1,6.65,2.0,29.2,7.8,5.2,1010.0,1.3000000000000007,1.5000000000000009,4.8999999999999995,10.799999999999955,Nearest Neighbor with Euclidean distance <= 0.5°,0.0,0,NONE,DYNAMIC_HORIZON_SCALED,49.0
2023-07-15T00:00:00,2023-07-25 00:00:00,240,23.0225,72.5714,30.3,17.6,10.8,998.0,84.2,68.1,7.3,2.2,29.2,8.8,7.1,1010.0,1.1000000000000014,8.8,3.700000000000001,12.0,Nearest Neighbor with Euclidean distance <= 0.5°,0.0,0,NONE,DYNAMIC_HORIZON_SCALED,52.0
2023-07-15T00:00:00,2023-07-16 00:00:00,24,26.9124,75.7873,29.8,0.5,7.3,1008.8,56.4,70.6,1.45,0.4,29.9,1.4,7.3,1010.0,0.09999999999999787,0.8999999999999999,0.0,1.2000000000000455,Nearest Neighbor with Euclidean distance <= 0.5°,0.0,0,NONE,DYNAMIC_HORIZON_SCALED,25.0
2023-07-15T00:00:00,2023-07-17 00:00:00,48,26.9124,75.7873,29.7,1.2,5.2,1007.6,58.5,44.0,2.1,0.6,29.8,1.9,5.3,1010.0,0.10000000000000142,0.7,0.09999999999999964,2.3999999999999773,Nearest Neighbor with Euclidean distance <= 0.5°,0.0,0,NONE,DYNAMIC_HORIZON_SCALED,28.0
2023-07-15T00:00:00,2023-07-18 00:00:00,72,26.9124,75.7873,29.5,6.3,4.6,1006.4,73.8,35.8,2.75,0.8,29.7,6.0,4.8,1010.0,0.1999999999999993,0.2999999999999998,0.20000000000000018,3.6000000000000227,Nearest Neighbor with Euclidean distance <= 0.5°,0.0,0,NONE,DYNAMIC_HORIZON_SCALED,31.0
2023-07-15T00:00:00,2023-07-19 00:00:00,96,26.9124,75.7873,29.3,42.0,14.5,1005.2,84.8,55.5,3.8,2.4,29.7,8.9,6.2,1010.0,0.3999999999999986,33.1,8.3,4.7999999999999545,Nearest Neighbor with Euclidean distance <= 0.5°,0.0,0,NONE,DYNAMIC_HORIZON_SCALED,34.0
2023-07-15T00:00:00,2023-07-20 00:00:00,120,26.9124,75.7873,29.1,21.5,9.7,1004.0,78.7,80.4,4.05,1.2,29.6,7.3,8.0,1010.0,0.5,14.2,1.6999999999999993,6.0,Nearest Neighbor with Euclidean distance <= 0.5°,0.0,0,NONE,DYNAMIC_HORIZON_SCALED,37.0
2023-07-15T00:00:00,2023-07-21 00:00:00,144,26.9124,75.7873,29.0,22.0,6.5,1002.8,62.6,81.8,4.7,1.4,29.5,3.0,8.1,1010.0,0.5,19.0,1.5999999999999996,7.2000000000000455,Nearest Neighbor with Euclidean distance <= 0.5°,0.0,0,NONE,DYNAMIC_HORIZON_SCALED,40.0
2023-07-15T00:00:00,2023-07-22 00:00:00,168,26.9124,75.7873,28.8,14.4,5.0,1001.6,55.0,58.1,5.35,1.6,25.5,70.0,21.5,1010.0,3.3000000000000007,55.6,16.5,8.399999999999977,Nearest Neighbor with Euclidean distance <= 0.5°,0.0,1,MODERATE,DYNAMIC_HORIZON_SCALED,43.0
2023-07-15T00:00:00,2023-07-23 00:00:00,192,26.9124,75.7873,28.6,7.5,6.9,1000.4,64.7,36.6,6.0,1.8,29.3,3.6,4.8,1010.0,0.6999999999999993,3.9,2.1000000000000005,9.600000000000023,Nearest Neighbor with Euclidean distance <= 0.5°,0.0,0,NONE,DYNAMIC_HORIZON_SCALED,46.0
2023-07-15T00:00:00,2023-07-24 00:00:00,216,26.9124,75.7873,28.5,9.3,10.1,999.2,80.4,42.1,6.65,2.0,29.2,7.8,5.2,1010.0,0.6999999999999993,1.5000000000000009,4.8999999999999995,10.799999999999955,Nearest Neighbor with Euclidean distance <= 0.5°,0.0,0,NONE,DYNAMIC_HORIZON_SCALED,49.0
2023-07-15T00:00:00,2023-07-25 00:00:00,240,26.9124,75.7873,28.3,17.6,10.8,998.0,84.2,68.1,7.3,2.2,29.2,8.8,7.1,1010.0,0.8999999999999986,8.8,3.700000000000001,12.0,Nearest Neighbor with Euclidean distance <= 0.5°,0.0,0,NONE,DYNAMIC_HORIZON_SCALED,52.0
2023-07-15T00:00:00,2023-07-16 00:00:00,24,31.1048,77.1734,19.8,0.5,7.3,948.8,56.4,70.6,1.45,0.4,19.9,1.4,7.3,950.0,0.09999999999999787,0.8999999999999999,0.0,1.2000000000000455,Nearest Neighbor with Euclidean distance <= 0.5°,0.0,0,NONE,DYNAMIC_HORIZON_SCALED,25.0
2023-07-15T00:00:00,2023-07-17 00:00:00,48,31.1048,77.1734,19.7,1.2,5.2,947.6,58.5,44.0,2.1,0.6,19.8,1.9,5.3,950.0,0.10000000000000142,0.7,0.09999999999999964,2.3999999999999773,Nearest Neighbor with Euclidean distance <= 0.5°,0.0,0,NONE,DYNAMIC_HORIZON_SCALED,28.0
2023-07-15T00:00:00,2023-07-18 00:00:00,72,31.1048,77.1734,19.5,6.3,4.6,946.4,73.8,35.8,2.75,0.8,19.7,6.0,4.8,950.0,0.1999999999999993,0.2999999999999998,0.20000000000000018,3.6000000000000227,Nearest Neighbor with Euclidean distance <= 0.5°,0.0,0,NONE,DYNAMIC_HORIZON_SCALED,31.0
2023-07-15T00:00:00,2023-07-19 00:00:00,96,31.1048,77.1734,19.3,42.0,14.5,945.2,84.8,55.5,3.8,2.4,19.7,8.9,6.2,950.0,0.3999999999999986,33.1,8.3,4.7999999999999545,Nearest Neighbor with Euclidean distance <= 0.5°,0.0,0,NONE,DYNAMIC_HORIZON_SCALED,34.0
2023-07-15T00:00:00,2023-07-20 00:00:00,120,31.1048,77.1734,19.1,21.5,9.7,944.0,78.7,80.4,4.05,1.2,25.5,70.0,18.5,950.0,6.399999999999999,48.5,8.8,6.0,Nearest Neighbor with Euclidean distance <= 0.5°,0.0,1,MODERATE,DYNAMIC_HORIZON_SCALED,37.0
2023-07-15T00:00:00,2023-07-21 00:00:00,144,31.1048,77.1734,19.0,22.0,6.5,942.8,62.6,81.8,4.7,1.4,19.5,3.0,8.1,950.0,0.5,19.0,1.5999999999999996,7.2000000000000455,Nearest Neighbor with Euclidean distance <= 0.5°,0.0,0,NONE,DYNAMIC_HORIZON_SCALED,40.0
2023-07-15T00:00:00,2023-07-22 00:00:00,168,31.1048,77.1734,18.8,14.4,5.0,941.6,55.0,58.1,5.35,1.6,19.4,1.0,6.4,950.0,0.5999999999999979,13.4,1.4000000000000004,8.399999999999977,Nearest Neighbor with Euclidean distance <= 0.5°,0.0,0,NONE,DYNAMIC_HORIZON_SCALED,43.0
2023-07-15T00:00:00,2023-07-23 00:00:00,192,31.1048,77.1734,18.6,7.5,6.9,940.4,64.7,36.6,6.0,1.8,19.3,3.6,4.8,950.0,0.6999999999999993,3.9,2.1000000000000005,9.600000000000023,Nearest Neighbor with Euclidean distance <= 0.5°,0.0,0,NONE,DYNAMIC_HORIZON_SCALED,46.0
2023-07-15T00:00:00,2023-07-24 00:00:00,216,31.1048,77.1734,18.5,9.3,10.1,939.2,80.4,42.1,6.65,2.0,19.2,7.8,5.2,950.0,0.6999999999999993,1.5000000000000009,4.8999999999999995,10.799999999999955,Nearest Neighbor with Euclidean distance <= 0.5°,0.0,0,NONE,DYNAMIC_HORIZON_SCALED,49.0
2023-07-15T00:00:00,2023-07-25 00:00:00,240,31.1048,77.1734,18.3,17.6,10.8,938.0,84.2,68.1,7.3,2.2,19.2,8.8,7.1,950.0,0.8999999999999986,8.8,3.700000000000001,12.0,Nearest Neighbor with Euclidean distance <= 0.5°,0.0,0,NONE,DYNAMIC_HORIZON_SCALED,52.0
2023-07-15T00:00:00,2023-07-16 00:00:00,24,26.1445,91.7362,29.8,0.5,7.3,1008.8,56.4,70.6,1.45,0.4,29.9,1.4,7.3,1010.0,0.09999999999999787,0.8999999999999999,0.0,1.2000000000000455,Nearest Neighbor with Euclidean distance <= 0.5°,0.0,0,NONE,DYNAMIC_HORIZON_SCALED,25.0
2023-07-15T00:00:00,2023-07-17 00:00:00,48,26.1445,91.7362,29.7,1.2,5.2,1007.6,58.5,44.0,2.1,0.6,29.8,1.9,5.3,1010.0,0.10000000000000142,0.7,0.09999999999999964,2.3999999999999773,Nearest Neighbor with Euclidean distance <= 0.5°,0.0,0,NONE,DYNAMIC_HORIZON_SCALED,28.0
2023-07-15T00:00:00,2023-07-18 00:00:00,72,26.1445,91.7362,29.5,6.3,4.6,1006.4,73.8,35.8,2.75,0.8,29.7,6.0,4.8,1010.0,0.1999999999999993,0.2999999999999998,0.20000000000000018,3.6000000000000227,Nearest Neighbor with Euclidean distance <= 0.5°,0.0,0,NONE,DYNAMIC_HORIZON_SCALED,31.0
2023-07-15T00:00:00,2023-07-19 00:00:00,96,26.1445,91.7362,29.3,42.0,14.5,1005.2,84.8,55.5,3.8,2.4,25.5,80.0,19.5,1010.0,3.8000000000000007,38.0,5.0,4.7999999999999545,Nearest Neighbor with Euclidean distance <= 0.5°,0.0,1,MODERATE,DYNAMIC_HORIZON_SCALED,34.0
2023-07-15T00:00:00,2023-07-20 00:00:00,120,26.1445,91.7362,29.1,21.5,9.7,1004.0,78.7,80.4,4.05,1.2,29.6,7.3,8.0,1010.0,0.5,14.2,1.6999999999999993,6.0,Nearest Neighbor with Euclidean distance <= 0.5°,0.0,0,NONE,DYNAMIC_HORIZON_SCALED,37.0
2023-07-15T00:00:00,2023-07-21 00:00:00,144,26.1445,91.7362,29.0,22.0,6.5,1002.8,62.6,81.8,4.7,1.4,29.5,3.0,8.1,1010.0,0.5,19.0,1.5999999999999996,7.2000000000000455,Nearest Neighbor with Euclidean distance <= 0.5°,0.0,0,NONE,DYNAMIC_HORIZON_SCALED,40.0
2023-07-15T00:00:00,2023-07-22 00:00:00,168,26.1445,91.7362,28.8,14.4,5.0,1001.6,55.0,58.1,5.35,1.6,29.4,1.0,6.4,1010.0,0.5999999999999979,13.4,1.4000000000000004,8.399999999999977,Nearest Neighbor with Euclidean distance <= 0.5°,0.0,0,NONE,DYNAMIC_HORIZON_SCALED,43.0
2023-07-15T00:00:00,2023-07-23 00:00:00,192,26.1445,91.7362,28.6,7.5,6.9,1000.4,64.7,36.6,6.0,1.8,25.5,76.0,21.5,1010.0,3.1000000000000014,68.5,14.6,9.600000000000023,Nearest Neighbor with Euclidean distance <= 0.5°,0.0,1,MODERATE,DYNAMIC_HORIZON_SCALED,46.0
2023-07-15T00:00:00,2023-07-24 00:00:00,216,26.1445,91.7362,28.5,9.3,10.1,999.2,80.4,42.1,6.65,2.0,29.2,7.8,5.2,1010.0,0.6999999999999993,1.5000000000000009,4.8999999999999995,10.799999999999955,Nearest Neighbor with Euclidean distance <= 0.5°,0.0,0,NONE,DYNAMIC_HORIZON_SCALED,49.0
2023-07-15T00:00:00,2023-07-25 00:00:00,240,26.1445,91.7362,28.3,17.6,10.8,998.0,84.2,68.1,7.3,2.2,29.2,8.8,7.1,1010.0,0.8999999999999986,8.8,3.700000000000001,12.0,Nearest Neighbor with Euclidean distance <= 0.5°,0.0,0,NONE,DYNAMIC_HORIZON_SCALED,52.0
2023-07-15T00:00:00,2023-07-16 00:00:00,24,34.0837,74.7973,19.8,0.5,7.3,948.8,56.4,70.6,1.45,0.4,19.9,1.4,7.3,950.0,0.09999999999999787,0.8999999999999999,0.0,1.2000000000000455,Nearest Neighbor with Euclidean distance <= 0.5°,0.0,0,NONE,DYNAMIC_HORIZON_SCALED,25.0
2023-07-15T00:00:00,2023-07-17 00:00:00,48,34.0837,74.7973,19.7,1.2,5.2,947.6,58.5,44.0,2.1,0.6,19.8,1.9,5.3,950.0,0.10000000000000142,0.7,0.09999999999999964,2.3999999999999773,Nearest Neighbor with Euclidean distance <= 0.5°,0.0,0,NONE,DYNAMIC_HORIZON_SCALED,28.0
2023-07-15T00:00:00,2023-07-18 00:00:00,72,34.0837,74.7973,19.5,6.3,4.6,946.4,73.8,35.8,2.75,0.8,19.7,6.0,4.8,950.0,0.1999999999999993,0.2999999999999998,0.20000000000000018,3.6000000000000227,Nearest Neighbor with Euclidean distance <= 0.5°,0.0,0,NONE,DYNAMIC_HORIZON_SCALED,31.0
2023-07-15T00:00:00,2023-07-19 00:00:00,96,34.0837,74.7973,19.3,42.0,14.5,945.2,84.8,55.5,3.8,2.4,19.7,8.9,6.2,950.0,0.3999999999999986,33.1,8.3,4.7999999999999545,Nearest Neighbor with Euclidean distance <= 0.5°,0.0,0,NONE,DYNAMIC_HORIZON_SCALED,34.0
2023-07-15T00:00:00,2023-07-20 00:00:00,120,34.0837,74.7973,19.1,21.5,9.7,944.0,78.7,80.4,4.05,1.2,19.6,7.3,8.0,950.0,0.5,14.2,1.6999999999999993,6.0,Nearest Neighbor with Euclidean distance <= 0.5°,0.0,0,NONE,DYNAMIC_HORIZON_SCALED,37.0
2023-07-15T00:00:00,2023-07-21 00:00:00,144,34.0837,74.7973,19.0,22.0,6.5,942.8,62.6,81.8,4.7,1.4,19.5,3.0,8.1,950.0,0.5,19.0,1.5999999999999996,7.2000000000000455,Nearest Neighbor with Euclidean distance <= 0.5°,0.0,0,NONE,DYNAMIC_HORIZON_SCALED,40.0
2023-07-15T00:00:00,2023-07-22 00:00:00,168,34.0837,74.7973,18.8,14.4,5.0,941.6,55.0,58.1,5.35,1.6,15.5,77.0,16.5,950.0,3.3000000000000007,62.6,11.5,8.399999999999977,Nearest Neighbor with Euclidean distance <= 0.5°,0.0,1,MODERATE,DYNAMIC_HORIZON_SCALED,43.0
2023-07-15T00:00:00,2023-07-23 00:00:00,192,34.0837,74.7973,18.6,7.5,6.9,940.4,64.7,36.6,6.0,1.8,19.3,3.6,4.8,950.0,0.6999999999999993,3.9,2.1000000000000005,9.600000000000023,Nearest Neighbor with Euclidean distance <= 0.5°,0.0,0,NONE,DYNAMIC_HORIZON_SCALED,46.0
2023-07-15T00:00:00,2023-07-24 00:00:00,216,34.0837,74.7973,18.5,9.3,10.1,939.2,80.4,42.1,6.65,2.0,19.2,7.8,5.2,950.0,0.6999999999999993,1.5000000000000009,4.8999999999999995,10.799999999999955,Nearest Neighbor with Euclidean distance <= 0.5°,0.0,0,NONE,DYNAMIC_HORIZON_SCALED,49.0
2023-07-15T00:00:00,2023-07-25 00:00:00,240,34.0837,74.7973,18.3,17.6,10.8,938.0,84.2,68.1,7.3,2.2,19.2,8.8,7.1,950.0,0.8999999999999986,8.8,3.700000000000001,12.0,Nearest Neighbor with Euclidean distance <= 0.5°,0.0,0,NONE,DYNAMIC_HORIZON_SCALED,52.0
2023-07-15T00:00:00,2023-07-16 00:00:00,24,8.5241,76.9366,29.8,0.5,7.3,1008.8,56.4,70.6,1.45,0.4,29.9,1.4,7.3,1010.0,0.09999999999999787,0.8999999999999999,0.0,1.2000000000000455,Nearest Neighbor with Euclidean distance <= 0.5°,0.0,0,NONE,DYNAMIC_HORIZON_SCALED,25.0
2023-07-15T00:00:00,2023-07-17 00:00:00,48,8.5241,76.9366,29.7,1.2,5.2,1007.6,58.5,44.0,2.1,0.6,29.8,1.9,5.3,1010.0,0.10000000000000142,0.7,0.09999999999999964,2.3999999999999773,Nearest Neighbor with Euclidean distance <= 0.5°,0.0,0,NONE,DYNAMIC_HORIZON_SCALED,28.0
2023-07-15T00:00:00,2023-07-18 00:00:00,72,8.5241,76.9366,29.5,6.3,4.6,1006.4,73.8,35.8,2.75,0.8,29.7,6.0,4.8,1010.0,0.1999999999999993,0.2999999999999998,0.20000000000000018,3.6000000000000227,Nearest Neighbor with Euclidean distance <= 0.5°,0.0,0,NONE,DYNAMIC_HORIZON_SCALED,31.0
2023-07-15T00:00:00,2023-07-19 00:00:00,96,8.5241,76.9366,29.3,42.0,14.5,1005.2,84.8,55.5,3.8,2.4,25.5,70.0,21.5,1010.0,3.8000000000000007,28.0,7.0,4.7999999999999545,Nearest Neighbor with Euclidean distance <= 0.5°,0.0,0,NONE,DYNAMIC_HORIZON_SCALED,34.0
2023-07-15T00:00:00,2023-07-20 00:00:00,120,8.5241,76.9366,29.1,21.5,9.7,1004.0,78.7,80.4,4.05,1.2,29.6,7.3,8.0,1010.0,0.5,14.2,1.6999999999999993,6.0,Nearest Neighbor with Euclidean distance <= 0.5°,0.0,0,NONE,DYNAMIC_HORIZON_SCALED,37.0
2023-07-15T00:00:00,2023-07-21 00:00:00,144,8.5241,76.9366,29.0,22.0,6.5,1002.8,62.6,81.8,4.7,1.4,29.5,3.0,8.1,1010.0,0.5,19.0,1.5999999999999996,7.2000000000000455,Nearest Neighbor with Euclidean distance <= 0.5°,0.0,0,NONE,DYNAMIC_HORIZON_SCALED,40.0
2023-07-15T00:00:00,2023-07-22 00:00:00,168,8.5241,76.9366,28.8,14.4,5.0,1001.6,55.0,58.1,5.35,1.6,29.4,1.0,6.4,1010.0,0.5999999999999979,13.4,1.4000000000000004,8.399999999999977,Nearest Neighbor with Euclidean distance <= 0.5°,0.0,0,NONE,DYNAMIC_HORIZON_SCALED,43.0
2023-07-15T00:00:00,2023-07-23 00:00:00,192,8.5241,76.9366,28.6,7.5,6.9,1000.4,64.7,36.6,6.0,1.8,35.5,81.0,17.5,1010.0,6.899999999999999,73.5,10.6,9.600000000000023,Nearest Neighbor with Euclidean distance <= 0.5°,0.0,1,SEVERE,DYNAMIC_HORIZON_SCALED,46.0
2023-07-15T00:00:00,2023-07-24 00:00:00,216,8.5241,76.9366,28.5,9.3,10.1,999.2,80.4,42.1,6.65,2.0,29.2,7.8,5.2,1010.0,0.6999999999999993,1.5000000000000009,4.8999999999999995,10.799999999999955,Nearest Neighbor with Euclidean distance <= 0.5°,0.0,0,NONE,DYNAMIC_HORIZON_SCALED,49.0
2023-07-15T00:00:00,2023-07-25 00:00:00,240,8.5241,76.9366,28.3,17.6,10.8,998.0,84.2,68.1,7.3,2.2,29.2,8.8,7.1,1010.0,0.8999999999999986,8.8,3.700000000000001,12.0,Nearest Neighbor with Euclidean distance <= 0.5°,0.0,0,NONE,DYNAMIC_HORIZON_SCALED,52.0
2023-07-15T00:00:00,2023-07-16 00:00:00,24,20.2961,85.8245,31.8,0.5,7.3,1008.8,56.4,70.6,1.45,0.4,29.9,1.4,7.3,1010.0,1.9000000000000021,0.8999999999999999,0.0,1.2000000000000455,Nearest Neighbor with Euclidean distance <= 0.5°,0.0,0,NONE,DYNAMIC_HORIZON_SCALED,25.0
2023-07-15T00:00:00,2023-07-17 00:00:00,48,20.2961,85.8245,31.7,1.2,5.2,1007.6,58.5,44.0,2.1,0.6,29.8,1.9,5.3,1010.0,1.8999999999999986,0.7,0.09999999999999964,2.3999999999999773,Nearest Neighbor with Euclidean distance <= 0.5°,0.0,0,NONE,DYNAMIC_HORIZON_SCALED,28.0
2023-07-15T00:00:00,2023-07-18 00:00:00,72,20.2961,85.8245,31.5,6.3,4.6,1006.4,73.8,35.8,2.75,0.8,29.7,6.0,4.8,1010.0,1.8000000000000007,0.2999999999999998,0.20000000000000018,3.6000000000000227,Nearest Neighbor with Euclidean distance <= 0.5°,0.0,0,NONE,DYNAMIC_HORIZON_SCALED,31.0
2023-07-15T00:00:00,2023-07-19 00:00:00,96,20.2961,85.8245,31.3,42.0,14.5,1005.2,84.8,55.5,3.8,2.4,29.7,8.9,6.2,1010.0,1.6000000000000014,33.1,8.3,4.7999999999999545,Nearest Neighbor with Euclidean distance <= 0.5°,0.0,0,NONE,DYNAMIC_HORIZON_SCALED,34.0
2023-07-15T00:00:00,2023-07-20 00:00:00,120,20.2961,85.8245,31.1,21.5,9.7,1004.0,78.7,80.4,4.05,1.2,35.5,75.0,17.5,1010.0,4.399999999999999,53.5,7.800000000000001,6.0,Nearest Neighbor with Euclidean distance <= 0.5°,0.0,1,MODERATE,DYNAMIC_HORIZON_SCALED,37.0
2023-07-15T00:00:00,2023-07-21 00:00:00,144,20.2961,85.8245,31.0,22.0,6.5,1002.8,62.6,81.8,4.7,1.4,29.5,3.0,8.1,1010.0,1.5,19.0,1.5999999999999996,7.2000000000000455,Nearest Neighbor with Euclidean distance <= 0.5°,0.0,0,NONE,DYNAMIC_HORIZON_SCALED,40.0
2023-07-15T00:00:00,2023-07-22 00:00:00,168,20.2961,85.8245,30.8,14.4,5.0,1001.6,55.0,58.1,5.35,1.6,29.4,1.0,6.4,1010.0,1.4000000000000021,13.4,1.4000000000000004,8.399999999999977,Nearest Neighbor with Euclidean distance <= 0.5°,0.0,0,NONE,DYNAMIC_HORIZON_SCALED,43.0
2023-07-15T00:00:00,2023-07-23 00:00:00,192,20.2961,85.8245,30.6,7.5,6.9,1000.4,64.7,36.6,6.0,1.8,29.3,3.6,4.8,1010.0,1.3000000000000007,3.9,2.1000000000000005,9.600000000000023,Nearest Neighbor with Euclidean distance <= 0.5°,0.0,0,NONE,DYNAMIC_HORIZON_SCALED,46.0
2023-07-15T00:00:00,2023-07-24 00:00:00,216,20.2961,85.8245,30.5,9.3,10.1,999.2,80.4,42.1,6.65,2.0,29.2,7.8,5.2,1010.0,1.3000000000000007,1.5000000000000009,4.8999999999999995,10.799999999999955,Nearest Neighbor with Euclidean distance <= 0.5°,0.0,0,NONE,DYNAMIC_HORIZON_SCALED,49.0
2023-07-15T00:00:00,2023-07-25 00:00:00,240,20.2961,85.8245,30.3,17.6,10.8,998.0,84.2,68.1,7.3,2.2,29.2,8.8,7.1,1010.0,1.1000000000000014,8.8,3.700000000000001,12.0,Nearest Neighbor with Euclidean distance <= 0.5°,0.0,0,NONE,DYNAMIC_HORIZON_SCALED,52.0
2023-07-15T00:00:00,2023-07-16 00:00:00,24,23.2599,77.4126,29.8,0.5,7.3,1008.8,56.4,70.6,1.45,0.4,29.9,1.4,7.3,1010.0,0.09999999999999787,0.8999999999999999,0.0,1.2000000000000455,Nearest Neighbor with Euclidean distance <= 0.5°,0.0,0,NONE,DYNAMIC_HORIZON_SCALED,25.0
2023-07-15T00:00:00,2023-07-17 00:00:00,48,23.2599,77.4126,29.7,1.2,5.2,1007.6,58.5,44.0,2.1,0.6,29.8,1.9,5.3,1010.0,0.10000000000000142,0.7,0.09999999999999964,2.3999999999999773,Nearest Neighbor with Euclidean distance <= 0.5°,0.0,0,NONE,DYNAMIC_HORIZON_SCALED,28.0
2023-07-15T00:00:00,2023-07-18 00:00:00,72,23.2599,77.4126,29.5,6.3,4.6,1006.4,73.8,35.8,2.75,0.8,29.7,6.0,4.8,1010.0,0.1999999999999993,0.2999999999999998,0.20000000000000018,3.6000000000000227,Nearest Neighbor with Euclidean distance <= 0.5°,0.0,0,NONE,DYNAMIC_HORIZON_SCALED,31.0
2023-07-15T00:00:00,2023-07-19 00:00:00,96,23.2599,77.4126,29.3,42.0,14.5,1005.2,84.8,55.5,3.8,2.4,29.7,8.9,6.2,1010.0,0.3999999999999986,33.1,8.3,4.7999999999999545,Nearest Neighbor with Euclidean distance <= 0.5°,0.0,0,NONE,DYNAMIC_HORIZON_SCALED,34.0
2023-07-15T00:00:00,2023-07-20 00:00:00,120,23.2599,77.4126,29.1,21.5,9.7,1004.0,78.7,80.4,4.05,1.2,25.5,73.0,18.5,1010.0,3.6000000000000014,51.5,8.8,6.0,Nearest Neighbor with Euclidean distance <= 0.5°,0.0,1,MODERATE,DYNAMIC_HORIZON_SCALED,37.0
2023-07-15T00:00:00,2023-07-21 00:00:00,144,23.2599,77.4126,29.0,22.0,6.5,1002.8,62.6,81.8,4.7,1.4,29.5,3.0,8.1,1010.0,0.5,19.0,1.5999999999999996,7.2000000000000455,Nearest Neighbor with Euclidean distance <= 0.5°,0.0,0,NONE,DYNAMIC_HORIZON_SCALED,40.0
2023-07-15T00:00:00,2023-07-22 00:00:00,168,23.2599,77.4126,28.8,14.4,5.0,1001.6,55.0,58.1,5.35,1.6,29.4,1.0,6.4,1010.0,0.5999999999999979,13.4,1.4000000000000004,8.399999999999977,Nearest Neighbor with Euclidean distance <= 0.5°,0.0,0,NONE,DYNAMIC_HORIZON_SCALED,43.0
2023-07-15T00:00:00,2023-07-23 00:00:00,192,23.2599,77.4126,28.6,7.5,6.9,1000.4,64.7,36.6,6.0,1.8,29.3,3.6,4.8,1010.0,0.6999999999999993,3.9,2.1000000000000005,9.600000000000023,Nearest Neighbor with Euclidean distance <= 0.5°,0.0,0,NONE,DYNAMIC_HORIZON_SCALED,46.0
2023-07-15T00:00:00,2023-07-24 00:00:00,216,23.2599,77.4126,28.5,9.3,10.1,999.2,80.4,42.1,6.65,2.0,29.2,7.8,5.2,1010.0,0.6999999999999993,1.5000000000000009,4.8999999999999995,10.799999999999955,Nearest Neighbor with Euclidean distance <= 0.5°,0.0,0,NONE,DYNAMIC_HORIZON_SCALED,49.0
2023-07-15T00:00:00,2023-07-25 00:00:00,240,23.2599,77.4126,28.3,17.6,10.8,998.0,84.2,68.1,7.3,2.2,29.2,8.8,7.1,1010.0,0.8999999999999986,8.8,3.700000000000001,12.0,Nearest Neighbor with Euclidean distance <= 0.5°,0.0,0,NONE,DYNAMIC_HORIZON_SCALED,52.0
2023-07-15T00:00:00,2023-07-16 00:00:00,24,17.6868,83.2185,29.8,0.5,7.3,1008.8,56.4,70.6,1.45,0.4,29.9,1.4,7.3,1010.0,0.09999999999999787,0.8999999999999999,0.0,1.2000000000000455,Nearest Neighbor with Euclidean distance <= 0.5°,0.0,0,NONE,DYNAMIC_HORIZON_SCALED,25.0
2023-07-15T00:00:00,2023-07-17 00:00:00,48,17.6868,83.2185,29.7,1.2,5.2,1007.6,58.5,44.0,2.1,0.6,29.8,1.9,5.3,1010.0,0.10000000000000142,0.7,0.09999999999999964,2.3999999999999773,Nearest Neighbor with Euclidean distance <= 0.5°,0.0,0,NONE,DYNAMIC_HORIZON_SCALED,28.0
2023-07-15T00:00:00,2023-07-18 00:00:00,72,17.6868,83.2185,29.5,6.3,4.6,1006.4,73.8,35.8,2.75,0.8,29.7,6.0,4.8,1010.0,0.1999999999999993,0.2999999999999998,0.20000000000000018,3.6000000000000227,Nearest Neighbor with Euclidean distance <= 0.5°,0.0,0,NONE,DYNAMIC_HORIZON_SCALED,31.0
2023-07-15T00:00:00,2023-07-19 00:00:00,96,17.6868,83.2185,29.3,42.0,14.5,1005.2,84.8,55.5,3.8,2.4,29.7,8.9,6.2,1010.0,0.3999999999999986,33.1,8.3,4.7999999999999545,Nearest Neighbor with Euclidean distance <= 0.5°,0.0,0,NONE,DYNAMIC_HORIZON_SCALED,34.0
2023-07-15T00:00:00,2023-07-20 00:00:00,120,17.6868,83.2185,29.1,21.5,9.7,1004.0,78.7,80.4,4.05,1.2,25.5,73.0,18.5,1010.0,3.6000000000000014,51.5,8.8,6.0,Nearest Neighbor with Euclidean distance <= 0.5°,0.0,1,MODERATE,DYNAMIC_HORIZON_SCALED,37.0
2023-07-15T00:00:00,2023-07-21 00:00:00,144,17.6868,83.2185,29.0,22.0,6.5,1002.8,62.6,81.8,4.7,1.4,29.5,3.0,8.1,1010.0,0.5,19.0,1.5999999999999996,7.2000000000000455,Nearest Neighbor with Euclidean distance <= 0.5°,0.0,0,NONE,DYNAMIC_HORIZON_SCALED,40.0
2023-07-15T00:00:00,2023-07-22 00:00:00,168,17.6868,83.2185,28.8,14.4,5.0,1001.6,55.0,58.1,5.35,1.6,29.4,1.0,6.4,1010.0,0.5999999999999979,13.4,1.4000000000000004,8.399999999999977,Nearest Neighbor with Euclidean distance <= 0.5°,0.0,0,NONE,DYNAMIC_HORIZON_SCALED,43.0
2023-07-15T00:00:00,2023-07-23 00:00:00,192,17.6868,83.2185,28.6,7.5,6.9,1000.4,64.7,36.6,6.0,1.8,29.3,3.6,4.8,1010.0,0.6999999999999993,3.9,2.1000000000000005,9.600000000000023,Nearest Neighbor with Euclidean distance <= 0.5°,0.0,0,NONE,DYNAMIC_HORIZON_SCALED,46.0
2023-07-15T00:00:00,2023-07-24 00:00:00,216,17.6868,83.2185,28.5,9.3,10.1,999.2,80.4,42.1,6.65,2.0,29.2,7.8,5.2,1010.0,0.6999999999999993,1.5000000000000009,4.8999999999999995,10.799999999999955,Nearest Neighbor with Euclidean distance <= 0.5°,0.0,0,NONE,DYNAMIC_HORIZON_SCALED,49.0
2023-07-15T00:00:00,2023-07-25 00:00:00,240,17.6868,83.2185,28.3,17.6,10.8,998.0,84.2,68.1,7.3,2.2,29.2,8.8,7.1,1010.0,0.8999999999999986,8.8,3.700000000000001,12.0,Nearest Neighbor with Euclidean distance <= 0.5°,0.0,0,NONE,DYNAMIC_HORIZON_SCALED,52.0
2023-07-15T00:00:00,2023-07-16 00:00:00,24,25.5941,85.1376,31.8,0.5,7.3,1008.8,56.4,70.6,1.45,0.4,29.9,1.4,7.3,1010.0,1.9000000000000021,0.8999999999999999,0.0,1.2000000000000455,Nearest Neighbor with Euclidean distance <= 0.5°,0.0,0,NONE,DYNAMIC_HORIZON_SCALED,25.0
2023-07-15T00:00:00,2023-07-17 00:00:00,48,25.5941,85.1376,31.7,1.2,5.2,1007.6,58.5,44.0,2.1,0.6,29.8,1.9,5.3,1010.0,1.8999999999999986,0.7,0.09999999999999964,2.3999999999999773,Nearest Neighbor with Euclidean distance <= 0.5°,0.0,0,NONE,DYNAMIC_HORIZON_SCALED,28.0
2023-07-15T00:00:00,2023-07-18 00:00:00,72,25.5941,85.1376,31.5,6.3,4.6,1006.4,73.8,35.8,2.75,0.8,29.7,6.0,4.8,1010.0,1.8000000000000007,0.2999999999999998,0.20000000000000018,3.6000000000000227,Nearest Neighbor with Euclidean distance <= 0.5°,0.0,0,NONE,DYNAMIC_HORIZON_SCALED,31.0
2023-07-15T00:00:00,2023-07-19 00:00:00,96,25.5941,85.1376,31.3,42.0,14.5,1005.2,84.8,55.5,3.8,2.4,35.5,74.0,16.5,1010.0,4.199999999999999,32.0,2.0,4.7999999999999545,Nearest Neighbor with Euclidean distance <= 0.5°,0.0,0,NONE,DYNAMIC_HORIZON_SCALED,34.0
2023-07-15T00:00:00,2023-07-20 00:00:00,120,25.5941,85.1376,31.1,21.5,9.7,1004.0,78.7,80.4,4.05,1.2,25.5,68.0,16.5,1010.0,5.600000000000001,46.5,6.800000000000001,6.0,Nearest Neighbor with Euclidean distance <= 0.5°,0.0,1,MODERATE,DYNAMIC_HORIZON_SCALED,37.0
2023-07-15T00:00:00,2023-07-21 00:00:00,144,25.5941,85.1376,31.0,22.0,6.5,1002.8,62.6,81.8,4.7,1.4,29.5,3.0,8.1,1010.0,1.5,19.0,1.5999999999999996,7.2000000000000455,Nearest Neighbor with Euclidean distance <= 0.5°,0.0,0,NONE,DYNAMIC_HORIZON_SCALED,40.0
2023-07-15T00:00:00,2023-07-22 00:00:00,168,25.5941,85.1376,30.8,14.4,5.0,1001.6,55.0,58.1,5.35,1.6,29.4,1.0,6.4,1010.0,1.4000000000000021,13.4,1.4000000000000004,8.399999999999977,Nearest Neighbor with Euclidean distance <= 0.5°,0.0,0,NONE,DYNAMIC_HORIZON_SCALED,43.0
2023-07-15T00:00:00,2023-07-23 00:00:00,192,25.5941,85.1376,30.6,7.5,6.9,1000.4,64.7,36.6,6.0,1.8,35.5,70.0,18.5,1010.0,4.899999999999999,62.5,11.6,9.600000000000023,Nearest Neighbor with Euclidean distance <= 0.5°,0.0,1,MODERATE,DYNAMIC_HORIZON_SCALED,46.0
2023-07-15T00:00:00,2023-07-24 00:00:00,216,25.5941,85.1376,30.5,9.3,10.1,999.2,80.4,42.1,6.65,2.0,29.2,7.8,5.2,1010.0,1.3000000000000007,1.5000000000000009,4.8999999999999995,10.799999999999955,Nearest Neighbor with Euclidean distance <= 0.5°,0.0,0,NONE,DYNAMIC_HORIZON_SCALED,49.0
2023-07-15T00:00:00,2023-07-25 00:00:00,240,25.5941,85.1376,30.3,17.6,10.8,998.0,84.2,68.1,7.3,2.2,29.2,8.8,7.1,1010.0,1.1000000000000014,8.8,3.700000000000001,12.0,Nearest Neighbor with Euclidean distance <= 0.5°,0.0,0,NONE,DYNAMIC_HORIZON_SCALED,52.0
2023-07-15T00:00:00,2023-07-16 00:00:00,24,26.8467,80.9462,31.8,0.5,7.3,1008.8,56.4,70.6,1.45,0.4,29.9,1.4,7.3,1010.0,1.9000000000000021,0.8999999999999999,0.0,1.2000000000000455,Nearest Neighbor with Euclidean distance <= 0.5°,0.0,0,NONE,DYNAMIC_HORIZON_SCALED,25.0
2023-07-15T00:00:00,2023-07-17 00:00:00,48,26.8467,80.9462,31.7,1.2,5.2,1007.6,58.5,44.0,2.1,0.6,29.8,1.9,5.3,1010.0,1.8999999999999986,0.7,0.09999999999999964,2.3999999999999773,Nearest Neighbor with Euclidean distance <= 0.5°,0.0,0,NONE,DYNAMIC_HORIZON_SCALED,28.0
2023-07-15T00:00:00,2023-07-18 00:00:00,72,26.8467,80.9462,31.5,6.3,4.6,1006.4,73.8,35.8,2.75,0.8,29.7,6.0,4.8,1010.0,1.8000000000000007,0.2999999999999998,0.20000000000000018,3.6000000000000227,Nearest Neighbor with Euclidean distance <= 0.5°,0.0,0,NONE,DYNAMIC_HORIZON_SCALED,31.0
2023-07-15T00:00:00,2023-07-19 00:00:00,96,26.8467,80.9462,31.3,42.0,14.5,1005.2,84.8,55.5,3.8,2.4,29.7,8.9,6.2,1010.0,1.6000000000000014,33.1,8.3,4.7999999999999545,Nearest Neighbor with Euclidean distance <= 0.5°,0.0,0,NONE,DYNAMIC_HORIZON_SCALED,34.0
2023-07-15T00:00:00,2023-07-20 00:00:00,120,26.8467,80.9462,31.1,21.5,9.7,1004.0,78.7,80.4,4.05,1.2,35.5,82.0,18.5,1010.0,4.399999999999999,60.5,8.8,6.0,Nearest Neighbor with Euclidean distance <= 0.5°,0.0,1,SEVERE,DYNAMIC_HORIZON_SCALED,37.0
2023-07-15T00:00:00,2023-07-21 00:00:00,144,26.8467,80.9462,31.0,22.0,6.5,1002.8,62.6,81.8,4.7,1.4,29.5,3.0,8.1,1010.0,1.5,19.0,1.5999999999999996,7.2000000000000455,Nearest Neighbor with Euclidean distance <= 0.5°,0.0,0,NONE,DYNAMIC_HORIZON_SCALED,40.0
2023-07-15T00:00:00,2023-07-22 00:00:00,168,26.8467,80.9462,30.8,14.4,5.0,1001.6,55.0,58.1,5.35,1.6,29.4,1.0,6.4,1010.0,1.4000000000000021,13.4,1.4000000000000004,8.399999999999977,Nearest Neighbor with Euclidean distance <= 0.5°,0.0,0,NONE,DYNAMIC_HORIZON_SCALED,43.0
2023-07-15T00:00:00,2023-07-23 00:00:00,192,26.8467,80.9462,30.6,7.5,6.9,1000.4,64.7,36.6,6.0,1.8,29.3,3.6,4.8,1010.0,1.3000000000000007,3.9,2.1000000000000005,9.600000000000023,Nearest Neighbor with Euclidean distance <= 0.5°,0.0,0,NONE,DYNAMIC_HORIZON_SCALED,46.0
2023-07-15T00:00:00,2023-07-24 00:00:00,216,26.8467,80.9462,30.5,9.3,10.1,999.2,80.4,42.1,6.65,2.0,29.2,7.8,5.2,1010.0,1.3000000000000007,1.5000000000000009,4.8999999999999995,10.799999999999955,Nearest Neighbor with Euclidean distance <= 0.5°,0.0,0,NONE,DYNAMIC_HORIZON_SCALED,49.0
2023-07-15T00:00:00,2023-07-25 00:00:00,240,26.8467,80.9462,30.3,17.6,10.8,998.0,84.2,68.1,7.3,2.2,29.2,8.8,7.1,1010.0,1.1000000000000014,8.8,3.700000000000001,12.0,Nearest Neighbor with Euclidean distance <= 0.5°,0.0,0,NONE,DYNAMIC_HORIZON_SCALED,52.0
2023-07-15T00:00:00,2023-07-16 00:00:00,24,21.1458,79.0882,29.8,0.5,7.3,1008.8,56.4,70.6,1.45,0.4,29.9,1.4,7.3,1010.0,0.09999999999999787,0.8999999999999999,0.0,1.2000000000000455,Nearest Neighbor with Euclidean distance <= 0.5°,0.0,0,NONE,DYNAMIC_HORIZON_SCALED,25.0
2023-07-15T00:00:00,2023-07-17 00:00:00,48,21.1458,79.0882,29.7,1.2,5.2,1007.6,58.5,44.0,2.1,0.6,29.8,1.9,5.3,1010.0,0.10000000000000142,0.7,0.09999999999999964,2.3999999999999773,Nearest Neighbor with Euclidean distance <= 0.5°,0.0,0,NONE,DYNAMIC_HORIZON_SCALED,28.0
2023-07-15T00:00:00,2023-07-18 00:00:00,72,21.1458,79.0882,29.5,6.3,4.6,1006.4,73.8,35.8,2.75,0.8,29.7,6.0,4.8,1010.0,0.1999999999999993,0.2999999999999998,0.20000000000000018,3.6000000000000227,Nearest Neighbor with Euclidean distance <= 0.5°,0.0,0,NONE,DYNAMIC_HORIZON_SCALED,31.0
2023-07-15T00:00:00,2023-07-19 00:00:00,96,21.1458,79.0882,29.3,42.0,14.5,1005.2,84.8,55.5,3.8,2.4,35.5,69.0,17.5,1010.0,6.199999999999999,27.0,3.0,4.7999999999999545,Nearest Neighbor with Euclidean distance <= 0.5°,0.0,1,MODERATE,DYNAMIC_HORIZON_SCALED,34.0
2023-07-15T00:00:00,2023-07-20 00:00:00,120,21.1458,79.0882,29.1,21.5,9.7,1004.0,78.7,80.4,4.05,1.2,25.5,78.0,17.5,1010.0,3.6000000000000014,56.5,7.800000000000001,6.0,Nearest Neighbor with Euclidean distance <= 0.5°,0.0,1,SEVERE,DYNAMIC_HORIZON_SCALED,37.0
2023-07-15T00:00:00,2023-07-21 00:00:00,144,21.1458,79.0882,29.0,22.0,6.5,1002.8,62.6,81.8,4.7,1.4,29.5,3.0,8.1,1010.0,0.5,19.0,1.5999999999999996,7.2000000000000455,Nearest Neighbor with Euclidean distance <= 0.5°,0.0,0,NONE,DYNAMIC_HORIZON_SCALED,40.0
2023-07-15T00:00:00,2023-07-22 00:00:00,168,21.1458,79.0882,28.8,14.4,5.0,1001.6,55.0,58.1,5.35,1.6,29.4,1.0,6.4,1010.0,0.5999999999999979,13.4,1.4000000000000004,8.399999999999977,Nearest Neighbor with Euclidean distance <= 0.5°,0.0,0,NONE,DYNAMIC_HORIZON_SCALED,43.0
2023-07-15T00:00:00,2023-07-23 00:00:00,192,21.1458,79.0882,28.6,7.5,6.9,1000.4,64.7,36.6,6.0,1.8,29.3,3.6,4.8,1010.0,0.6999999999999993,3.9,2.1000000000000005,9.600000000000023,Nearest Neighbor with Euclidean distance <= 0.5°,0.0,0,NONE,DYNAMIC_HORIZON_SCALED,46.0
2023-07-15T00:00:00,2023-07-24 00:00:00,216,21.1458,79.0882,28.5,9.3,10.1,999.2,80.4,42.1,6.65,2.0,29.2,7.8,5.2,1010.0,0.6999999999999993,1.5000000000000009,4.8999999999999995,10.799999999999955,Nearest Neighbor with Euclidean distance <= 0.5°,0.0,0,NONE,DYNAMIC_HORIZON_SCALED,49.0
2023-07-15T00:00:00,2023-07-25 00:00:00,240,21.1458,79.0882,28.3,17.6,10.8,998.0,84.2,68.1,7.3,2.2,29.2,8.8,7.1,1010.0,0.8999999999999986,8.8,3.700000000000001,12.0,Nearest Neighbor with Euclidean distance <= 0.5°,0.0,0,NONE,DYNAMIC_HORIZON_SCALED,52.0
2023-07-15T00:00:00,2023-07-16 00:00:00,24,30.3165,78.0322,19.8,0.5,7.3,948.8,56.4,70.6,1.45,0.4,19.9,1.4,7.3,950.0,0.09999999999999787,0.8999999999999999,0.0,1.2000000000000455,Nearest Neighbor with Euclidean distance <= 0.5°,0.0,0,NONE,DYNAMIC_HORIZON_SCALED,25.0
2023-07-15T00:00:00,2023-07-17 00:00:00,48,30.3165,78.0322,19.7,1.2,5.2,947.6,58.5,44.0,2.1,0.6,19.8,1.9,5.3,950.0,0.10000000000000142,0.7,0.09999999999999964,2.3999999999999773,Nearest Neighbor with Euclidean distance <= 0.5°,0.0,0,NONE,DYNAMIC_HORIZON_SCALED,28.0
2023-07-15T00:00:00,2023-07-18 00:00:00,72,30.3165,78.0322,19.5,6.3,4.6,946.4,73.8,35.8,2.75,0.8,19.7,6.0,4.8,950.0,0.1999999999999993,0.2999999999999998,0.20000000000000018,3.6000000000000227,Nearest Neighbor with Euclidean distance <= 0.5°,0.0,0,NONE,DYNAMIC_HORIZON_SCALED,31.0
2023-07-15T00:00:00,2023-07-19 00:00:00,96,30.3165,78.0322,19.3,42.0,14.5,945.2,84.8,55.5,3.8,2.4,25.5,75.0,17.5,950.0,6.199999999999999,33.0,3.0,4.7999999999999545,Nearest Neighbor with Euclidean distance <= 0.5°,0.0,1,MODERATE,DYNAMIC_HORIZON_SCALED,34.0
2023-07-15T00:00:00,2023-07-20 00:00:00,120,30.3165,78.0322,19.1,21.5,9.7,944.0,78.7,80.4,4.05,1.2,15.5,69.0,17.5,950.0,3.6000000000000014,47.5,7.800000000000001,6.0,Nearest Neighbor with Euclidean distance <= 0.5°,0.0,1,MODERATE,DYNAMIC_HORIZON_SCALED,37.0
2023-07-15T00:00:00,2023-07-21 00:00:00,144,30.3165,78.0322,19.0,22.0,6.5,942.8,62.6,81.8,4.7,1.4,19.5,3.0,8.1,950.0,0.5,19.0,1.5999999999999996,7.2000000000000455,Nearest Neighbor with Euclidean distance <= 0.5°,0.0,0,NONE,DYNAMIC_HORIZON_SCALED,40.0
2023-07-15T00:00:00,2023-07-22 00:00:00,168,30.3165,78.0322,18.8,14.4,5.0,941.6,55.0,58.1,5.35,1.6,19.4,1.0,6.4,950.0,0.5999999999999979,13.4,1.4000000000000004,8.399999999999977,Nearest Neighbor with Euclidean distance <= 0.5°,0.0,0,NONE,DYNAMIC_HORIZON_SCALED,43.0
2023-07-15T00:00:00,2023-07-23 00:00:00,192,30.3165,78.0322,18.6,7.5,6.9,940.4,64.7,36.6,6.0,1.8,25.5,71.0,19.5,950.0,6.899999999999999,63.5,12.6,9.600000000000023,Nearest Neighbor with Euclidean distance <= 0.5°,0.0,1,MODERATE,DYNAMIC_HORIZON_SCALED,46.0
2023-07-15T00:00:00,2023-07-24 00:00:00,216,30.3165,78.0322,18.5,9.3,10.1,939.2,80.4,42.1,6.65,2.0,19.2,7.8,5.2,950.0,0.6999999999999993,1.5000000000000009,4.8999999999999995,10.799999999999955,Nearest Neighbor with Euclidean distance <= 0.5°,0.0,0,NONE,DYNAMIC_HORIZON_SCALED,49.0
2023-07-15T00:00:00,2023-07-25 00:00:00,240,30.3165,78.0322,18.3,17.6,10.8,938.0,84.2,68.1,7.3,2.2,19.2,8.8,7.1,950.0,0.8999999999999986,8.8,3.700000000000001,12.0,Nearest Neighbor with Euclidean distance <= 0.5°,0.0,0,NONE,DYNAMIC_HORIZON_SCALED,52.0
2023-07-15T00:00:00,2023-07-16 00:00:00,24,23.3441,85.3096,31.8,0.5,7.3,1008.8,56.4,70.6,1.45,0.4,29.9,1.4,7.3,1010.0,1.9000000000000021,0.8999999999999999,0.0,1.2000000000000455,Nearest Neighbor with Euclidean distance <= 0.5°,0.0,0,NONE,DYNAMIC_HORIZON_SCALED,25.0
2023-07-15T00:00:00,2023-07-17 00:00:00,48,23.3441,85.3096,31.7,1.2,5.2,1007.6,58.5,44.0,2.1,0.6,29.8,1.9,5.3,1010.0,1.8999999999999986,0.7,0.09999999999999964,2.3999999999999773,Nearest Neighbor with Euclidean distance <= 0.5°,0.0,0,NONE,DYNAMIC_HORIZON_SCALED,28.0
2023-07-15T00:00:00,2023-07-18 00:00:00,72,23.3441,85.3096,31.5,6.3,4.6,1006.4,73.8,35.8,2.75,0.8,29.7,6.0,4.8,1010.0,1.8000000000000007,0.2999999999999998,0.20000000000000018,3.6000000000000227,Nearest Neighbor with Euclidean distance <= 0.5°,0.0,0,NONE,DYNAMIC_HORIZON_SCALED,31.0
2023-07-15T00:00:00,2023-07-19 00:00:00,96,23.3441,85.3096,31.3,42.0,14.5,1005.2,84.8,55.5,3.8,2.4,29.7,8.9,6.2,1010.0,1.6000000000000014,33.1,8.3,4.7999999999999545,Nearest Neighbor with Euclidean distance <= 0.5°,0.0,0,NONE,DYNAMIC_HORIZON_SCALED,34.0
2023-07-15T00:00:00,2023-07-20 00:00:00,120,23.3441,85.3096,31.1,21.5,9.7,1004.0,78.7,80.4,4.05,1.2,35.5,75.0,17.5,1010.0,4.399999999999999,53.5,7.800000000000001,6.0,Nearest Neighbor with Euclidean distance <= 0.5°,0.0,1,MODERATE,DYNAMIC_HORIZON_SCALED,37.0
2023-07-15T00:00:00,2023-07-21 00:00:00,144,23.3441,85.3096,31.0,22.0,6.5,1002.8,62.6,81.8,4.7,1.4,29.5,3.0,8.1,1010.0,1.5,19.0,1.5999999999999996,7.2000000000000455,Nearest Neighbor with Euclidean distance <= 0.5°,0.0,0,NONE,DYNAMIC_HORIZON_SCALED,40.0
2023-07-15T00:00:00,2023-07-22 00:00:00,168,23.3441,85.3096,30.8,14.4,5.0,1001.6,55.0,58.1,5.35,1.6,29.4,1.0,6.4,1010.0,1.4000000000000021,13.4,1.4000000000000004,8.399999999999977,Nearest Neighbor with Euclidean distance <= 0.5°,0.0,0,NONE,DYNAMIC_HORIZON_SCALED,43.0
2023-07-15T00:00:00,2023-07-23 00:00:00,192,23.3441,85.3096,30.6,7.5,6.9,1000.4,64.7,36.6,6.0,1.8,29.3,3.6,4.8,1010.0,1.3000000000000007,3.9,2.1000000000000005,9.600000000000023,Nearest Neighbor with Euclidean distance <= 0.5°,0.0,0,NONE,DYNAMIC_HORIZON_SCALED,46.0
2023-07-15T00:00:00,2023-07-24 00:00:00,216,23.3441,85.3096,30.5,9.3,10.1,999.2,80.4,42.1,6.65,2.0,29.2,7.8,5.2,1010.0,1.3000000000000007,1.5000000000000009,4.8999999999999995,10.799999999999955,Nearest Neighbor with Euclidean distance <= 0.5°,0.0,0,NONE,DYNAMIC_HORIZON_SCALED,49.0
2023-07-15T00:00:00,2023-07-25 00:00:00,240,23.3441,85.3096,30.3,17.6,10.8,998.0,84.2,68.1,7.3,2.2,29.2,8.8,7.1,1010.0,1.1000000000000014,8.8,3.700000000000001,12.0,Nearest Neighbor with Euclidean distance <= 0.5°,0.0,0,NONE,DYNAMIC_HORIZON_SCALED,52.0
2023-07-15T00:00:00,2023-07-16 00:00:00,24,30.7333,76.7794,19.8,0.5,7.3,948.8,56.4,70.6,1.45,0.4,19.9,1.4,7.3,950.0,0.09999999999999787,0.8999999999999999,0.0,1.2000000000000455,Nearest Neighbor with Euclidean distance <= 0.5°,0.0,0,NONE,DYNAMIC_HORIZON_SCALED,25.0
2023-07-15T00:00:00,2023-07-17 00:00:00,48,30.7333,76.7794,19.7,1.2,5.2,947.6,58.5,44.0,2.1,0.6,19.8,1.9,5.3,950.0,0.10000000000000142,0.7,0.09999999999999964,2.3999999999999773,Nearest Neighbor with Euclidean distance <= 0.5°,0.0,0,NONE,DYNAMIC_HORIZON_SCALED,28.0
2023-07-15T00:00:00,2023-07-18 00:00:00,72,30.7333,76.7794,19.5,6.3,4.6,946.4,73.8,35.8,2.75,0.8,19.7,6.0,4.8,950.0,0.1999999999999993,0.2999999999999998,0.20000000000000018,3.6000000000000227,Nearest Neighbor with Euclidean distance <= 0.5°,0.0,0,NONE,DYNAMIC_HORIZON_SCALED,31.0
2023-07-15T00:00:00,2023-07-19 00:00:00,96,30.7333,76.7794,19.3,42.0,14.5,945.2,84.8,55.5,3.8,2.4,19.7,8.9,6.2,950.0,0.3999999999999986,33.1,8.3,4.7999999999999545,Nearest Neighbor with Euclidean distance <= 0.5°,0.0,0,NONE,DYNAMIC_HORIZON_SCALED,34.0
2023-07-15T00:00:00,2023-07-20 00:00:00,120,30.7333,76.7794,19.1,21.5,9.7,944.0,78.7,80.4,4.05,1.2,19.6,7.3,8.0,950.0,0.5,14.2,1.6999999999999993,6.0,Nearest Neighbor with Euclidean distance <= 0.5°,0.0,0,NONE,DYNAMIC_HORIZON_SCALED,37.0
2023-07-15T00:00:00,2023-07-21 00:00:00,144,30.7333,76.7794,19.0,22.0,6.5,942.8,62.6,81.8,4.7,1.4,19.5,3.0,8.1,950.0,0.5,19.0,1.5999999999999996,7.2000000000000455,Nearest Neighbor with Euclidean distance <= 0.5°,0.0,0,NONE,DYNAMIC_HORIZON_SCALED,40.0
2023-07-15T00:00:00,2023-07-22 00:00:00,168,30.7333,76.7794,18.8,14.4,5.0,941.6,55.0,58.1,5.35,1.6,25.5,77.0,19.5,950.0,6.699999999999999,62.6,14.5,8.399999999999977,Nearest Neighbor with Euclidean distance <= 0.5°,0.0,1,MODERATE,DYNAMIC_HORIZON_SCALED,43.0
2023-07-15T00:00:00,2023-07-23 00:00:00,192,30.7333,76.7794,18.6,7.5,6.9,940.4,64.7,36.6,6.0,1.8,19.3,3.6,4.8,950.0,0.6999999999999993,3.9,2.1000000000000005,9.600000000000023,Nearest Neighbor with Euclidean distance <= 0.5°,0.0,0,NONE,DYNAMIC_HORIZON_SCALED,46.0
2023-07-15T00:00:00,2023-07-24 00:00:00,216,30.7333,76.7794,18.5,9.3,10.1,939.2,80.4,42.1,6.65,2.0,19.2,7.8,5.2,950.0,0.6999999999999993,1.5000000000000009,4.8999999999999995,10.799999999999955,Nearest Neighbor with Euclidean distance <= 0.5°,0.0,0,NONE,DYNAMIC_HORIZON_SCALED,49.0
2023-07-15T00:00:00,2023-07-25 00:00:00,240,30.7333,76.7794,18.3,17.6,10.8,938.0,84.2,68.1,7.3,2.2,19.2,8.8,7.1,950.0,0.8999999999999986,8.8,3.700000000000001,12.0,Nearest Neighbor with Euclidean distance <= 0.5°,0.0,0,NONE,DYNAMIC_HORIZON_SCALED,52.0
2023-07-15T00:00:00,2023-07-16 00:00:00,24,15.4909,73.8278,29.8,0.5,7.3,1008.8,56.4,70.6,1.45,0.4,29.9,1.4,7.3,1010.0,0.09999999999999787,0.8999999999999999,0.0,1.2000000000000455,Nearest Neighbor with Euclidean distance <= 0.5°,0.0,0,NONE,DYNAMIC_HORIZON_SCALED,25.0
2023-07-15T00:00:00,2023-07-17 00:00:00,48,15.4909,73.8278,29.7,1.2,5.2,1007.6,58.5,44.0,2.1,0.6,29.8,1.9,5.3,1010.0,0.10000000000000142,0.7,0.09999999999999964,2.3999999999999773,Nearest Neighbor with Euclidean distance <= 0.5°,0.0,0,NONE,DYNAMIC_HORIZON_SCALED,28.0
2023-07-15T00:00:00,2023-07-18 00:00:00,72,15.4909,73.8278,29.5,6.3,4.6,1006.4,73.8,35.8,2.75,0.8,29.7,6.0,4.8,1010.0,0.1999999999999993,0.2999999999999998,0.20000000000000018,3.6000000000000227,Nearest Neighbor with Euclidean distance <= 0.5°,0.0,0,NONE,DYNAMIC_HORIZON_SCALED,31.0
2023-07-15T00:00:00,2023-07-19 00:00:00,96,15.4909,73.8278,29.3,42.0,14.5,1005.2,84.8,55.5,3.8,2.4,29.7,8.9,6.2,1010.0,0.3999999999999986,33.1,8.3,4.7999999999999545,Nearest Neighbor with Euclidean distance <= 0.5°,0.0,0,NONE,DYNAMIC_HORIZON_SCALED,34.0
2023-07-15T00:00:00,2023-07-20 00:00:00,120,15.4909,73.8278,29.1,21.5,9.7,1004.0,78.7,80.4,4.05,1.2,35.5,75.0,17.5,1010.0,6.399999999999999,53.5,7.800000000000001,6.0,Nearest Neighbor with Euclidean distance <= 0.5°,0.0,1,MODERATE,DYNAMIC_HORIZON_SCALED,37.0
2023-07-15T00:00:00,2023-07-21 00:00:00,144,15.4909,73.8278,29.0,22.0,6.5,1002.8,62.6,81.8,4.7,1.4,29.5,3.0,8.1,1010.0,0.5,19.0,1.5999999999999996,7.2000000000000455,Nearest Neighbor with Euclidean distance <= 0.5°,0.0,0,NONE,DYNAMIC_HORIZON_SCALED,40.0
2023-07-15T00:00:00,2023-07-22 00:00:00,168,15.4909,73.8278,28.8,14.4,5.0,1001.6,55.0,58.1,5.35,1.6,29.4,1.0,6.4,1010.0,0.5999999999999979,13.4,1.4000000000000004,8.399999999999977,Nearest Neighbor with Euclidean distance <= 0.5°,0.0,0,NONE,DYNAMIC_HORIZON_SCALED,43.0
2023-07-15T00:00:00,2023-07-23 00:00:00,192,15.4909,73.8278,28.6,7.5,6.9,1000.4,64.7,36.6,6.0,1.8,29.3,3.6,4.8,1010.0,0.6999999999999993,3.9,2.1000000000000005,9.600000000000023,Nearest Neighbor with Euclidean distance <= 0.5°,0.0,0,NONE,DYNAMIC_HORIZON_SCALED,46.0
2023-07-15T00:00:00,2023-07-24 00:00:00,216,15.4909,73.8278,28.5,9.3,10.1,999.2,80.4,42.1,6.65,2.0,29.2,7.8,5.2,1010.0,0.6999999999999993,1.5000000000000009,4.8999999999999995,10.799999999999955,Nearest Neighbor with Euclidean distance <= 0.5°,0.0,0,NONE,DYNAMIC_HORIZON_SCALED,49.0
2023-07-15T00:00:00,2023-07-25 00:00:00,240,15.4909,73.8278,28.3,17.6,10.8,998.0,84.2,68.1,7.3,2.2,29.2,8.8,7.1,1010.0,0.8999999999999986,8.8,3.700000000000001,12.0,Nearest Neighbor with Euclidean distance <= 0.5°,0.0,0,NONE,DYNAMIC_HORIZON_SCALED,52.0
2023-07-15T00:00:00,2023-07-16 00:00:00,24,25.5788,91.8933,29.8,0.5,7.3,1008.8,56.4,70.6,1.45,0.4,29.9,1.4,7.3,1010.0,0.09999999999999787,0.8999999999999999,0.0,1.2000000000000455,Nearest Neighbor with Euclidean distance <= 0.5°,0.0,0,NONE,DYNAMIC_HORIZON_SCALED,25.0
2023-07-15T00:00:00,2023-07-17 00:00:00,48,25.5788,91.8933,29.7,1.2,5.2,1007.6,58.5,44.0,2.1,0.6,29.8,1.9,5.3,1010.0,0.10000000000000142,0.7,0.09999999999999964,2.3999999999999773,Nearest Neighbor with Euclidean distance <= 0.5°,0.0,0,NONE,DYNAMIC_HORIZON_SCALED,28.0
2023-07-15T00:00:00,2023-07-18 00:00:00,72,25.5788,91.8933,29.5,6.3,4.6,1006.4,73.8,35.8,2.75,0.8,29.7,6.0,4.8,1010.0,0.1999999999999993,0.2999999999999998,0.20000000000000018,3.6000000000000227,Nearest Neighbor with Euclidean distance <= 0.5°,0.0,0,NONE,DYNAMIC_HORIZON_SCALED,31.0
2023-07-15T00:00:00,2023-07-19 00:00:00,96,25.5788,91.8933,29.3,42.0,14.5,1005.2,84.8,55.5,3.8,2.4,29.7,8.9,6.2,1010.0,0.3999999999999986,33.1,8.3,4.7999999999999545,Nearest Neighbor with Euclidean distance <= 0.5°,0.0,0,NONE,DYNAMIC_HORIZON_SCALED,34.0
2023-07-15T00:00:00,2023-07-20 00:00:00,120,25.5788,91.8933,29.1,21.5,9.7,1004.0,78.7,80.4,4.05,1.2,29.6,7.3,8.0,1010.0,0.5,14.2,1.6999999999999993,6.0,Nearest Neighbor with Euclidean distance <= 0.5°,0.0,0,NONE,DYNAMIC_HORIZON_SCALED,37.0
2023-07-15T00:00:00,2023-07-21 00:00:00,144,25.5788,91.8933,29.0,22.0,6.5,1002.8,62.6,81.8,4.7,1.4,29.5,3.0,8.1,1010.0,0.5,19.0,1.5999999999999996,7.2000000000000455,Nearest Neighbor with Euclidean distance <= 0.5°,0.0,0,NONE,DYNAMIC_HORIZON_SCALED,40.0
2023-07-15T00:00:00,2023-07-22 00:00:00,168,25.5788,91.8933,28.8,14.4,5.0,1001.6,55.0,58.1,5.35,1.6,29.4,1.0,6.4,1010.0,0.5999999999999979,13.4,1.4000000000000004,8.399999999999977,Nearest Neighbor with Euclidean distance <= 0.5°,0.0,0,NONE,DYNAMIC_HORIZON_SCALED,43.0
2023-07-15T00:00:00,2023-07-23 00:00:00,192,25.5788,91.8933,28.6,7.5,6.9,1000.4,64.7,36.6,6.0,1.8,29.3,3.6,4.8,1010.0,0.6999999999999993,3.9,2.1000000000000005,9.600000000000023,Nearest Neighbor with Euclidean distance <= 0.5°,0.0,0,NONE,DYNAMIC_HORIZON_SCALED,46.0
2023-07-15T00:00:00,2023-07-24 00:00:00,216,25.5788,91.8933,28.5,9.3,10.1,999.2,80.4,42.1,6.65,2.0,29.2,7.8,5.2,1010.0,0.6999999999999993,1.5000000000000009,4.8999999999999995,10.799999999999955,Nearest Neighbor with Euclidean distance <= 0.5°,0.0,0,NONE,DYNAMIC_HORIZON_SCALED,49.0
2023-07-15T00:00:00,2023-07-25 00:00:00,240,25.5788,91.8933,28.3,17.6,10.8,998.0,84.2,68.1,7.3,2.2,29.2,8.8,7.1,1010.0,0.8999999999999986,8.8,3.700000000000001,12.0,Nearest Neighbor with Euclidean distance <= 0.5°,0.0,0,NONE,DYNAMIC_HORIZON_SCALED,52.0
2024-04-10T00:00:00,2024-04-11 00:00:00,24,18.5204,73.8567,29.8,0.5,7.3,1008.8,56.4,70.6,1.45,0.4,29.9,1.4,7.3,1010.0,0.09999999999999787,0.8999999999999999,0.0,1.2000000000000455,Nearest Neighbor with Euclidean distance <= 0.5°,0.0,0,NONE,DYNAMIC_HORIZON_SCALED,25.0
2024-04-10T00:00:00,2024-04-12 00:00:00,48,18.5204,73.8567,29.7,1.2,5.2,1007.6,58.5,44.0,2.1,0.6,29.8,1.9,5.3,1010.0,0.10000000000000142,0.7,0.09999999999999964,2.3999999999999773,Nearest Neighbor with Euclidean distance <= 0.5°,0.0,0,NONE,DYNAMIC_HORIZON_SCALED,28.0
2024-04-10T00:00:00,2024-04-13 00:00:00,72,18.5204,73.8567,29.5,6.3,4.6,1006.4,73.8,35.8,2.75,0.8,29.7,6.0,4.8,1010.0,0.1999999999999993,0.2999999999999998,0.20000000000000018,3.6000000000000227,Nearest Neighbor with Euclidean distance <= 0.5°,0.0,0,NONE,DYNAMIC_HORIZON_SCALED,31.0
2024-04-10T00:00:00,2024-04-14 00:00:00,96,18.5204,73.8567,29.3,42.0,14.5,1005.2,84.8,55.5,3.8,2.4,29.7,8.9,6.2,1010.0,0.3999999999999986,33.1,8.3,4.7999999999999545,Nearest Neighbor with Euclidean distance <= 0.5°,0.0,0,NONE,DYNAMIC_HORIZON_SCALED,34.0
2024-04-10T00:00:00,2024-04-15 00:00:00,120,18.5204,73.8567,29.1,21.5,9.7,1004.0,78.7,80.4,4.05,1.2,35.5,78.0,20.5,1010.0,6.399999999999999,56.5,10.8,6.0,Nearest Neighbor with Euclidean distance <= 0.5°,0.0,1,SEVERE,DYNAMIC_HORIZON_SCALED,37.0
2024-04-10T00:00:00,2024-04-16 00:00:00,144,18.5204,73.8567,29.0,22.0,6.5,1002.8,62.6,81.8,4.7,1.4,29.5,3.0,8.1,1010.0,0.5,19.0,1.5999999999999996,7.2000000000000455,Nearest Neighbor with Euclidean distance <= 0.5°,0.0,0,NONE,DYNAMIC_HORIZON_SCALED,40.0
2024-04-10T00:00:00,2024-04-17 00:00:00,168,18.5204,73.8567,28.8,14.4,5.0,1001.6,55.0,58.1,5.35,1.6,29.4,1.0,6.4,1010.0,0.5999999999999979,13.4,1.4000000000000004,8.399999999999977,Nearest Neighbor with Euclidean distance <= 0.5°,0.0,0,NONE,DYNAMIC_HORIZON_SCALED,43.0
2024-04-10T00:00:00,2024-04-18 00:00:00,192,18.5204,73.8567,28.6,7.5,6.9,1000.4,64.7,36.6,6.0,1.8,29.3,3.6,4.8,1010.0,0.6999999999999993,3.9,2.1000000000000005,9.600000000000023,Nearest Neighbor with Euclidean distance <= 0.5°,0.0,0,NONE,DYNAMIC_HORIZON_SCALED,46.0
2024-04-10T00:00:00,2024-04-19 00:00:00,216,18.5204,73.8567,28.5,9.3,10.1,999.2,80.4,42.1,6.65,2.0,29.2,7.8,5.2,1010.0,0.6999999999999993,1.5000000000000009,4.8999999999999995,10.799999999999955,Nearest Neighbor with Euclidean distance <= 0.5°,0.0,0,NONE,DYNAMIC_HORIZON_SCALED,49.0
2024-04-10T00:00:00,2024-04-20 00:00:00,240,18.5204,73.8567,28.3,17.6,10.8,998.0,84.2,68.1,7.3,2.2,29.2,8.8,7.1,1010.0,0.8999999999999986,8.8,3.700000000000001,12.0,Nearest Neighbor with Euclidean distance <= 0.5°,0.0,0,NONE,DYNAMIC_HORIZON_SCALED,52.0
2024-04-10T00:00:00,2024-04-11 00:00:00,24,28.6139,77.209,29.8,0.5,7.3,1008.8,56.4,70.6,1.45,0.4,29.9,1.4,7.3,1010.0,0.09999999999999787,0.8999999999999999,0.0,1.2000000000000455,Nearest Neighbor with Euclidean distance <= 0.5°,0.0,0,NONE,DYNAMIC_HORIZON_SCALED,25.0
2024-04-10T00:00:00,2024-04-12 00:00:00,48,28.6139,77.209,29.7,1.2,5.2,1007.6,58.5,44.0,2.1,0.6,29.8,1.9,5.3,1010.0,0.10000000000000142,0.7,0.09999999999999964,2.3999999999999773,Nearest Neighbor with Euclidean distance <= 0.5°,0.0,0,NONE,DYNAMIC_HORIZON_SCALED,28.0
2024-04-10T00:00:00,2024-04-13 00:00:00,72,28.6139,77.209,29.5,6.3,4.6,1006.4,73.8,35.8,2.75,0.8,29.7,6.0,4.8,1010.0,0.1999999999999993,0.2999999999999998,0.20000000000000018,3.6000000000000227,Nearest Neighbor with Euclidean distance <= 0.5°,0.0,0,NONE,DYNAMIC_HORIZON_SCALED,31.0
2024-04-10T00:00:00,2024-04-14 00:00:00,96,28.6139,77.209,29.3,42.0,14.5,1005.2,84.8,55.5,3.8,2.4,25.5,82.0,21.5,1010.0,3.8000000000000007,40.0,7.0,4.7999999999999545,Nearest Neighbor with Euclidean distance <= 0.5°,0.0,1,MODERATE,DYNAMIC_HORIZON_SCALED,34.0
2024-04-10T00:00:00,2024-04-15 00:00:00,120,28.6139,77.209,29.1,21.5,9.7,1004.0,78.7,80.4,4.05,1.2,29.6,7.3,8.0,1010.0,0.5,14.2,1.6999999999999993,6.0,Nearest Neighbor with Euclidean distance <= 0.5°,0.0,0,NONE,DYNAMIC_HORIZON_SCALED,37.0
2024-04-10T00:00:00,2024-04-16 00:00:00,144,28.6139,77.209,29.0,22.0,6.5,1002.8,62.6,81.8,4.7,1.4,29.5,3.0,8.1,1010.0,0.5,19.0,1.5999999999999996,7.2000000000000455,Nearest Neighbor with Euclidean distance <= 0.5°,0.0,0,NONE,DYNAMIC_HORIZON_SCALED,40.0
2024-04-10T00:00:00,2024-04-17 00:00:00,168,28.6139,77.209,28.8,14.4,5.0,1001.6,55.0,58.1,5.35,1.6,35.5,69.0,17.5,1010.0,6.699999999999999,54.6,12.5,8.399999999999977,Nearest Neighbor with Euclidean distance <= 0.5°,0.0,1,MODERATE,DYNAMIC_HORIZON_SCALED,43.0
2024-04-10T00:00:00,2024-04-18 00:00:00,192,28.6139,77.209,28.6,7.5,6.9,1000.4,64.7,36.6,6.0,1.8,25.5,78.0,17.5,1010.0,3.1000000000000014,70.5,10.6,9.600000000000023,Nearest Neighbor with Euclidean distance <= 0.5°,0.0,1,SEVERE,DYNAMIC_HORIZON_SCALED,46.0
2024-04-10T00:00:00,2024-04-19 00:00:00,216,28.6139,77.209,28.5,9.3,10.1,999.2,80.4,42.1,6.65,2.0,29.2,7.8,5.2,1010.0,0.6999999999999993,1.5000000000000009,4.8999999999999995,10.799999999999955,Nearest Neighbor with Euclidean distance <= 0.5°,0.0,0,NONE,DYNAMIC_HORIZON_SCALED,49.0
2024-04-10T00:00:00,2024-04-20 00:00:00,240,28.6139,77.209,28.3,17.6,10.8,998.0,84.2,68.1,7.3,2.2,29.2,8.8,7.1,1010.0,0.8999999999999986,8.8,3.700000000000001,12.0,Nearest Neighbor with Euclidean distance <= 0.5°,0.0,0,NONE,DYNAMIC_HORIZON_SCALED,52.0
2024-04-10T00:00:00,2024-04-11 00:00:00,24,28.5355,77.391,29.8,0.5,7.3,1008.8,56.4,70.6,1.45,0.4,29.9,1.4,7.3,1010.0,0.09999999999999787,0.8999999999999999,0.0,1.2000000000000455,Nearest Neighbor with Euclidean distance <= 0.5°,0.0,0,NONE,DYNAMIC_HORIZON_SCALED,25.0
2024-04-10T00:00:00,2024-04-12 00:00:00,48,28.5355,77.391,29.7,1.2,5.2,1007.6,58.5,44.0,2.1,0.6,29.8,1.9,5.3,1010.0,0.10000000000000142,0.7,0.09999999999999964,2.3999999999999773,Nearest Neighbor with Euclidean distance <= 0.5°,0.0,0,NONE,DYNAMIC_HORIZON_SCALED,28.0
2024-04-10T00:00:00,2024-04-13 00:00:00,72,28.5355,77.391,29.5,6.3,4.6,1006.4,73.8,35.8,2.75,0.8,29.7,6.0,4.8,1010.0,0.1999999999999993,0.2999999999999998,0.20000000000000018,3.6000000000000227,Nearest Neighbor with Euclidean distance <= 0.5°,0.0,0,NONE,DYNAMIC_HORIZON_SCALED,31.0
2024-04-10T00:00:00,2024-04-14 00:00:00,96,28.5355,77.391,29.3,42.0,14.5,1005.2,84.8,55.5,3.8,2.4,25.5,76.0,21.5,1010.0,3.8000000000000007,34.0,7.0,4.7999999999999545,Nearest Neighbor with Euclidean distance <= 0.5°,0.0,0,NONE,DYNAMIC_HORIZON_SCALED,34.0
2024-04-10T00:00:00,2024-04-15 00:00:00,120,28.5355,77.391,29.1,21.5,9.7,1004.0,78.7,80.4,4.05,1.2,29.6,7.3,8.0,1010.0,0.5,14.2,1.6999999999999993,6.0,Nearest Neighbor with Euclidean distance <= 0.5°,0.0,0,NONE,DYNAMIC_HORIZON_SCALED,37.0
2024-04-10T00:00:00,2024-04-16 00:00:00,144,28.5355,77.391,29.0,22.0,6.5,1002.8,62.6,81.8,4.7,1.4,29.5,3.0,8.1,1010.0,0.5,19.0,1.5999999999999996,7.2000000000000455,Nearest Neighbor with Euclidean distance <= 0.5°,0.0,0,NONE,DYNAMIC_HORIZON_SCALED,40.0
2024-04-10T00:00:00,2024-04-17 00:00:00,168,28.5355,77.391,28.8,14.4,5.0,1001.6,55.0,58.1,5.35,1.6,29.4,1.0,6.4,1010.0,0.5999999999999979,13.4,1.4000000000000004,8.399999999999977,Nearest Neighbor with Euclidean distance <= 0.5°,0.0,0,NONE,DYNAMIC_HORIZON_SCALED,43.0
2024-04-10T00:00:00,2024-04-18 00:00:00,192,28.5355,77.391,28.6,7.5,6.9,1000.4,64.7,36.6,6.0,1.8,25.5,72.0,17.5,1010.0,3.1000000000000014,64.5,10.6,9.600000000000023,Nearest Neighbor with Euclidean distance <= 0.5°,0.0,1,MODERATE,DYNAMIC_HORIZON_SCALED,46.0
2024-04-10T00:00:00,2024-04-19 00:00:00,216,28.5355,77.391,28.5,9.3,10.1,999.2,80.4,42.1,6.65,2.0,29.2,7.8,5.2,1010.0,0.6999999999999993,1.5000000000000009,4.8999999999999995,10.799999999999955,Nearest Neighbor with Euclidean distance <= 0.5°,0.0,0,NONE,DYNAMIC_HORIZON_SCALED,49.0
2024-04-10T00:00:00,2024-04-20 00:00:00,240,28.5355,77.391,28.3,17.6,10.8,998.0,84.2,68.1,7.3,2.2,29.2,8.8,7.1,1010.0,0.8999999999999986,8.8,3.700000000000001,12.0,Nearest Neighbor with Euclidean distance <= 0.5°,0.0,0,NONE,DYNAMIC_HORIZON_SCALED,52.0
2024-04-10T00:00:00,2024-04-11 00:00:00,24,19.076,72.8777,31.8,0.5,7.3,1008.8,56.4,70.6,1.45,0.4,29.9,1.4,7.3,1010.0,1.9000000000000021,0.8999999999999999,0.0,1.2000000000000455,Nearest Neighbor with Euclidean distance <= 0.5°,0.0,0,NONE,DYNAMIC_HORIZON_SCALED,25.0
2024-04-10T00:00:00,2024-04-12 00:00:00,48,19.076,72.8777,31.7,1.2,5.2,1007.6,58.5,44.0,2.1,0.6,29.8,1.9,5.3,1010.0,1.8999999999999986,0.7,0.09999999999999964,2.3999999999999773,Nearest Neighbor with Euclidean distance <= 0.5°,0.0,0,NONE,DYNAMIC_HORIZON_SCALED,28.0
2024-04-10T00:00:00,2024-04-13 00:00:00,72,19.076,72.8777,31.5,6.3,4.6,1006.4,73.8,35.8,2.75,0.8,29.7,6.0,4.8,1010.0,1.8000000000000007,0.2999999999999998,0.20000000000000018,3.6000000000000227,Nearest Neighbor with Euclidean distance <= 0.5°,0.0,0,NONE,DYNAMIC_HORIZON_SCALED,31.0
2024-04-10T00:00:00,2024-04-14 00:00:00,96,19.076,72.8777,31.3,42.0,14.5,1005.2,84.8,55.5,3.8,2.4,29.7,8.9,6.2,1010.0,1.6000000000000014,33.1,8.3,4.7999999999999545,Nearest Neighbor with Euclidean distance <= 0.5°,0.0,0,NONE,DYNAMIC_HORIZON_SCALED,34.0
2024-04-10T00:00:00,2024-04-15 00:00:00,120,19.076,72.8777,31.1,21.5,9.7,1004.0,78.7,80.4,4.05,1.2,29.6,7.3,8.0,1010.0,1.5,14.2,1.6999999999999993,6.0,Nearest Neighbor with Euclidean distance <= 0.5°,0.0,0,NONE,DYNAMIC_HORIZON_SCALED,37.0
2024-04-10T00:00:00,2024-04-16 00:00:00,144,19.076,72.8777,31.0,22.0,6.5,1002.8,62.6,81.8,4.7,1.4,29.5,3.0,8.1,1010.0,1.5,19.0,1.5999999999999996,7.2000000000000455,Nearest Neighbor with Euclidean distance <= 0.5°,0.0,0,NONE,DYNAMIC_HORIZON_SCALED,40.0
2024-04-10T00:00:00,2024-04-17 00:00:00,168,19.076,72.8777,30.8,14.4,5.0,1001.6,55.0,58.1,5.35,1.6,35.5,72.0,20.5,1010.0,4.699999999999999,57.6,15.5,8.399999999999977,Nearest Neighbor with Euclidean distance <= 0.5°,0.0,1,MODERATE,DYNAMIC_HORIZON_SCALED,43.0
2024-04-10T00:00:00,2024-04-18 00:00:00,192,19.076,72.8777,30.6,7.5,6.9,1000.4,64.7,36.6,6.0,1.8,25.5,81.0,20.5,1010.0,5.100000000000001,73.5,13.6,9.600000000000023,Nearest Neighbor with Euclidean distance <= 0.5°,0.0,1,SEVERE,DYNAMIC_HORIZON_SCALED,46.0
2024-04-10T00:00:00,2024-04-19 00:00:00,216,19.076,72.8777,30.5,9.3,10.1,999.2,80.4,42.1,6.65,2.0,29.2,7.8,5.2,1010.0,1.3000000000000007,1.5000000000000009,4.8999999999999995,10.799999999999955,Nearest Neighbor with Euclidean distance <= 0.5°,0.0,0,NONE,DYNAMIC_HORIZON_SCALED,49.0
2024-04-10T00:00:00,2024-04-20 00:00:00,240,19.076,72.8777,30.3,17.6,10.8,998.0,84.2,68.1,7.3,2.2,29.2,8.8,7.1,1010.0,1.1000000000000014,8.8,3.700000000000001,12.0,Nearest Neighbor with Euclidean distance <= 0.5°,0.0,0,NONE,DYNAMIC_HORIZON_SCALED,52.0
2024-04-10T00:00:00,2024-04-11 00:00:00,24,12.9716,77.5946,29.8,0.5,7.3,1008.8,56.4,70.6,1.45,0.4,29.9,1.4,7.3,1010.0,0.09999999999999787,0.8999999999999999,0.0,1.2000000000000455,Nearest Neighbor with Euclidean distance <= 0.5°,0.0,0,NONE,DYNAMIC_HORIZON_SCALED,25.0
2024-04-10T00:00:00,2024-04-12 00:00:00,48,12.9716,77.5946,29.7,1.2,5.2,1007.6,58.5,44.0,2.1,0.6,29.8,1.9,5.3,1010.0,0.10000000000000142,0.7,0.09999999999999964,2.3999999999999773,Nearest Neighbor with Euclidean distance <= 0.5°,0.0,0,NONE,DYNAMIC_HORIZON_SCALED,28.0
2024-04-10T00:00:00,2024-04-13 00:00:00,72,12.9716,77.5946,29.5,6.3,4.6,1006.4,73.8,35.8,2.75,0.8,29.7,6.0,4.8,1010.0,0.1999999999999993,0.2999999999999998,0.20000000000000018,3.6000000000000227,Nearest Neighbor with Euclidean distance <= 0.5°,0.0,0,NONE,DYNAMIC_HORIZON_SCALED,31.0
2024-04-10T00:00:00,2024-04-14 00:00:00,96,12.9716,77.5946,29.3,42.0,14.5,1005.2,84.8,55.5,3.8,2.4,29.7,8.9,6.2,1010.0,0.3999999999999986,33.1,8.3,4.7999999999999545,Nearest Neighbor with Euclidean distance <= 0.5°,0.0,0,NONE,DYNAMIC_HORIZON_SCALED,34.0
2024-04-10T00:00:00,2024-04-15 00:00:00,120,12.9716,77.5946,29.1,21.5,9.7,1004.0,78.7,80.4,4.05,1.2,29.6,7.3,8.0,1010.0,0.5,14.2,1.6999999999999993,6.0,Nearest Neighbor with Euclidean distance <= 0.5°,0.0,0,NONE,DYNAMIC_HORIZON_SCALED,37.0
2024-04-10T00:00:00,2024-04-16 00:00:00,144,12.9716,77.5946,29.0,22.0,6.5,1002.8,62.6,81.8,4.7,1.4,29.5,3.0,8.1,1010.0,0.5,19.0,1.5999999999999996,7.2000000000000455,Nearest Neighbor with Euclidean distance <= 0.5°,0.0,0,NONE,DYNAMIC_HORIZON_SCALED,40.0
2024-04-10T00:00:00,2024-04-17 00:00:00,168,12.9716,77.5946,28.8,14.4,5.0,1001.6,55.0,58.1,5.35,1.6,29.4,1.0,6.4,1010.0,0.5999999999999979,13.4,1.4000000000000004,8.399999999999977,Nearest Neighbor with Euclidean distance <= 0.5°,0.0,0,NONE,DYNAMIC_HORIZON_SCALED,43.0
2024-04-10T00:00:00,2024-04-18 00:00:00,192,12.9716,77.5946,28.6,7.5,6.9,1000.4,64.7,36.6,6.0,1.8,29.3,3.6,4.8,1010.0,0.6999999999999993,3.9,2.1000000000000005,9.600000000000023,Nearest Neighbor with Euclidean distance <= 0.5°,0.0,0,NONE,DYNAMIC_HORIZON_SCALED,46.0
2024-04-10T00:00:00,2024-04-19 00:00:00,216,12.9716,77.5946,28.5,9.3,10.1,999.2,80.4,42.1,6.65,2.0,29.2,7.8,5.2,1010.0,0.6999999999999993,1.5000000000000009,4.8999999999999995,10.799999999999955,Nearest Neighbor with Euclidean distance <= 0.5°,0.0,0,NONE,DYNAMIC_HORIZON_SCALED,49.0
2024-04-10T00:00:00,2024-04-20 00:00:00,240,12.9716,77.5946,28.3,17.6,10.8,998.0,84.2,68.1,7.3,2.2,29.2,8.8,7.1,1010.0,0.8999999999999986,8.8,3.700000000000001,12.0,Nearest Neighbor with Euclidean distance <= 0.5°,0.0,0,NONE,DYNAMIC_HORIZON_SCALED,52.0
2024-04-10T00:00:00,2024-04-11 00:00:00,24,13.0827,80.2707,31.8,0.5,7.3,1008.8,56.4,70.6,1.45,0.4,29.9,1.4,7.3,1010.0,1.9000000000000021,0.8999999999999999,0.0,1.2000000000000455,Nearest Neighbor with Euclidean distance <= 0.5°,0.0,0,NONE,DYNAMIC_HORIZON_SCALED,25.0
2024-04-10T00:00:00,2024-04-12 00:00:00,48,13.0827,80.2707,31.7,1.2,5.2,1007.6,58.5,44.0,2.1,0.6,29.8,1.9,5.3,1010.0,1.8999999999999986,0.7,0.09999999999999964,2.3999999999999773,Nearest Neighbor with Euclidean distance <= 0.5°,0.0,0,NONE,DYNAMIC_HORIZON_SCALED,28.0
2024-04-10T00:00:00,2024-04-13 00:00:00,72,13.0827,80.2707,31.5,6.3,4.6,1006.4,73.8,35.8,2.75,0.8,29.7,6.0,4.8,1010.0,1.8000000000000007,0.2999999999999998,0.20000000000000018,3.6000000000000227,Nearest Neighbor with Euclidean distance <= 0.5°,0.0,0,NONE,DYNAMIC_HORIZON_SCALED,31.0
2024-04-10T00:00:00,2024-04-14 00:00:00,96,13.0827,80.2707,31.3,42.0,14.5,1005.2,84.8,55.5,3.8,2.4,35.5,74.0,16.5,1010.0,4.199999999999999,32.0,2.0,4.7999999999999545,Nearest Neighbor with Euclidean distance <= 0.5°,0.0,0,NONE,DYNAMIC_HORIZON_SCALED,34.0
2024-04-10T00:00:00,2024-04-15 00:00:00,120,13.0827,80.2707,31.1,21.5,9.7,1004.0,78.7,80.4,4.05,1.2,25.5,68.0,16.5,1010.0,5.600000000000001,46.5,6.800000000000001,6.0,Nearest Neighbor with Euclidean distance <= 0.5°,0.0,1,MODERATE,DYNAMIC_HORIZON_SCALED,37.0
2024-04-10T00:00:00,2024-04-16 00:00:00,144,13.0827,80.2707,31.0,22.0,6.5,1002.8,62.6,81.8,4.7,1.4,29.5,3.0,8.1,1010.0,1.5,19.0,1.5999999999999996,7.2000000000000455,Nearest Neighbor with Euclidean distance <= 0.5°,0.0,0,NONE,DYNAMIC_HORIZON_SCALED,40.0
2024-04-10T00:00:00,2024-04-17 00:00:00,168,13.0827,80.2707,30.8,14.4,5.0,1001.6,55.0,58.1,5.35,1.6,29.4,1.0,6.4,1010.0,1.4000000000000021,13.4,1.4000000000000004,8.399999999999977,Nearest Neighbor with Euclidean distance <= 0.5°,0.0,0,NONE,DYNAMIC_HORIZON_SCALED,43.0
2024-04-10T00:00:00,2024-04-18 00:00:00,192,13.0827,80.2707,30.6,7.5,6.9,1000.4,64.7,36.6,6.0,1.8,35.5,70.0,18.5,1010.0,4.899999999999999,62.5,11.6,9.600000000000023,Nearest Neighbor with Euclidean distance <= 0.5°,0.0,1,MODERATE,DYNAMIC_HORIZON_SCALED,46.0
2024-04-10T00:00:00,2024-04-19 00:00:00,216,13.0827,80.2707,30.5,9.3,10.1,999.2,80.4,42.1,6.65,2.0,29.2,7.8,5.2,1010.0,1.3000000000000007,1.5000000000000009,4.8999999999999995,10.799999999999955,Nearest Neighbor with Euclidean distance <= 0.5°,0.0,0,NONE,DYNAMIC_HORIZON_SCALED,49.0
2024-04-10T00:00:00,2024-04-20 00:00:00,240,13.0827,80.2707,30.3,17.6,10.8,998.0,84.2,68.1,7.3,2.2,29.2,8.8,7.1,1010.0,1.1000000000000014,8.8,3.700000000000001,12.0,Nearest Neighbor with Euclidean distance <= 0.5°,0.0,0,NONE,DYNAMIC_HORIZON_SCALED,52.0
2024-04-10T00:00:00,2024-04-11 00:00:00,24,22.5726,88.3639,29.8,0.5,7.3,1008.8,56.4,70.6,1.45,0.4,29.9,1.4,7.3,1010.0,0.09999999999999787,0.8999999999999999,0.0,1.2000000000000455,Nearest Neighbor with Euclidean distance <= 0.5°,0.0,0,NONE,DYNAMIC_HORIZON_SCALED,25.0
2024-04-10T00:00:00,2024-04-12 00:00:00,48,22.5726,88.3639,29.7,1.2,5.2,1007.6,58.5,44.0,2.1,0.6,29.8,1.9,5.3,1010.0,0.10000000000000142,0.7,0.09999999999999964,2.3999999999999773,Nearest Neighbor with Euclidean distance <= 0.5°,0.0,0,NONE,DYNAMIC_HORIZON_SCALED,28.0
2024-04-10T00:00:00,2024-04-13 00:00:00,72,22.5726,88.3639,29.5,6.3,4.6,1006.4,73.8,35.8,2.75,0.8,29.7,6.0,4.8,1010.0,0.1999999999999993,0.2999999999999998,0.20000000000000018,3.6000000000000227,Nearest Neighbor with Euclidean distance <= 0.5°,0.0,0,NONE,DYNAMIC_HORIZON_SCALED,31.0
2024-04-10T00:00:00,2024-04-14 00:00:00,96,22.5726,88.3639,29.3,42.0,14.5,1005.2,84.8,55.5,3.8,2.4,29.7,8.9,6.2,1010.0,0.3999999999999986,33.1,8.3,4.7999999999999545,Nearest Neighbor with Euclidean distance <= 0.5°,0.0,0,NONE,DYNAMIC_HORIZON_SCALED,34.0
2024-04-10T00:00:00,2024-04-15 00:00:00,120,22.5726,88.3639,29.1,21.5,9.7,1004.0,78.7,80.4,4.05,1.2,29.6,7.3,8.0,1010.0,0.5,14.2,1.6999999999999993,6.0,Nearest Neighbor with Euclidean distance <= 0.5°,0.0,0,NONE,DYNAMIC_HORIZON_SCALED,37.0
2024-04-10T00:00:00,2024-04-16 00:00:00,144,22.5726,88.3639,29.0,22.0,6.5,1002.8,62.6,81.8,4.7,1.4,29.5,3.0,8.1,1010.0,0.5,19.0,1.5999999999999996,7.2000000000000455,Nearest Neighbor with Euclidean distance <= 0.5°,0.0,0,NONE,DYNAMIC_HORIZON_SCALED,40.0
2024-04-10T00:00:00,2024-04-17 00:00:00,168,22.5726,88.3639,28.8,14.4,5.0,1001.6,55.0,58.1,5.35,1.6,35.5,76.0,18.5,1010.0,6.699999999999999,61.6,13.5,8.399999999999977,Nearest Neighbor with Euclidean distance <= 0.5°,0.0,1,MODERATE,DYNAMIC_HORIZON_SCALED,43.0
2024-04-10T00:00:00,2024-04-18 00:00:00,192,22.5726,88.3639,28.6,7.5,6.9,1000.4,64.7,36.6,6.0,1.8,29.3,3.6,4.8,1010.0,0.6999999999999993,3.9,2.1000000000000005,9.600000000000023,Nearest Neighbor with Euclidean distance <= 0.5°,0.0,0,NONE,DYNAMIC_HORIZON_SCALED,46.0
2024-04-10T00:00:00,2024-04-19 00:00:00,216,22.5726,88.3639,28.5,9.3,10.1,999.2,80.4,42.1,6.65,2.0,29.2,7.8,5.2,1010.0,0.6999999999999993,1.5000000000000009,4.8999999999999995,10.799999999999955,Nearest Neighbor with Euclidean distance <= 0.5°,0.0,0,NONE,DYNAMIC_HORIZON_SCALED,49.0
2024-04-10T00:00:00,2024-04-20 00:00:00,240,22.5726,88.3639,28.3,17.6,10.8,998.0,84.2,68.1,7.3,2.2,29.2,8.8,7.1,1010.0,0.8999999999999986,8.8,3.700000000000001,12.0,Nearest Neighbor with Euclidean distance <= 0.5°,0.0,0,NONE,DYNAMIC_HORIZON_SCALED,52.0
2024-04-10T00:00:00,2024-04-11 00:00:00,24,17.385,78.4867,29.8,0.5,7.3,1008.8,56.4,70.6,1.45,0.4,29.9,1.4,7.3,1010.0,0.09999999999999787,0.8999999999999999,0.0,1.2000000000000455,Nearest Neighbor with Euclidean distance <= 0.5°,0.0,0,NONE,DYNAMIC_HORIZON_SCALED,25.0
2024-04-10T00:00:00,2024-04-12 00:00:00,48,17.385,78.4867,29.7,1.2,5.2,1007.6,58.5,44.0,2.1,0.6,29.8,1.9,5.3,1010.0,0.10000000000000142,0.7,0.09999999999999964,2.3999999999999773,Nearest Neighbor with Euclidean distance <= 0.5°,0.0,0,NONE,DYNAMIC_HORIZON_SCALED,28.0
2024-04-10T00:00:00,2024-04-13 00:00:00,72,17.385,78.4867,29.5,6.3,4.6,1006.4,73.8,35.8,2.75,0.8,29.7,6.0,4.8,1010.0,0.1999999999999993,0.2999999999999998,0.20000000000000018,3.6000000000000227,Nearest Neighbor with Euclidean distance <= 0.5°,0.0,0,NONE,DYNAMIC_HORIZON_SCALED,31.0
2024-04-10T00:00:00,2024-04-14 00:00:00,96,17.385,78.4867,29.3,42.0,14.5,1005.2,84.8,55.5,3.8,2.4,25.5,72.0,17.5,1010.0,3.8000000000000007,30.0,3.0,4.7999999999999545,Nearest Neighbor with Euclidean distance <= 0.5°,0.0,0,NONE,DYNAMIC_HORIZON_SCALED,34.0
2024-04-10T00:00:00,2024-04-15 00:00:00,120,17.385,78.4867,29.1,21.5,9.7,1004.0,78.7,80.4,4.05,1.2,29.6,7.3,8.0,1010.0,0.5,14.2,1.6999999999999993,6.0,Nearest Neighbor with Euclidean distance <= 0.5°,0.0,0,NONE,DYNAMIC_HORIZON_SCALED,37.0
2024-04-10T00:00:00,2024-04-16 00:00:00,144,17.385,78.4867,29.0,22.0,6.5,1002.8,62.6,81.8,4.7,1.4,29.5,3.0,8.1,1010.0,0.5,19.0,1.5999999999999996,7.2000000000000455,Nearest Neighbor with Euclidean distance <= 0.5°,0.0,0,NONE,DYNAMIC_HORIZON_SCALED,40.0
2024-04-10T00:00:00,2024-04-17 00:00:00,168,17.385,78.4867,28.8,14.4,5.0,1001.6,55.0,58.1,5.35,1.6,29.4,1.0,6.4,1010.0,0.5999999999999979,13.4,1.4000000000000004,8.399999999999977,Nearest Neighbor with Euclidean distance <= 0.5°,0.0,0,NONE,DYNAMIC_HORIZON_SCALED,43.0
2024-04-10T00:00:00,2024-04-18 00:00:00,192,17.385,78.4867,28.6,7.5,6.9,1000.4,64.7,36.6,6.0,1.8,25.5,68.0,19.5,1010.0,3.1000000000000014,60.5,12.6,9.600000000000023,Nearest Neighbor with Euclidean distance <= 0.5°,0.0,1,MODERATE,DYNAMIC_HORIZON_SCALED,46.0
2024-04-10T00:00:00,2024-04-19 00:00:00,216,17.385,78.4867,28.5,9.3,10.1,999.2,80.4,42.1,6.65,2.0,29.2,7.8,5.2,1010.0,0.6999999999999993,1.5000000000000009,4.8999999999999995,10.799999999999955,Nearest Neighbor with Euclidean distance <= 0.5°,0.0,0,NONE,DYNAMIC_HORIZON_SCALED,49.0
2024-04-10T00:00:00,2024-04-20 00:00:00,240,17.385,78.4867,28.3,17.6,10.8,998.0,84.2,68.1,7.3,2.2,29.2,8.8,7.1,1010.0,0.8999999999999986,8.8,3.700000000000001,12.0,Nearest Neighbor with Euclidean distance <= 0.5°,0.0,0,NONE,DYNAMIC_HORIZON_SCALED,52.0
2024-04-10T00:00:00,2024-04-11 00:00:00,24,23.0225,72.5714,31.8,0.5,7.3,1008.8,56.4,70.6,1.45,0.4,29.9,1.4,7.3,1010.0,1.9000000000000021,0.8999999999999999,0.0,1.2000000000000455,Nearest Neighbor with Euclidean distance <= 0.5°,0.0,0,NONE,DYNAMIC_HORIZON_SCALED,25.0
2024-04-10T00:00:00,2024-04-12 00:00:00,48,23.0225,72.5714,31.7,1.2,5.2,1007.6,58.5,44.0,2.1,0.6,29.8,1.9,5.3,1010.0,1.8999999999999986,0.7,0.09999999999999964,2.3999999999999773,Nearest Neighbor with Euclidean distance <= 0.5°,0.0,0,NONE,DYNAMIC_HORIZON_SCALED,28.0
2024-04-10T00:00:00,2024-04-13 00:00:00,72,23.0225,72.5714,31.5,6.3,4.6,1006.4,73.8,35.8,2.75,0.8,29.7,6.0,4.8,1010.0,1.8000000000000007,0.2999999999999998,0.20000000000000018,3.6000000000000227,Nearest Neighbor with Euclidean distance <= 0.5°,0.0,0,NONE,DYNAMIC_HORIZON_SCALED,31.0
2024-04-10T00:00:00,2024-04-14 00:00:00,96,23.0225,72.5714,31.3,42.0,14.5,1005.2,84.8,55.5,3.8,2.4,25.5,76.0,21.5,1010.0,5.800000000000001,34.0,7.0,4.7999999999999545,Nearest Neighbor with Euclidean distance <= 0.5°,0.0,1,MODERATE,DYNAMIC_HORIZON_SCALED,34.0
2024-04-10T00:00:00,2024-04-15 00:00:00,120,23.0225,72.5714,31.1,21.5,9.7,1004.0,78.7,80.4,4.05,1.2,29.6,7.3,8.0,1010.0,1.5,14.2,1.6999999999999993,6.0,Nearest Neighbor with Euclidean distance <= 0.5°,0.0,0,NONE,DYNAMIC_HORIZON_SCALED,37.0
2024-04-10T00:00:00,2024-04-16 00:00:00,144,23.0225,72.5714,31.0,22.0,6.5,1002.8,62.6,81.8,4.7,1.4,29.5,3.0,8.1,1010.0,1.5,19.0,1.5999999999999996,7.2000000000000455,Nearest Neighbor with Euclidean distance <= 0.5°,0.0,0,NONE,DYNAMIC_HORIZON_SCALED,40.0
2024-04-10T00:00:00,2024-04-17 00:00:00,168,23.0225,72.5714,30.8,14.4,5.0,1001.6,55.0,58.1,5.35,1.6,29.4,1.0,6.4,1010.0,1.4000000000000021,13.4,1.4000000000000004,8.399999999999977,Nearest Neighbor with Euclidean distance <= 0.5°,0.0,0,NONE,DYNAMIC_HORIZON_SCALED,43.0
2024-04-10T00:00:00,2024-04-18 00:00:00,192,23.0225,72.5714,30.6,7.5,6.9,1000.4,64.7,36.6,6.0,1.8,25.5,72.0,17.5,1010.0,5.100000000000001,64.5,10.6,9.600000000000023,Nearest Neighbor with Euclidean distance <= 0.5°,0.0,1,MODERATE,DYNAMIC_HORIZON_SCALED,46.0
2024-04-10T00:00:00,2024-04-19 00:00:00,216,23.0225,72.5714,30.5,9.3,10.1,999.2,80.4,42.1,6.65,2.0,29.2,7.8,5.2,1010.0,1.3000000000000007,1.5000000000000009,4.8999999999999995,10.799999999999955,Nearest Neighbor with Euclidean distance <= 0.5°,0.0,0,NONE,DYNAMIC_HORIZON_SCALED,49.0
2024-04-10T00:00:00,2024-04-20 00:00:00,240,23.0225,72.5714,30.3,17.6,10.8,998.0,84.2,68.1,7.3,2.2,29.2,8.8,7.1,1010.0,1.1000000000000014,8.8,3.700000000000001,12.0,Nearest Neighbor with Euclidean distance <= 0.5°,0.0,0,NONE,DYNAMIC_HORIZON_SCALED,52.0
2024-04-10T00:00:00,2024-04-11 00:00:00,24,26.9124,75.7873,29.8,0.5,7.3,1008.8,56.4,70.6,1.45,0.4,29.9,1.4,7.3,1010.0,0.09999999999999787,0.8999999999999999,0.0,1.2000000000000455,Nearest Neighbor with Euclidean distance <= 0.5°,0.0,0,NONE,DYNAMIC_HORIZON_SCALED,25.0
2024-04-10T00:00:00,2024-04-12 00:00:00,48,26.9124,75.7873,29.7,1.2,5.2,1007.6,58.5,44.0,2.1,0.6,29.8,1.9,5.3,1010.0,0.10000000000000142,0.7,0.09999999999999964,2.3999999999999773,Nearest Neighbor with Euclidean distance <= 0.5°,0.0,0,NONE,DYNAMIC_HORIZON_SCALED,28.0
2024-04-10T00:00:00,2024-04-13 00:00:00,72,26.9124,75.7873,29.5,6.3,4.6,1006.4,73.8,35.8,2.75,0.8,29.7,6.0,4.8,1010.0,0.1999999999999993,0.2999999999999998,0.20000000000000018,3.6000000000000227,Nearest Neighbor with Euclidean distance <= 0.5°,0.0,0,NONE,DYNAMIC_HORIZON_SCALED,31.0
2024-04-10T00:00:00,2024-04-14 00:00:00,96,26.9124,75.7873,29.3,42.0,14.5,1005.2,84.8,55.5,3.8,2.4,29.7,8.9,6.2,1010.0,0.3999999999999986,33.1,8.3,4.7999999999999545,Nearest Neighbor with Euclidean distance <= 0.5°,0.0,0,NONE,DYNAMIC_HORIZON_SCALED,34.0
2024-04-10T00:00:00,2024-04-15 00:00:00,120,26.9124,75.7873,29.1,21.5,9.7,1004.0,78.7,80.4,4.05,1.2,29.6,7.3,8.0,1010.0,0.5,14.2,1.6999999999999993,6.0,Nearest Neighbor with Euclidean distance <= 0.5°,0.0,0,NONE,DYNAMIC_HORIZON_SCALED,37.0
2024-04-10T00:00:00,2024-04-16 00:00:00,144,26.9124,75.7873,29.0,22.0,6.5,1002.8,62.6,81.8,4.7,1.4,29.5,3.0,8.1,1010.0,0.5,19.0,1.5999999999999996,7.2000000000000455,Nearest Neighbor with Euclidean distance <= 0.5°,0.0,0,NONE,DYNAMIC_HORIZON_SCALED,40.0
2024-04-10T00:00:00,2024-04-17 00:00:00,168,26.9124,75.7873,28.8,14.4,5.0,1001.6,55.0,58.1,5.35,1.6,25.5,70.0,21.5,1010.0,3.3000000000000007,55.6,16.5,8.399999999999977,Nearest Neighbor with Euclidean distance <= 0.5°,0.0,1,MODERATE,DYNAMIC_HORIZON_SCALED,43.0
2024-04-10T00:00:00,2024-04-18 00:00:00,192,26.9124,75.7873,28.6,7.5,6.9,1000.4,64.7,36.6,6.0,1.8,29.3,3.6,4.8,1010.0,0.6999999999999993,3.9,2.1000000000000005,9.600000000000023,Nearest Neighbor with Euclidean distance <= 0.5°,0.0,0,NONE,DYNAMIC_HORIZON_SCALED,46.0
2024-04-10T00:00:00,2024-04-19 00:00:00,216,26.9124,75.7873,28.5,9.3,10.1,999.2,80.4,42.1,6.65,2.0,29.2,7.8,5.2,1010.0,0.6999999999999993,1.5000000000000009,4.8999999999999995,10.799999999999955,Nearest Neighbor with Euclidean distance <= 0.5°,0.0,0,NONE,DYNAMIC_HORIZON_SCALED,49.0
2024-04-10T00:00:00,2024-04-20 00:00:00,240,26.9124,75.7873,28.3,17.6,10.8,998.0,84.2,68.1,7.3,2.2,29.2,8.8,7.1,1010.0,0.8999999999999986,8.8,3.700000000000001,12.0,Nearest Neighbor with Euclidean distance <= 0.5°,0.0,0,NONE,DYNAMIC_HORIZON_SCALED,52.0
2024-04-10T00:00:00,2024-04-11 00:00:00,24,31.1048,77.1734,19.8,0.5,7.3,948.8,56.4,70.6,1.45,0.4,19.9,1.4,7.3,950.0,0.09999999999999787,0.8999999999999999,0.0,1.2000000000000455,Nearest Neighbor with Euclidean distance <= 0.5°,0.0,0,NONE,DYNAMIC_HORIZON_SCALED,25.0
2024-04-10T00:00:00,2024-04-12 00:00:00,48,31.1048,77.1734,19.7,1.2,5.2,947.6,58.5,44.0,2.1,0.6,19.8,1.9,5.3,950.0,0.10000000000000142,0.7,0.09999999999999964,2.3999999999999773,Nearest Neighbor with Euclidean distance <= 0.5°,0.0,0,NONE,DYNAMIC_HORIZON_SCALED,28.0
2024-04-10T00:00:00,2024-04-13 00:00:00,72,31.1048,77.1734,19.5,6.3,4.6,946.4,73.8,35.8,2.75,0.8,19.7,6.0,4.8,950.0,0.1999999999999993,0.2999999999999998,0.20000000000000018,3.6000000000000227,Nearest Neighbor with Euclidean distance <= 0.5°,0.0,0,NONE,DYNAMIC_HORIZON_SCALED,31.0
2024-04-10T00:00:00,2024-04-14 00:00:00,96,31.1048,77.1734,19.3,42.0,14.5,945.2,84.8,55.5,3.8,2.4,19.7,8.9,6.2,950.0,0.3999999999999986,33.1,8.3,4.7999999999999545,Nearest Neighbor with Euclidean distance <= 0.5°,0.0,0,NONE,DYNAMIC_HORIZON_SCALED,34.0
2024-04-10T00:00:00,2024-04-15 00:00:00,120,31.1048,77.1734,19.1,21.5,9.7,944.0,78.7,80.4,4.05,1.2,25.5,70.0,18.5,950.0,6.399999999999999,48.5,8.8,6.0,Nearest Neighbor with Euclidean distance <= 0.5°,0.0,1,MODERATE,DYNAMIC_HORIZON_SCALED,37.0
2024-04-10T00:00:00,2024-04-16 00:00:00,144,31.1048,77.1734,19.0,22.0,6.5,942.8,62.6,81.8,4.7,1.4,19.5,3.0,8.1,950.0,0.5,19.0,1.5999999999999996,7.2000000000000455,Nearest Neighbor with Euclidean distance <= 0.5°,0.0,0,NONE,DYNAMIC_HORIZON_SCALED,40.0
2024-04-10T00:00:00,2024-04-17 00:00:00,168,31.1048,77.1734,18.8,14.4,5.0,941.6,55.0,58.1,5.35,1.6,19.4,1.0,6.4,950.0,0.5999999999999979,13.4,1.4000000000000004,8.399999999999977,Nearest Neighbor with Euclidean distance <= 0.5°,0.0,0,NONE,DYNAMIC_HORIZON_SCALED,43.0
2024-04-10T00:00:00,2024-04-18 00:00:00,192,31.1048,77.1734,18.6,7.5,6.9,940.4,64.7,36.6,6.0,1.8,19.3,3.6,4.8,950.0,0.6999999999999993,3.9,2.1000000000000005,9.600000000000023,Nearest Neighbor with Euclidean distance <= 0.5°,0.0,0,NONE,DYNAMIC_HORIZON_SCALED,46.0
2024-04-10T00:00:00,2024-04-19 00:00:00,216,31.1048,77.1734,18.5,9.3,10.1,939.2,80.4,42.1,6.65,2.0,19.2,7.8,5.2,950.0,0.6999999999999993,1.5000000000000009,4.8999999999999995,10.799999999999955,Nearest Neighbor with Euclidean distance <= 0.5°,0.0,0,NONE,DYNAMIC_HORIZON_SCALED,49.0
2024-04-10T00:00:00,2024-04-20 00:00:00,240,31.1048,77.1734,18.3,17.6,10.8,938.0,84.2,68.1,7.3,2.2,19.2,8.8,7.1,950.0,0.8999999999999986,8.8,3.700000000000001,12.0,Nearest Neighbor with Euclidean distance <= 0.5°,0.0,0,NONE,DYNAMIC_HORIZON_SCALED,52.0
2024-04-10T00:00:00,2024-04-11 00:00:00,24,26.1445,91.7362,29.8,0.5,7.3,1008.8,56.4,70.6,1.45,0.4,29.9,1.4,7.3,1010.0,0.09999999999999787,0.8999999999999999,0.0,1.2000000000000455,Nearest Neighbor with Euclidean distance <= 0.5°,0.0,0,NONE,DYNAMIC_HORIZON_SCALED,25.0
2024-04-10T00:00:00,2024-04-12 00:00:00,48,26.1445,91.7362,29.7,1.2,5.2,1007.6,58.5,44.0,2.1,0.6,29.8,1.9,5.3,1010.0,0.10000000000000142,0.7,0.09999999999999964,2.3999999999999773,Nearest Neighbor with Euclidean distance <= 0.5°,0.0,0,NONE,DYNAMIC_HORIZON_SCALED,28.0
2024-04-10T00:00:00,2024-04-13 00:00:00,72,26.1445,91.7362,29.5,6.3,4.6,1006.4,73.8,35.8,2.75,0.8,29.7,6.0,4.8,1010.0,0.1999999999999993,0.2999999999999998,0.20000000000000018,3.6000000000000227,Nearest Neighbor with Euclidean distance <= 0.5°,0.0,0,NONE,DYNAMIC_HORIZON_SCALED,31.0
2024-04-10T00:00:00,2024-04-14 00:00:00,96,26.1445,91.7362,29.3,42.0,14.5,1005.2,84.8,55.5,3.8,2.4,25.5,80.0,19.5,1010.0,3.8000000000000007,38.0,5.0,4.7999999999999545,Nearest Neighbor with Euclidean distance <= 0.5°,0.0,1,MODERATE,DYNAMIC_HORIZON_SCALED,34.0
2024-04-10T00:00:00,2024-04-15 00:00:00,120,26.1445,91.7362,29.1,21.5,9.7,1004.0,78.7,80.4,4.05,1.2,29.6,7.3,8.0,1010.0,0.5,14.2,1.6999999999999993,6.0,Nearest Neighbor with Euclidean distance <= 0.5°,0.0,0,NONE,DYNAMIC_HORIZON_SCALED,37.0
2024-04-10T00:00:00,2024-04-16 00:00:00,144,26.1445,91.7362,29.0,22.0,6.5,1002.8,62.6,81.8,4.7,1.4,29.5,3.0,8.1,1010.0,0.5,19.0,1.5999999999999996,7.2000000000000455,Nearest Neighbor with Euclidean distance <= 0.5°,0.0,0,NONE,DYNAMIC_HORIZON_SCALED,40.0
2024-04-10T00:00:00,2024-04-17 00:00:00,168,26.1445,91.7362,28.8,14.4,5.0,1001.6,55.0,58.1,5.35,1.6,29.4,1.0,6.4,1010.0,0.5999999999999979,13.4,1.4000000000000004,8.399999999999977,Nearest Neighbor with Euclidean distance <= 0.5°,0.0,0,NONE,DYNAMIC_HORIZON_SCALED,43.0
2024-04-10T00:00:00,2024-04-18 00:00:00,192,26.1445,91.7362,28.6,7.5,6.9,1000.4,64.7,36.6,6.0,1.8,25.5,76.0,21.5,1010.0,3.1000000000000014,68.5,14.6,9.600000000000023,Nearest Neighbor with Euclidean distance <= 0.5°,0.0,1,MODERATE,DYNAMIC_HORIZON_SCALED,46.0
2024-04-10T00:00:00,2024-04-19 00:00:00,216,26.1445,91.7362,28.5,9.3,10.1,999.2,80.4,42.1,6.65,2.0,29.2,7.8,5.2,1010.0,0.6999999999999993,1.5000000000000009,4.8999999999999995,10.799999999999955,Nearest Neighbor with Euclidean distance <= 0.5°,0.0,0,NONE,DYNAMIC_HORIZON_SCALED,49.0
2024-04-10T00:00:00,2024-04-20 00:00:00,240,26.1445,91.7362,28.3,17.6,10.8,998.0,84.2,68.1,7.3,2.2,29.2,8.8,7.1,1010.0,0.8999999999999986,8.8,3.700000000000001,12.0,Nearest Neighbor with Euclidean distance <= 0.5°,0.0,0,NONE,DYNAMIC_HORIZON_SCALED,52.0
2024-04-10T00:00:00,2024-04-11 00:00:00,24,34.0837,74.7973,19.8,0.5,7.3,948.8,56.4,70.6,1.45,0.4,19.9,1.4,7.3,950.0,0.09999999999999787,0.8999999999999999,0.0,1.2000000000000455,Nearest Neighbor with Euclidean distance <= 0.5°,0.0,0,NONE,DYNAMIC_HORIZON_SCALED,25.0
2024-04-10T00:00:00,2024-04-12 00:00:00,48,34.0837,74.7973,19.7,1.2,5.2,947.6,58.5,44.0,2.1,0.6,19.8,1.9,5.3,950.0,0.10000000000000142,0.7,0.09999999999999964,2.3999999999999773,Nearest Neighbor with Euclidean distance <= 0.5°,0.0,0,NONE,DYNAMIC_HORIZON_SCALED,28.0
2024-04-10T00:00:00,2024-04-13 00:00:00,72,34.0837,74.7973,19.5,6.3,4.6,946.4,73.8,35.8,2.75,0.8,19.7,6.0,4.8,950.0,0.1999999999999993,0.2999999999999998,0.20000000000000018,3.6000000000000227,Nearest Neighbor with Euclidean distance <= 0.5°,0.0,0,NONE,DYNAMIC_HORIZON_SCALED,31.0
2024-04-10T00:00:00,2024-04-14 00:00:00,96,34.0837,74.7973,19.3,42.0,14.5,945.2,84.8,55.5,3.8,2.4,19.7,8.9,6.2,950.0,0.3999999999999986,33.1,8.3,4.7999999999999545,Nearest Neighbor with Euclidean distance <= 0.5°,0.0,0,NONE,DYNAMIC_HORIZON_SCALED,34.0
2024-04-10T00:00:00,2024-04-15 00:00:00,120,34.0837,74.7973,19.1,21.5,9.7,944.0,78.7,80.4,4.05,1.2,19.6,7.3,8.0,950.0,0.5,14.2,1.6999999999999993,6.0,Nearest Neighbor with Euclidean distance <= 0.5°,0.0,0,NONE,DYNAMIC_HORIZON_SCALED,37.0
2024-04-10T00:00:00,2024-04-16 00:00:00,144,34.0837,74.7973,19.0,22.0,6.5,942.8,62.6,81.8,4.7,1.4,19.5,3.0,8.1,950.0,0.5,19.0,1.5999999999999996,7.2000000000000455,Nearest Neighbor with Euclidean distance <= 0.5°,0.0,0,NONE,DYNAMIC_HORIZON_SCALED,40.0
2024-04-10T00:00:00,2024-04-17 00:00:00,168,34.0837,74.7973,18.8,14.4,5.0,941.6,55.0,58.1,5.35,1.6,15.5,77.0,16.5,950.0,3.3000000000000007,62.6,11.5,8.399999999999977,Nearest Neighbor with Euclidean distance <= 0.5°,0.0,1,MODERATE,DYNAMIC_HORIZON_SCALED,43.0
2024-04-10T00:00:00,2024-04-18 00:00:00,192,34.0837,74.7973,18.6,7.5,6.9,940.4,64.7,36.6,6.0,1.8,19.3,3.6,4.8,950.0,0.6999999999999993,3.9,2.1000000000000005,9.600000000000023,Nearest Neighbor with Euclidean distance <= 0.5°,0.0,0,NONE,DYNAMIC_HORIZON_SCALED,46.0
2024-04-10T00:00:00,2024-04-19 00:00:00,216,34.0837,74.7973,18.5,9.3,10.1,939.2,80.4,42.1,6.65,2.0,19.2,7.8,5.2,950.0,0.6999999999999993,1.5000000000000009,4.8999999999999995,10.799999999999955,Nearest Neighbor with Euclidean distance <= 0.5°,0.0,0,NONE,DYNAMIC_HORIZON_SCALED,49.0
2024-04-10T00:00:00,2024-04-20 00:00:00,240,34.0837,74.7973,18.3,17.6,10.8,938.0,84.2,68.1,7.3,2.2,19.2,8.8,7.1,950.0,0.8999999999999986,8.8,3.700000000000001,12.0,Nearest Neighbor with Euclidean distance <= 0.5°,0.0,0,NONE,DYNAMIC_HORIZON_SCALED,52.0
2024-04-10T00:00:00,2024-04-11 00:00:00,24,8.5241,76.9366,29.8,0.5,7.3,1008.8,56.4,70.6,1.45,0.4,29.9,1.4,7.3,1010.0,0.09999999999999787,0.8999999999999999,0.0,1.2000000000000455,Nearest Neighbor with Euclidean distance <= 0.5°,0.0,0,NONE,DYNAMIC_HORIZON_SCALED,25.0
2024-04-10T00:00:00,2024-04-12 00:00:00,48,8.5241,76.9366,29.7,1.2,5.2,1007.6,58.5,44.0,2.1,0.6,29.8,1.9,5.3,1010.0,0.10000000000000142,0.7,0.09999999999999964,2.3999999999999773,Nearest Neighbor with Euclidean distance <= 0.5°,0.0,0,NONE,DYNAMIC_HORIZON_SCALED,28.0
2024-04-10T00:00:00,2024-04-13 00:00:00,72,8.5241,76.9366,29.5,6.3,4.6,1006.4,73.8,35.8,2.75,0.8,29.7,6.0,4.8,1010.0,0.1999999999999993,0.2999999999999998,0.20000000000000018,3.6000000000000227,Nearest Neighbor with Euclidean distance <= 0.5°,0.0,0,NONE,DYNAMIC_HORIZON_SCALED,31.0
2024-04-10T00:00:00,2024-04-14 00:00:00,96,8.5241,76.9366,29.3,42.0,14.5,1005.2,84.8,55.5,3.8,2.4,25.5,70.0,21.5,1010.0,3.8000000000000007,28.0,7.0,4.7999999999999545,Nearest Neighbor with Euclidean distance <= 0.5°,0.0,0,NONE,DYNAMIC_HORIZON_SCALED,34.0
2024-04-10T00:00:00,2024-04-15 00:00:00,120,8.5241,76.9366,29.1,21.5,9.7,1004.0,78.7,80.4,4.05,1.2,29.6,7.3,8.0,1010.0,0.5,14.2,1.6999999999999993,6.0,Nearest Neighbor with Euclidean distance <= 0.5°,0.0,0,NONE,DYNAMIC_HORIZON_SCALED,37.0
2024-04-10T00:00:00,2024-04-16 00:00:00,144,8.5241,76.9366,29.0,22.0,6.5,1002.8,62.6,81.8,4.7,1.4,29.5,3.0,8.1,1010.0,0.5,19.0,1.5999999999999996,7.2000000000000455,Nearest Neighbor with Euclidean distance <= 0.5°,0.0,0,NONE,DYNAMIC_HORIZON_SCALED,40.0
2024-04-10T00:00:00,2024-04-17 00:00:00,168,8.5241,76.9366,28.8,14.4,5.0,1001.6,55.0,58.1,5.35,1.6,29.4,1.0,6.4,1010.0,0.5999999999999979,13.4,1.4000000000000004,8.399999999999977,Nearest Neighbor with Euclidean distance <= 0.5°,0.0,0,NONE,DYNAMIC_HORIZON_SCALED,43.0
2024-04-10T00:00:00,2024-04-18 00:00:00,192,8.5241,76.9366,28.6,7.5,6.9,1000.4,64.7,36.6,6.0,1.8,35.5,81.0,17.5,1010.0,6.899999999999999,73.5,10.6,9.600000000000023,Nearest Neighbor with Euclidean distance <= 0.5°,0.0,1,SEVERE,DYNAMIC_HORIZON_SCALED,46.0
2024-04-10T00:00:00,2024-04-19 00:00:00,216,8.5241,76.9366,28.5,9.3,10.1,999.2,80.4,42.1,6.65,2.0,29.2,7.8,5.2,1010.0,0.6999999999999993,1.5000000000000009,4.8999999999999995,10.799999999999955,Nearest Neighbor with Euclidean distance <= 0.5°,0.0,0,NONE,DYNAMIC_HORIZON_SCALED,49.0
2024-04-10T00:00:00,2024-04-20 00:00:00,240,8.5241,76.9366,28.3,17.6,10.8,998.0,84.2,68.1,7.3,2.2,29.2,8.8,7.1,1010.0,0.8999999999999986,8.8,3.700000000000001,12.0,Nearest Neighbor with Euclidean distance <= 0.5°,0.0,0,NONE,DYNAMIC_HORIZON_SCALED,52.0
2024-04-10T00:00:00,2024-04-11 00:00:00,24,20.2961,85.8245,31.8,0.5,7.3,1008.8,56.4,70.6,1.45,0.4,29.9,1.4,7.3,1010.0,1.9000000000000021,0.8999999999999999,0.0,1.2000000000000455,Nearest Neighbor with Euclidean distance <= 0.5°,0.0,0,NONE,DYNAMIC_HORIZON_SCALED,25.0
2024-04-10T00:00:00,2024-04-12 00:00:00,48,20.2961,85.8245,31.7,1.2,5.2,1007.6,58.5,44.0,2.1,0.6,29.8,1.9,5.3,1010.0,1.8999999999999986,0.7,0.09999999999999964,2.3999999999999773,Nearest Neighbor with Euclidean distance <= 0.5°,0.0,0,NONE,DYNAMIC_HORIZON_SCALED,28.0
2024-04-10T00:00:00,2024-04-13 00:00:00,72,20.2961,85.8245,31.5,6.3,4.6,1006.4,73.8,35.8,2.75,0.8,29.7,6.0,4.8,1010.0,1.8000000000000007,0.2999999999999998,0.20000000000000018,3.6000000000000227,Nearest Neighbor with Euclidean distance <= 0.5°,0.0,0,NONE,DYNAMIC_HORIZON_SCALED,31.0
2024-04-10T00:00:00,2024-04-14 00:00:00,96,20.2961,85.8245,31.3,42.0,14.5,1005.2,84.8,55.5,3.8,2.4,29.7,8.9,6.2,1010.0,1.6000000000000014,33.1,8.3,4.7999999999999545,Nearest Neighbor with Euclidean distance <= 0.5°,0.0,0,NONE,DYNAMIC_HORIZON_SCALED,34.0
2024-04-10T00:00:00,2024-04-15 00:00:00,120,20.2961,85.8245,31.1,21.5,9.7,1004.0,78.7,80.4,4.05,1.2,35.5,75.0,17.5,1010.0,4.399999999999999,53.5,7.800000000000001,6.0,Nearest Neighbor with Euclidean distance <= 0.5°,0.0,1,MODERATE,DYNAMIC_HORIZON_SCALED,37.0
2024-04-10T00:00:00,2024-04-16 00:00:00,144,20.2961,85.8245,31.0,22.0,6.5,1002.8,62.6,81.8,4.7,1.4,29.5,3.0,8.1,1010.0,1.5,19.0,1.5999999999999996,7.2000000000000455,Nearest Neighbor with Euclidean distance <= 0.5°,0.0,0,NONE,DYNAMIC_HORIZON_SCALED,40.0
2024-04-10T00:00:00,2024-04-17 00:00:00,168,20.2961,85.8245,30.8,14.4,5.0,1001.6,55.0,58.1,5.35,1.6,29.4,1.0,6.4,1010.0,1.4000000000000021,13.4,1.4000000000000004,8.399999999999977,Nearest Neighbor with Euclidean distance <= 0.5°,0.0,0,NONE,DYNAMIC_HORIZON_SCALED,43.0
2024-04-10T00:00:00,2024-04-18 00:00:00,192,20.2961,85.8245,30.6,7.5,6.9,1000.4,64.7,36.6,6.0,1.8,29.3,3.6,4.8,1010.0,1.3000000000000007,3.9,2.1000000000000005,9.600000000000023,Nearest Neighbor with Euclidean distance <= 0.5°,0.0,0,NONE,DYNAMIC_HORIZON_SCALED,46.0
2024-04-10T00:00:00,2024-04-19 00:00:00,216,20.2961,85.8245,30.5,9.3,10.1,999.2,80.4,42.1,6.65,2.0,29.2,7.8,5.2,1010.0,1.3000000000000007,1.5000000000000009,4.8999999999999995,10.799999999999955,Nearest Neighbor with Euclidean distance <= 0.5°,0.0,0,NONE,DYNAMIC_HORIZON_SCALED,49.0
2024-04-10T00:00:00,2024-04-20 00:00:00,240,20.2961,85.8245,30.3,17.6,10.8,998.0,84.2,68.1,7.3,2.2,29.2,8.8,7.1,1010.0,1.1000000000000014,8.8,3.700000000000001,12.0,Nearest Neighbor with Euclidean distance <= 0.5°,0.0,0,NONE,DYNAMIC_HORIZON_SCALED,52.0
2024-04-10T00:00:00,2024-04-11 00:00:00,24,23.2599,77.4126,29.8,0.5,7.3,1008.8,56.4,70.6,1.45,0.4,29.9,1.4,7.3,1010.0,0.09999999999999787,0.8999999999999999,0.0,1.2000000000000455,Nearest Neighbor with Euclidean distance <= 0.5°,0.0,0,NONE,DYNAMIC_HORIZON_SCALED,25.0
2024-04-10T00:00:00,2024-04-12 00:00:00,48,23.2599,77.4126,29.7,1.2,5.2,1007.6,58.5,44.0,2.1,0.6,29.8,1.9,5.3,1010.0,0.10000000000000142,0.7,0.09999999999999964,2.3999999999999773,Nearest Neighbor with Euclidean distance <= 0.5°,0.0,0,NONE,DYNAMIC_HORIZON_SCALED,28.0
2024-04-10T00:00:00,2024-04-13 00:00:00,72,23.2599,77.4126,29.5,6.3,4.6,1006.4,73.8,35.8,2.75,0.8,29.7,6.0,4.8,1010.0,0.1999999999999993,0.2999999999999998,0.20000000000000018,3.6000000000000227,Nearest Neighbor with Euclidean distance <= 0.5°,0.0,0,NONE,DYNAMIC_HORIZON_SCALED,31.0
2024-04-10T00:00:00,2024-04-14 00:00:00,96,23.2599,77.4126,29.3,42.0,14.5,1005.2,84.8,55.5,3.8,2.4,29.7,8.9,6.2,1010.0,0.3999999999999986,33.1,8.3,4.7999999999999545,Nearest Neighbor with Euclidean distance <= 0.5°,0.0,0,NONE,DYNAMIC_HORIZON_SCALED,34.0
2024-04-10T00:00:00,2024-04-15 00:00:00,120,23.2599,77.4126,29.1,21.5,9.7,1004.0,78.7,80.4,4.05,1.2,25.5,73.0,18.5,1010.0,3.6000000000000014,51.5,8.8,6.0,Nearest Neighbor with Euclidean distance <= 0.5°,0.0,1,MODERATE,DYNAMIC_HORIZON_SCALED,37.0
2024-04-10T00:00:00,2024-04-16 00:00:00,144,23.2599,77.4126,29.0,22.0,6.5,1002.8,62.6,81.8,4.7,1.4,29.5,3.0,8.1,1010.0,0.5,19.0,1.5999999999999996,7.2000000000000455,Nearest Neighbor with Euclidean distance <= 0.5°,0.0,0,NONE,DYNAMIC_HORIZON_SCALED,40.0
2024-04-10T00:00:00,2024-04-17 00:00:00,168,23.2599,77.4126,28.8,14.4,5.0,1001.6,55.0,58.1,5.35,1.6,29.4,1.0,6.4,1010.0,0.5999999999999979,13.4,1.4000000000000004,8.399999999999977,Nearest Neighbor with Euclidean distance <= 0.5°,0.0,0,NONE,DYNAMIC_HORIZON_SCALED,43.0
2024-04-10T00:00:00,2024-04-18 00:00:00,192,23.2599,77.4126,28.6,7.5,6.9,1000.4,64.7,36.6,6.0,1.8,29.3,3.6,4.8,1010.0,0.6999999999999993,3.9,2.1000000000000005,9.600000000000023,Nearest Neighbor with Euclidean distance <= 0.5°,0.0,0,NONE,DYNAMIC_HORIZON_SCALED,46.0
2024-04-10T00:00:00,2024-04-19 00:00:00,216,23.2599,77.4126,28.5,9.3,10.1,999.2,80.4,42.1,6.65,2.0,29.2,7.8,5.2,1010.0,0.6999999999999993,1.5000000000000009,4.8999999999999995,10.799999999999955,Nearest Neighbor with Euclidean distance <= 0.5°,0.0,0,NONE,DYNAMIC_HORIZON_SCALED,49.0
2024-04-10T00:00:00,2024-04-20 00:00:00,240,23.2599,77.4126,28.3,17.6,10.8,998.0,84.2,68.1,7.3,2.2,29.2,8.8,7.1,1010.0,0.8999999999999986,8.8,3.700000000000001,12.0,Nearest Neighbor with Euclidean distance <= 0.5°,0.0,0,NONE,DYNAMIC_HORIZON_SCALED,52.0
2024-04-10T00:00:00,2024-04-11 00:00:00,24,17.6868,83.2185,29.8,0.5,7.3,1008.8,56.4,70.6,1.45,0.4,29.9,1.4,7.3,1010.0,0.09999999999999787,0.8999999999999999,0.0,1.2000000000000455,Nearest Neighbor with Euclidean distance <= 0.5°,0.0,0,NONE,DYNAMIC_HORIZON_SCALED,25.0
2024-04-10T00:00:00,2024-04-12 00:00:00,48,17.6868,83.2185,29.7,1.2,5.2,1007.6,58.5,44.0,2.1,0.6,29.8,1.9,5.3,1010.0,0.10000000000000142,0.7,0.09999999999999964,2.3999999999999773,Nearest Neighbor with Euclidean distance <= 0.5°,0.0,0,NONE,DYNAMIC_HORIZON_SCALED,28.0
2024-04-10T00:00:00,2024-04-13 00:00:00,72,17.6868,83.2185,29.5,6.3,4.6,1006.4,73.8,35.8,2.75,0.8,29.7,6.0,4.8,1010.0,0.1999999999999993,0.2999999999999998,0.20000000000000018,3.6000000000000227,Nearest Neighbor with Euclidean distance <= 0.5°,0.0,0,NONE,DYNAMIC_HORIZON_SCALED,31.0
2024-04-10T00:00:00,2024-04-14 00:00:00,96,17.6868,83.2185,29.3,42.0,14.5,1005.2,84.8,55.5,3.8,2.4,29.7,8.9,6.2,1010.0,0.3999999999999986,33.1,8.3,4.7999999999999545,Nearest Neighbor with Euclidean distance <= 0.5°,0.0,0,NONE,DYNAMIC_HORIZON_SCALED,34.0
2024-04-10T00:00:00,2024-04-15 00:00:00,120,17.6868,83.2185,29.1,21.5,9.7,1004.0,78.7,80.4,4.05,1.2,25.5,73.0,18.5,1010.0,3.6000000000000014,51.5,8.8,6.0,Nearest Neighbor with Euclidean distance <= 0.5°,0.0,1,MODERATE,DYNAMIC_HORIZON_SCALED,37.0
2024-04-10T00:00:00,2024-04-16 00:00:00,144,17.6868,83.2185,29.0,22.0,6.5,1002.8,62.6,81.8,4.7,1.4,29.5,3.0,8.1,1010.0,0.5,19.0,1.5999999999999996,7.2000000000000455,Nearest Neighbor with Euclidean distance <= 0.5°,0.0,0,NONE,DYNAMIC_HORIZON_SCALED,40.0
2024-04-10T00:00:00,2024-04-17 00:00:00,168,17.6868,83.2185,28.8,14.4,5.0,1001.6,55.0,58.1,5.35,1.6,29.4,1.0,6.4,1010.0,0.5999999999999979,13.4,1.4000000000000004,8.399999999999977,Nearest Neighbor with Euclidean distance <= 0.5°,0.0,0,NONE,DYNAMIC_HORIZON_SCALED,43.0
2024-04-10T00:00:00,2024-04-18 00:00:00,192,17.6868,83.2185,28.6,7.5,6.9,1000.4,64.7,36.6,6.0,1.8,29.3,3.6,4.8,1010.0,0.6999999999999993,3.9,2.1000000000000005,9.600000000000023,Nearest Neighbor with Euclidean distance <= 0.5°,0.0,0,NONE,DYNAMIC_HORIZON_SCALED,46.0
2024-04-10T00:00:00,2024-04-19 00:00:00,216,17.6868,83.2185,28.5,9.3,10.1,999.2,80.4,42.1,6.65,2.0,29.2,7.8,5.2,1010.0,0.6999999999999993,1.5000000000000009,4.8999999999999995,10.799999999999955,Nearest Neighbor with Euclidean distance <= 0.5°,0.0,0,NONE,DYNAMIC_HORIZON_SCALED,49.0
2024-04-10T00:00:00,2024-04-20 00:00:00,240,17.6868,83.2185,28.3,17.6,10.8,998.0,84.2,68.1,7.3,2.2,29.2,8.8,7.1,1010.0,0.8999999999999986,8.8,3.700000000000001,12.0,Nearest Neighbor with Euclidean distance <= 0.5°,0.0,0,NONE,DYNAMIC_HORIZON_SCALED,52.0
2024-04-10T00:00:00,2024-04-11 00:00:00,24,25.5941,85.1376,31.8,0.5,7.3,1008.8,56.4,70.6,1.45,0.4,29.9,1.4,7.3,1010.0,1.9000000000000021,0.8999999999999999,0.0,1.2000000000000455,Nearest Neighbor with Euclidean distance <= 0.5°,0.0,0,NONE,DYNAMIC_HORIZON_SCALED,25.0
2024-04-10T00:00:00,2024-04-12 00:00:00,48,25.5941,85.1376,31.7,1.2,5.2,1007.6,58.5,44.0,2.1,0.6,29.8,1.9,5.3,1010.0,1.8999999999999986,0.7,0.09999999999999964,2.3999999999999773,Nearest Neighbor with Euclidean distance <= 0.5°,0.0,0,NONE,DYNAMIC_HORIZON_SCALED,28.0
2024-04-10T00:00:00,2024-04-13 00:00:00,72,25.5941,85.1376,31.5,6.3,4.6,1006.4,73.8,35.8,2.75,0.8,29.7,6.0,4.8,1010.0,1.8000000000000007,0.2999999999999998,0.20000000000000018,3.6000000000000227,Nearest Neighbor with Euclidean distance <= 0.5°,0.0,0,NONE,DYNAMIC_HORIZON_SCALED,31.0
2024-04-10T00:00:00,2024-04-14 00:00:00,96,25.5941,85.1376,31.3,42.0,14.5,1005.2,84.8,55.5,3.8,2.4,35.5,74.0,16.5,1010.0,4.199999999999999,32.0,2.0,4.7999999999999545,Nearest Neighbor with Euclidean distance <= 0.5°,0.0,0,NONE,DYNAMIC_HORIZON_SCALED,34.0
2024-04-10T00:00:00,2024-04-15 00:00:00,120,25.5941,85.1376,31.1,21.5,9.7,1004.0,78.7,80.4,4.05,1.2,25.5,68.0,16.5,1010.0,5.600000000000001,46.5,6.800000000000001,6.0,Nearest Neighbor with Euclidean distance <= 0.5°,0.0,1,MODERATE,DYNAMIC_HORIZON_SCALED,37.0
2024-04-10T00:00:00,2024-04-16 00:00:00,144,25.5941,85.1376,31.0,22.0,6.5,1002.8,62.6,81.8,4.7,1.4,29.5,3.0,8.1,1010.0,1.5,19.0,1.5999999999999996,7.2000000000000455,Nearest Neighbor with Euclidean distance <= 0.5°,0.0,0,NONE,DYNAMIC_HORIZON_SCALED,40.0
2024-04-10T00:00:00,2024-04-17 00:00:00,168,25.5941,85.1376,30.8,14.4,5.0,1001.6,55.0,58.1,5.35,1.6,29.4,1.0,6.4,1010.0,1.4000000000000021,13.4,1.4000000000000004,8.399999999999977,Nearest Neighbor with Euclidean distance <= 0.5°,0.0,0,NONE,DYNAMIC_HORIZON_SCALED,43.0
2024-04-10T00:00:00,2024-04-18 00:00:00,192,25.5941,85.1376,30.6,7.5,6.9,1000.4,64.7,36.6,6.0,1.8,35.5,70.0,18.5,1010.0,4.899999999999999,62.5,11.6,9.600000000000023,Nearest Neighbor with Euclidean distance <= 0.5°,0.0,1,MODERATE,DYNAMIC_HORIZON_SCALED,46.0
2024-04-10T00:00:00,2024-04-19 00:00:00,216,25.5941,85.1376,30.5,9.3,10.1,999.2,80.4,42.1,6.65,2.0,29.2,7.8,5.2,1010.0,1.3000000000000007,1.5000000000000009,4.8999999999999995,10.799999999999955,Nearest Neighbor with Euclidean distance <= 0.5°,0.0,0,NONE,DYNAMIC_HORIZON_SCALED,49.0
2024-04-10T00:00:00,2024-04-20 00:00:00,240,25.5941,85.1376,30.3,17.6,10.8,998.0,84.2,68.1,7.3,2.2,29.2,8.8,7.1,1010.0,1.1000000000000014,8.8,3.700000000000001,12.0,Nearest Neighbor with Euclidean distance <= 0.5°,0.0,0,NONE,DYNAMIC_HORIZON_SCALED,52.0
2024-04-10T00:00:00,2024-04-11 00:00:00,24,26.8467,80.9462,31.8,0.5,7.3,1008.8,56.4,70.6,1.45,0.4,29.9,1.4,7.3,1010.0,1.9000000000000021,0.8999999999999999,0.0,1.2000000000000455,Nearest Neighbor with Euclidean distance <= 0.5°,0.0,0,NONE,DYNAMIC_HORIZON_SCALED,25.0
2024-04-10T00:00:00,2024-04-12 00:00:00,48,26.8467,80.9462,31.7,1.2,5.2,1007.6,58.5,44.0,2.1,0.6,29.8,1.9,5.3,1010.0,1.8999999999999986,0.7,0.09999999999999964,2.3999999999999773,Nearest Neighbor with Euclidean distance <= 0.5°,0.0,0,NONE,DYNAMIC_HORIZON_SCALED,28.0
2024-04-10T00:00:00,2024-04-13 00:00:00,72,26.8467,80.9462,31.5,6.3,4.6,1006.4,73.8,35.8,2.75,0.8,29.7,6.0,4.8,1010.0,1.8000000000000007,0.2999999999999998,0.20000000000000018,3.6000000000000227,Nearest Neighbor with Euclidean distance <= 0.5°,0.0,0,NONE,DYNAMIC_HORIZON_SCALED,31.0
2024-04-10T00:00:00,2024-04-14 00:00:00,96,26.8467,80.9462,31.3,42.0,14.5,1005.2,84.8,55.5,3.8,2.4,29.7,8.9,6.2,1010.0,1.6000000000000014,33.1,8.3,4.7999999999999545,Nearest Neighbor with Euclidean distance <= 0.5°,0.0,0,NONE,DYNAMIC_HORIZON_SCALED,34.0
2024-04-10T00:00:00,2024-04-15 00:00:00,120,26.8467,80.9462,31.1,21.5,9.7,1004.0,78.7,80.4,4.05,1.2,35.5,82.0,18.5,1010.0,4.399999999999999,60.5,8.8,6.0,Nearest Neighbor with Euclidean distance <= 0.5°,0.0,1,SEVERE,DYNAMIC_HORIZON_SCALED,37.0
2024-04-10T00:00:00,2024-04-16 00:00:00,144,26.8467,80.9462,31.0,22.0,6.5,1002.8,62.6,81.8,4.7,1.4,29.5,3.0,8.1,1010.0,1.5,19.0,1.5999999999999996,7.2000000000000455,Nearest Neighbor with Euclidean distance <= 0.5°,0.0,0,NONE,DYNAMIC_HORIZON_SCALED,40.0
2024-04-10T00:00:00,2024-04-17 00:00:00,168,26.8467,80.9462,30.8,14.4,5.0,1001.6,55.0,58.1,5.35,1.6,29.4,1.0,6.4,1010.0,1.4000000000000021,13.4,1.4000000000000004,8.399999999999977,Nearest Neighbor with Euclidean distance <= 0.5°,0.0,0,NONE,DYNAMIC_HORIZON_SCALED,43.0
2024-04-10T00:00:00,2024-04-18 00:00:00,192,26.8467,80.9462,30.6,7.5,6.9,1000.4,64.7,36.6,6.0,1.8,29.3,3.6,4.8,1010.0,1.3000000000000007,3.9,2.1000000000000005,9.600000000000023,Nearest Neighbor with Euclidean distance <= 0.5°,0.0,0,NONE,DYNAMIC_HORIZON_SCALED,46.0
2024-04-10T00:00:00,2024-04-19 00:00:00,216,26.8467,80.9462,30.5,9.3,10.1,999.2,80.4,42.1,6.65,2.0,29.2,7.8,5.2,1010.0,1.3000000000000007,1.5000000000000009,4.8999999999999995,10.799999999999955,Nearest Neighbor with Euclidean distance <= 0.5°,0.0,0,NONE,DYNAMIC_HORIZON_SCALED,49.0
2024-04-10T00:00:00,2024-04-20 00:00:00,240,26.8467,80.9462,30.3,17.6,10.8,998.0,84.2,68.1,7.3,2.2,29.2,8.8,7.1,1010.0,1.1000000000000014,8.8,3.700000000000001,12.0,Nearest Neighbor with Euclidean distance <= 0.5°,0.0,0,NONE,DYNAMIC_HORIZON_SCALED,52.0
2024-04-10T00:00:00,2024-04-11 00:00:00,24,21.1458,79.0882,29.8,0.5,7.3,1008.8,56.4,70.6,1.45,0.4,29.9,1.4,7.3,1010.0,0.09999999999999787,0.8999999999999999,0.0,1.2000000000000455,Nearest Neighbor with Euclidean distance <= 0.5°,0.0,0,NONE,DYNAMIC_HORIZON_SCALED,25.0
2024-04-10T00:00:00,2024-04-12 00:00:00,48,21.1458,79.0882,29.7,1.2,5.2,1007.6,58.5,44.0,2.1,0.6,29.8,1.9,5.3,1010.0,0.10000000000000142,0.7,0.09999999999999964,2.3999999999999773,Nearest Neighbor with Euclidean distance <= 0.5°,0.0,0,NONE,DYNAMIC_HORIZON_SCALED,28.0
2024-04-10T00:00:00,2024-04-13 00:00:00,72,21.1458,79.0882,29.5,6.3,4.6,1006.4,73.8,35.8,2.75,0.8,29.7,6.0,4.8,1010.0,0.1999999999999993,0.2999999999999998,0.20000000000000018,3.6000000000000227,Nearest Neighbor with Euclidean distance <= 0.5°,0.0,0,NONE,DYNAMIC_HORIZON_SCALED,31.0
2024-04-10T00:00:00,2024-04-14 00:00:00,96,21.1458,79.0882,29.3,42.0,14.5,1005.2,84.8,55.5,3.8,2.4,35.5,69.0,17.5,1010.0,6.199999999999999,27.0,3.0,4.7999999999999545,Nearest Neighbor with Euclidean distance <= 0.5°,0.0,1,MODERATE,DYNAMIC_HORIZON_SCALED,34.0
2024-04-10T00:00:00,2024-04-15 00:00:00,120,21.1458,79.0882,29.1,21.5,9.7,1004.0,78.7,80.4,4.05,1.2,25.5,78.0,17.5,1010.0,3.6000000000000014,56.5,7.800000000000001,6.0,Nearest Neighbor with Euclidean distance <= 0.5°,0.0,1,SEVERE,DYNAMIC_HORIZON_SCALED,37.0
2024-04-10T00:00:00,2024-04-16 00:00:00,144,21.1458,79.0882,29.0,22.0,6.5,1002.8,62.6,81.8,4.7,1.4,29.5,3.0,8.1,1010.0,0.5,19.0,1.5999999999999996,7.2000000000000455,Nearest Neighbor with Euclidean distance <= 0.5°,0.0,0,NONE,DYNAMIC_HORIZON_SCALED,40.0
2024-04-10T00:00:00,2024-04-17 00:00:00,168,21.1458,79.0882,28.8,14.4,5.0,1001.6,55.0,58.1,5.35,1.6,29.4,1.0,6.4,1010.0,0.5999999999999979,13.4,1.4000000000000004,8.399999999999977,Nearest Neighbor with Euclidean distance <= 0.5°,0.0,0,NONE,DYNAMIC_HORIZON_SCALED,43.0
2024-04-10T00:00:00,2024-04-18 00:00:00,192,21.1458,79.0882,28.6,7.5,6.9,1000.4,64.7,36.6,6.0,1.8,29.3,3.6,4.8,1010.0,0.6999999999999993,3.9,2.1000000000000005,9.600000000000023,Nearest Neighbor with Euclidean distance <= 0.5°,0.0,0,NONE,DYNAMIC_HORIZON_SCALED,46.0
2024-04-10T00:00:00,2024-04-19 00:00:00,216,21.1458,79.0882,28.5,9.3,10.1,999.2,80.4,42.1,6.65,2.0,29.2,7.8,5.2,1010.0,0.6999999999999993,1.5000000000000009,4.8999999999999995,10.799999999999955,Nearest Neighbor with Euclidean distance <= 0.5°,0.0,0,NONE,DYNAMIC_HORIZON_SCALED,49.0
2024-04-10T00:00:00,2024-04-20 00:00:00,240,21.1458,79.0882,28.3,17.6,10.8,998.0,84.2,68.1,7.3,2.2,29.2,8.8,7.1,1010.0,0.8999999999999986,8.8,3.700000000000001,12.0,Nearest Neighbor with Euclidean distance <= 0.5°,0.0,0,NONE,DYNAMIC_HORIZON_SCALED,52.0
2024-04-10T00:00:00,2024-04-11 00:00:00,24,30.3165,78.0322,19.8,0.5,7.3,948.8,56.4,70.6,1.45,0.4,19.9,1.4,7.3,950.0,0.09999999999999787,0.8999999999999999,0.0,1.2000000000000455,Nearest Neighbor with Euclidean distance <= 0.5°,0.0,0,NONE,DYNAMIC_HORIZON_SCALED,25.0
2024-04-10T00:00:00,2024-04-12 00:00:00,48,30.3165,78.0322,19.7,1.2,5.2,947.6,58.5,44.0,2.1,0.6,19.8,1.9,5.3,950.0,0.10000000000000142,0.7,0.09999999999999964,2.3999999999999773,Nearest Neighbor with Euclidean distance <= 0.5°,0.0,0,NONE,DYNAMIC_HORIZON_SCALED,28.0
2024-04-10T00:00:00,2024-04-13 00:00:00,72,30.3165,78.0322,19.5,6.3,4.6,946.4,73.8,35.8,2.75,0.8,19.7,6.0,4.8,950.0,0.1999999999999993,0.2999999999999998,0.20000000000000018,3.6000000000000227,Nearest Neighbor with Euclidean distance <= 0.5°,0.0,0,NONE,DYNAMIC_HORIZON_SCALED,31.0
2024-04-10T00:00:00,2024-04-14 00:00:00,96,30.3165,78.0322,19.3,42.0,14.5,945.2,84.8,55.5,3.8,2.4,25.5,75.0,17.5,950.0,6.199999999999999,33.0,3.0,4.7999999999999545,Nearest Neighbor with Euclidean distance <= 0.5°,0.0,1,MODERATE,DYNAMIC_HORIZON_SCALED,34.0
2024-04-10T00:00:00,2024-04-15 00:00:00,120,30.3165,78.0322,19.1,21.5,9.7,944.0,78.7,80.4,4.05,1.2,15.5,69.0,17.5,950.0,3.6000000000000014,47.5,7.800000000000001,6.0,Nearest Neighbor with Euclidean distance <= 0.5°,0.0,1,MODERATE,DYNAMIC_HORIZON_SCALED,37.0
2024-04-10T00:00:00,2024-04-16 00:00:00,144,30.3165,78.0322,19.0,22.0,6.5,942.8,62.6,81.8,4.7,1.4,19.5,3.0,8.1,950.0,0.5,19.0,1.5999999999999996,7.2000000000000455,Nearest Neighbor with Euclidean distance <= 0.5°,0.0,0,NONE,DYNAMIC_HORIZON_SCALED,40.0
2024-04-10T00:00:00,2024-04-17 00:00:00,168,30.3165,78.0322,18.8,14.4,5.0,941.6,55.0,58.1,5.35,1.6,19.4,1.0,6.4,950.0,0.5999999999999979,13.4,1.4000000000000004,8.399999999999977,Nearest Neighbor with Euclidean distance <= 0.5°,0.0,0,NONE,DYNAMIC_HORIZON_SCALED,43.0
2024-04-10T00:00:00,2024-04-18 00:00:00,192,30.3165,78.0322,18.6,7.5,6.9,940.4,64.7,36.6,6.0,1.8,25.5,71.0,19.5,950.0,6.899999999999999,63.5,12.6,9.600000000000023,Nearest Neighbor with Euclidean distance <= 0.5°,0.0,1,MODERATE,DYNAMIC_HORIZON_SCALED,46.0
2024-04-10T00:00:00,2024-04-19 00:00:00,216,30.3165,78.0322,18.5,9.3,10.1,939.2,80.4,42.1,6.65,2.0,19.2,7.8,5.2,950.0,0.6999999999999993,1.5000000000000009,4.8999999999999995,10.799999999999955,Nearest Neighbor with Euclidean distance <= 0.5°,0.0,0,NONE,DYNAMIC_HORIZON_SCALED,49.0
2024-04-10T00:00:00,2024-04-20 00:00:00,240,30.3165,78.0322,18.3,17.6,10.8,938.0,84.2,68.1,7.3,2.2,19.2,8.8,7.1,950.0,0.8999999999999986,8.8,3.700000000000001,12.0,Nearest Neighbor with Euclidean distance <= 0.5°,0.0,0,NONE,DYNAMIC_HORIZON_SCALED,52.0
2024-04-10T00:00:00,2024-04-11 00:00:00,24,23.3441,85.3096,31.8,0.5,7.3,1008.8,56.4,70.6,1.45,0.4,29.9,1.4,7.3,1010.0,1.9000000000000021,0.8999999999999999,0.0,1.2000000000000455,Nearest Neighbor with Euclidean distance <= 0.5°,0.0,0,NONE,DYNAMIC_HORIZON_SCALED,25.0
2024-04-10T00:00:00,2024-04-12 00:00:00,48,23.3441,85.3096,31.7,1.2,5.2,1007.6,58.5,44.0,2.1,0.6,29.8,1.9,5.3,1010.0,1.8999999999999986,0.7,0.09999999999999964,2.3999999999999773,Nearest Neighbor with Euclidean distance <= 0.5°,0.0,0,NONE,DYNAMIC_HORIZON_SCALED,28.0
2024-04-10T00:00:00,2024-04-13 00:00:00,72,23.3441,85.3096,31.5,6.3,4.6,1006.4,73.8,35.8,2.75,0.8,29.7,6.0,4.8,1010.0,1.8000000000000007,0.2999999999999998,0.20000000000000018,3.6000000000000227,Nearest Neighbor with Euclidean distance <= 0.5°,0.0,0,NONE,DYNAMIC_HORIZON_SCALED,31.0
2024-04-10T00:00:00,2024-04-14 00:00:00,96,23.3441,85.3096,31.3,42.0,14.5,1005.2,84.8,55.5,3.8,2.4,29.7,8.9,6.2,1010.0,1.6000000000000014,33.1,8.3,4.7999999999999545,Nearest Neighbor with Euclidean distance <= 0.5°,0.0,0,NONE,DYNAMIC_HORIZON_SCALED,34.0
2024-04-10T00:00:00,2024-04-15 00:00:00,120,23.3441,85.3096,31.1,21.5,9.7,1004.0,78.7,80.4,4.05,1.2,35.5,75.0,17.5,1010.0,4.399999999999999,53.5,7.800000000000001,6.0,Nearest Neighbor with Euclidean distance <= 0.5°,0.0,1,MODERATE,DYNAMIC_HORIZON_SCALED,37.0
2024-04-10T00:00:00,2024-04-16 00:00:00,144,23.3441,85.3096,31.0,22.0,6.5,1002.8,62.6,81.8,4.7,1.4,29.5,3.0,8.1,1010.0,1.5,19.0,1.5999999999999996,7.2000000000000455,Nearest Neighbor with Euclidean distance <= 0.5°,0.0,0,NONE,DYNAMIC_HORIZON_SCALED,40.0
2024-04-10T00:00:00,2024-04-17 00:00:00,168,23.3441,85.3096,30.8,14.4,5.0,1001.6,55.0,58.1,5.35,1.6,29.4,1.0,6.4,1010.0,1.4000000000000021,13.4,1.4000000000000004,8.399999999999977,Nearest Neighbor with Euclidean distance <= 0.5°,0.0,0,NONE,DYNAMIC_HORIZON_SCALED,43.0
2024-04-10T00:00:00,2024-04-18 00:00:00,192,23.3441,85.3096,30.6,7.5,6.9,1000.4,64.7,36.6,6.0,1.8,29.3,3.6,4.8,1010.0,1.3000000000000007,3.9,2.1000000000000005,9.600000000000023,Nearest Neighbor with Euclidean distance <= 0.5°,0.0,0,NONE,DYNAMIC_HORIZON_SCALED,46.0
2024-04-10T00:00:00,2024-04-19 00:00:00,216,23.3441,85.3096,30.5,9.3,10.1,999.2,80.4,42.1,6.65,2.0,29.2,7.8,5.2,1010.0,1.3000000000000007,1.5000000000000009,4.8999999999999995,10.799999999999955,Nearest Neighbor with Euclidean distance <= 0.5°,0.0,0,NONE,DYNAMIC_HORIZON_SCALED,49.0
2024-04-10T00:00:00,2024-04-20 00:00:00,240,23.3441,85.3096,30.3,17.6,10.8,998.0,84.2,68.1,7.3,2.2,29.2,8.8,7.1,1010.0,1.1000000000000014,8.8,3.700000000000001,12.0,Nearest Neighbor with Euclidean distance <= 0.5°,0.0,0,NONE,DYNAMIC_HORIZON_SCALED,52.0
2024-04-10T00:00:00,2024-04-11 00:00:00,24,30.7333,76.7794,19.8,0.5,7.3,948.8,56.4,70.6,1.45,0.4,19.9,1.4,7.3,950.0,0.09999999999999787,0.8999999999999999,0.0,1.2000000000000455,Nearest Neighbor with Euclidean distance <= 0.5°,0.0,0,NONE,DYNAMIC_HORIZON_SCALED,25.0
2024-04-10T00:00:00,2024-04-12 00:00:00,48,30.7333,76.7794,19.7,1.2,5.2,947.6,58.5,44.0,2.1,0.6,19.8,1.9,5.3,950.0,0.10000000000000142,0.7,0.09999999999999964,2.3999999999999773,Nearest Neighbor with Euclidean distance <= 0.5°,0.0,0,NONE,DYNAMIC_HORIZON_SCALED,28.0
2024-04-10T00:00:00,2024-04-13 00:00:00,72,30.7333,76.7794,19.5,6.3,4.6,946.4,73.8,35.8,2.75,0.8,19.7,6.0,4.8,950.0,0.1999999999999993,0.2999999999999998,0.20000000000000018,3.6000000000000227,Nearest Neighbor with Euclidean distance <= 0.5°,0.0,0,NONE,DYNAMIC_HORIZON_SCALED,31.0
2024-04-10T00:00:00,2024-04-14 00:00:00,96,30.7333,76.7794,19.3,42.0,14.5,945.2,84.8,55.5,3.8,2.4,19.7,8.9,6.2,950.0,0.3999999999999986,33.1,8.3,4.7999999999999545,Nearest Neighbor with Euclidean distance <= 0.5°,0.0,0,NONE,DYNAMIC_HORIZON_SCALED,34.0
2024-04-10T00:00:00,2024-04-15 00:00:00,120,30.7333,76.7794,19.1,21.5,9.7,944.0,78.7,80.4,4.05,1.2,19.6,7.3,8.0,950.0,0.5,14.2,1.6999999999999993,6.0,Nearest Neighbor with Euclidean distance <= 0.5°,0.0,0,NONE,DYNAMIC_HORIZON_SCALED,37.0
2024-04-10T00:00:00,2024-04-16 00:00:00,144,30.7333,76.7794,19.0,22.0,6.5,942.8,62.6,81.8,4.7,1.4,19.5,3.0,8.1,950.0,0.5,19.0,1.5999999999999996,7.2000000000000455,Nearest Neighbor with Euclidean distance <= 0.5°,0.0,0,NONE,DYNAMIC_HORIZON_SCALED,40.0
2024-04-10T00:00:00,2024-04-17 00:00:00,168,30.7333,76.7794,18.8,14.4,5.0,941.6,55.0,58.1,5.35,1.6,25.5,77.0,19.5,950.0,6.699999999999999,62.6,14.5,8.399999999999977,Nearest Neighbor with Euclidean distance <= 0.5°,0.0,1,MODERATE,DYNAMIC_HORIZON_SCALED,43.0
2024-04-10T00:00:00,2024-04-18 00:00:00,192,30.7333,76.7794,18.6,7.5,6.9,940.4,64.7,36.6,6.0,1.8,19.3,3.6,4.8,950.0,0.6999999999999993,3.9,2.1000000000000005,9.600000000000023,Nearest Neighbor with Euclidean distance <= 0.5°,0.0,0,NONE,DYNAMIC_HORIZON_SCALED,46.0
2024-04-10T00:00:00,2024-04-19 00:00:00,216,30.7333,76.7794,18.5,9.3,10.1,939.2,80.4,42.1,6.65,2.0,19.2,7.8,5.2,950.0,0.6999999999999993,1.5000000000000009,4.8999999999999995,10.799999999999955,Nearest Neighbor with Euclidean distance <= 0.5°,0.0,0,NONE,DYNAMIC_HORIZON_SCALED,49.0
2024-04-10T00:00:00,2024-04-20 00:00:00,240,30.7333,76.7794,18.3,17.6,10.8,938.0,84.2,68.1,7.3,2.2,19.2,8.8,7.1,950.0,0.8999999999999986,8.8,3.700000000000001,12.0,Nearest Neighbor with Euclidean distance <= 0.5°,0.0,0,NONE,DYNAMIC_HORIZON_SCALED,52.0
2024-04-10T00:00:00,2024-04-11 00:00:00,24,15.4909,73.8278,29.8,0.5,7.3,1008.8,56.4,70.6,1.45,0.4,29.9,1.4,7.3,1010.0,0.09999999999999787,0.8999999999999999,0.0,1.2000000000000455,Nearest Neighbor with Euclidean distance <= 0.5°,0.0,0,NONE,DYNAMIC_HORIZON_SCALED,25.0
2024-04-10T00:00:00,2024-04-12 00:00:00,48,15.4909,73.8278,29.7,1.2,5.2,1007.6,58.5,44.0,2.1,0.6,29.8,1.9,5.3,1010.0,0.10000000000000142,0.7,0.09999999999999964,2.3999999999999773,Nearest Neighbor with Euclidean distance <= 0.5°,0.0,0,NONE,DYNAMIC_HORIZON_SCALED,28.0
2024-04-10T00:00:00,2024-04-13 00:00:00,72,15.4909,73.8278,29.5,6.3,4.6,1006.4,73.8,35.8,2.75,0.8,29.7,6.0,4.8,1010.0,0.1999999999999993,0.2999999999999998,0.20000000000000018,3.6000000000000227,Nearest Neighbor with Euclidean distance <= 0.5°,0.0,0,NONE,DYNAMIC_HORIZON_SCALED,31.0
2024-04-10T00:00:00,2024-04-14 00:00:00,96,15.4909,73.8278,29.3,42.0,14.5,1005.2,84.8,55.5,3.8,2.4,29.7,8.9,6.2,1010.0,0.3999999999999986,33.1,8.3,4.7999999999999545,Nearest Neighbor with Euclidean distance <= 0.5°,0.0,0,NONE,DYNAMIC_HORIZON_SCALED,34.0
2024-04-10T00:00:00,2024-04-15 00:00:00,120,15.4909,73.8278,29.1,21.5,9.7,1004.0,78.7,80.4,4.05,1.2,35.5,75.0,17.5,1010.0,6.399999999999999,53.5,7.800000000000001,6.0,Nearest Neighbor with Euclidean distance <= 0.5°,0.0,1,MODERATE,DYNAMIC_HORIZON_SCALED,37.0
2024-04-10T00:00:00,2024-04-16 00:00:00,144,15.4909,73.8278,29.0,22.0,6.5,1002.8,62.6,81.8,4.7,1.4,29.5,3.0,8.1,1010.0,0.5,19.0,1.5999999999999996,7.2000000000000455,Nearest Neighbor with Euclidean distance <= 0.5°,0.0,0,NONE,DYNAMIC_HORIZON_SCALED,40.0
2024-04-10T00:00:00,2024-04-17 00:00:00,168,15.4909,73.8278,28.8,14.4,5.0,1001.6,55.0,58.1,5.35,1.6,29.4,1.0,6.4,1010.0,0.5999999999999979,13.4,1.4000000000000004,8.399999999999977,Nearest Neighbor with Euclidean distance <= 0.5°,0.0,0,NONE,DYNAMIC_HORIZON_SCALED,43.0
2024-04-10T00:00:00,2024-04-18 00:00:00,192,15.4909,73.8278,28.6,7.5,6.9,1000.4,64.7,36.6,6.0,1.8,29.3,3.6,4.8,1010.0,0.6999999999999993,3.9,2.1000000000000005,9.600000000000023,Nearest Neighbor with Euclidean distance <= 0.5°,0.0,0,NONE,DYNAMIC_HORIZON_SCALED,46.0
2024-04-10T00:00:00,2024-04-19 00:00:00,216,15.4909,73.8278,28.5,9.3,10.1,999.2,80.4,42.1,6.65,2.0,29.2,7.8,5.2,1010.0,0.6999999999999993,1.5000000000000009,4.8999999999999995,10.799999999999955,Nearest Neighbor with Euclidean distance <= 0.5°,0.0,0,NONE,DYNAMIC_HORIZON_SCALED,49.0
2024-04-10T00:00:00,2024-04-20 00:00:00,240,15.4909,73.8278,28.3,17.6,10.8,998.0,84.2,68.1,7.3,2.2,29.2,8.8,7.1,1010.0,0.8999999999999986,8.8,3.700000000000001,12.0,Nearest Neighbor with Euclidean distance <= 0.5°,0.0,0,NONE,DYNAMIC_HORIZON_SCALED,52.0
2024-04-10T00:00:00,2024-04-11 00:00:00,24,25.5788,91.8933,29.8,0.5,7.3,1008.8,56.4,70.6,1.45,0.4,29.9,1.4,7.3,1010.0,0.09999999999999787,0.8999999999999999,0.0,1.2000000000000455,Nearest Neighbor with Euclidean distance <= 0.5°,0.0,0,NONE,DYNAMIC_HORIZON_SCALED,25.0
2024-04-10T00:00:00,2024-04-12 00:00:00,48,25.5788,91.8933,29.7,1.2,5.2,1007.6,58.5,44.0,2.1,0.6,29.8,1.9,5.3,1010.0,0.10000000000000142,0.7,0.09999999999999964,2.3999999999999773,Nearest Neighbor with Euclidean distance <= 0.5°,0.0,0,NONE,DYNAMIC_HORIZON_SCALED,28.0
2024-04-10T00:00:00,2024-04-13 00:00:00,72,25.5788,91.8933,29.5,6.3,4.6,1006.4,73.8,35.8,2.75,0.8,29.7,6.0,4.8,1010.0,0.1999999999999993,0.2999999999999998,0.20000000000000018,3.6000000000000227,Nearest Neighbor with Euclidean distance <= 0.5°,0.0,0,NONE,DYNAMIC_HORIZON_SCALED,31.0
2024-04-10T00:00:00,2024-04-14 00:00:00,96,25.5788,91.8933,29.3,42.0,14.5,1005.2,84.8,55.5,3.8,2.4,29.7,8.9,6.2,1010.0,0.3999999999999986,33.1,8.3,4.7999999999999545,Nearest Neighbor with Euclidean distance <= 0.5°,0.0,0,NONE,DYNAMIC_HORIZON_SCALED,34.0
2024-04-10T00:00:00,2024-04-15 00:00:00,120,25.5788,91.8933,29.1,21.5,9.7,1004.0,78.7,80.4,4.05,1.2,29.6,7.3,8.0,1010.0,0.5,14.2,1.6999999999999993,6.0,Nearest Neighbor with Euclidean distance <= 0.5°,0.0,0,NONE,DYNAMIC_HORIZON_SCALED,37.0
2024-04-10T00:00:00,2024-04-16 00:00:00,144,25.5788,91.8933,29.0,22.0,6.5,1002.8,62.6,81.8,4.7,1.4,29.5,3.0,8.1,1010.0,0.5,19.0,1.5999999999999996,7.2000000000000455,Nearest Neighbor with Euclidean distance <= 0.5°,0.0,0,NONE,DYNAMIC_HORIZON_SCALED,40.0
2024-04-10T00:00:00,2024-04-17 00:00:00,168,25.5788,91.8933,28.8,14.4,5.0,1001.6,55.0,58.1,5.35,1.6,29.4,1.0,6.4,1010.0,0.5999999999999979,13.4,1.4000000000000004,8.399999999999977,Nearest Neighbor with Euclidean distance <= 0.5°,0.0,0,NONE,DYNAMIC_HORIZON_SCALED,43.0
2024-04-10T00:00:00,2024-04-18 00:00:00,192,25.5788,91.8933,28.6,7.5,6.9,1000.4,64.7,36.6,6.0,1.8,29.3,3.6,4.8,1010.0,0.6999999999999993,3.9,2.1000000000000005,9.600000000000023,Nearest Neighbor with Euclidean distance <= 0.5°,0.0,0,NONE,DYNAMIC_HORIZON_SCALED,46.0
2024-04-10T00:00:00,2024-04-19 00:00:00,216,25.5788,91.8933,28.5,9.3,10.1,999.2,80.4,42.1,6.65,2.0,29.2,7.8,5.2,1010.0,0.6999999999999993,1.5000000000000009,4.8999999999999995,10.799999999999955,Nearest Neighbor with Euclidean distance <= 0.5°,0.0,0,NONE,DYNAMIC_HORIZON_SCALED,49.0
2024-04-10T00:00:00,2024-04-20 00:00:00,240,25.5788,91.8933,28.3,17.6,10.8,998.0,84.2,68.1,7.3,2.2,29.2,8.8,7.1,1010.0,0.8999999999999986,8.8,3.700000000000001,12.0,Nearest Neighbor with Euclidean distance <= 0.5°,0.0,0,NONE,DYNAMIC_HORIZON_SCALED,52.0
2024-08-05T00:00:00,2024-08-06 00:00:00,24,18.5204,73.8567,29.8,0.5,7.3,1008.8,56.4,70.6,1.45,0.4,29.9,1.4,7.3,1010.0,0.09999999999999787,0.8999999999999999,0.0,1.2000000000000455,Nearest Neighbor with Euclidean distance <= 0.5°,0.0,0,NONE,DYNAMIC_HORIZON_SCALED,25.0
2024-08-05T00:00:00,2024-08-07 00:00:00,48,18.5204,73.8567,29.7,1.2,5.2,1007.6,58.5,44.0,2.1,0.6,29.8,1.9,5.3,1010.0,0.10000000000000142,0.7,0.09999999999999964,2.3999999999999773,Nearest Neighbor with Euclidean distance <= 0.5°,0.0,0,NONE,DYNAMIC_HORIZON_SCALED,28.0
2024-08-05T00:00:00,2024-08-08 00:00:00,72,18.5204,73.8567,29.5,6.3,4.6,1006.4,73.8,35.8,2.75,0.8,29.7,6.0,4.8,1010.0,0.1999999999999993,0.2999999999999998,0.20000000000000018,3.6000000000000227,Nearest Neighbor with Euclidean distance <= 0.5°,0.0,0,NONE,DYNAMIC_HORIZON_SCALED,31.0
2024-08-05T00:00:00,2024-08-09 00:00:00,96,18.5204,73.8567,29.3,42.0,14.5,1005.2,84.8,55.5,3.8,2.4,29.7,8.9,6.2,1010.0,0.3999999999999986,33.1,8.3,4.7999999999999545,Nearest Neighbor with Euclidean distance <= 0.5°,0.0,0,NONE,DYNAMIC_HORIZON_SCALED,34.0
2024-08-05T00:00:00,2024-08-10 00:00:00,120,18.5204,73.8567,29.1,21.5,9.7,1004.0,78.7,80.4,4.05,1.2,35.5,78.0,20.5,1010.0,6.399999999999999,56.5,10.8,6.0,Nearest Neighbor with Euclidean distance <= 0.5°,0.0,1,SEVERE,DYNAMIC_HORIZON_SCALED,37.0
2024-08-05T00:00:00,2024-08-11 00:00:00,144,18.5204,73.8567,29.0,22.0,6.5,1002.8,62.6,81.8,4.7,1.4,29.5,3.0,8.1,1010.0,0.5,19.0,1.5999999999999996,7.2000000000000455,Nearest Neighbor with Euclidean distance <= 0.5°,0.0,0,NONE,DYNAMIC_HORIZON_SCALED,40.0
2024-08-05T00:00:00,2024-08-12 00:00:00,168,18.5204,73.8567,28.8,14.4,5.0,1001.6,55.0,58.1,5.35,1.6,29.4,1.0,6.4,1010.0,0.5999999999999979,13.4,1.4000000000000004,8.399999999999977,Nearest Neighbor with Euclidean distance <= 0.5°,0.0,0,NONE,DYNAMIC_HORIZON_SCALED,43.0
2024-08-05T00:00:00,2024-08-13 00:00:00,192,18.5204,73.8567,28.6,7.5,6.9,1000.4,64.7,36.6,6.0,1.8,29.3,3.6,4.8,1010.0,0.6999999999999993,3.9,2.1000000000000005,9.600000000000023,Nearest Neighbor with Euclidean distance <= 0.5°,0.0,0,NONE,DYNAMIC_HORIZON_SCALED,46.0
2024-08-05T00:00:00,2024-08-14 00:00:00,216,18.5204,73.8567,28.5,9.3,10.1,999.2,80.4,42.1,6.65,2.0,29.2,7.8,5.2,1010.0,0.6999999999999993,1.5000000000000009,4.8999999999999995,10.799999999999955,Nearest Neighbor with Euclidean distance <= 0.5°,0.0,0,NONE,DYNAMIC_HORIZON_SCALED,49.0
2024-08-05T00:00:00,2024-08-15 00:00:00,240,18.5204,73.8567,28.3,17.6,10.8,998.0,84.2,68.1,7.3,2.2,29.2,8.8,7.1,1010.0,0.8999999999999986,8.8,3.700000000000001,12.0,Nearest Neighbor with Euclidean distance <= 0.5°,0.0,0,NONE,DYNAMIC_HORIZON_SCALED,52.0
2024-08-05T00:00:00,2024-08-06 00:00:00,24,28.6139,77.209,29.8,0.5,7.3,1008.8,56.4,70.6,1.45,0.4,29.9,1.4,7.3,1010.0,0.09999999999999787,0.8999999999999999,0.0,1.2000000000000455,Nearest Neighbor with Euclidean distance <= 0.5°,0.0,0,NONE,DYNAMIC_HORIZON_SCALED,25.0
2024-08-05T00:00:00,2024-08-07 00:00:00,48,28.6139,77.209,29.7,1.2,5.2,1007.6,58.5,44.0,2.1,0.6,29.8,1.9,5.3,1010.0,0.10000000000000142,0.7,0.09999999999999964,2.3999999999999773,Nearest Neighbor with Euclidean distance <= 0.5°,0.0,0,NONE,DYNAMIC_HORIZON_SCALED,28.0
2024-08-05T00:00:00,2024-08-08 00:00:00,72,28.6139,77.209,29.5,6.3,4.6,1006.4,73.8,35.8,2.75,0.8,29.7,6.0,4.8,1010.0,0.1999999999999993,0.2999999999999998,0.20000000000000018,3.6000000000000227,Nearest Neighbor with Euclidean distance <= 0.5°,0.0,0,NONE,DYNAMIC_HORIZON_SCALED,31.0
2024-08-05T00:00:00,2024-08-09 00:00:00,96,28.6139,77.209,29.3,42.0,14.5,1005.2,84.8,55.5,3.8,2.4,25.5,82.0,21.5,1010.0,3.8000000000000007,40.0,7.0,4.7999999999999545,Nearest Neighbor with Euclidean distance <= 0.5°,0.0,1,MODERATE,DYNAMIC_HORIZON_SCALED,34.0
2024-08-05T00:00:00,2024-08-10 00:00:00,120,28.6139,77.209,29.1,21.5,9.7,1004.0,78.7,80.4,4.05,1.2,29.6,7.3,8.0,1010.0,0.5,14.2,1.6999999999999993,6.0,Nearest Neighbor with Euclidean distance <= 0.5°,0.0,0,NONE,DYNAMIC_HORIZON_SCALED,37.0
2024-08-05T00:00:00,2024-08-11 00:00:00,144,28.6139,77.209,29.0,22.0,6.5,1002.8,62.6,81.8,4.7,1.4,29.5,3.0,8.1,1010.0,0.5,19.0,1.5999999999999996,7.2000000000000455,Nearest Neighbor with Euclidean distance <= 0.5°,0.0,0,NONE,DYNAMIC_HORIZON_SCALED,40.0
2024-08-05T00:00:00,2024-08-12 00:00:00,168,28.6139,77.209,28.8,14.4,5.0,1001.6,55.0,58.1,5.35,1.6,35.5,69.0,17.5,1010.0,6.699999999999999,54.6,12.5,8.399999999999977,Nearest Neighbor with Euclidean distance <= 0.5°,0.0,1,MODERATE,DYNAMIC_HORIZON_SCALED,43.0
2024-08-05T00:00:00,2024-08-13 00:00:00,192,28.6139,77.209,28.6,7.5,6.9,1000.4,64.7,36.6,6.0,1.8,25.5,78.0,17.5,1010.0,3.1000000000000014,70.5,10.6,9.600000000000023,Nearest Neighbor with Euclidean distance <= 0.5°,0.0,1,SEVERE,DYNAMIC_HORIZON_SCALED,46.0
2024-08-05T00:00:00,2024-08-14 00:00:00,216,28.6139,77.209,28.5,9.3,10.1,999.2,80.4,42.1,6.65,2.0,29.2,7.8,5.2,1010.0,0.6999999999999993,1.5000000000000009,4.8999999999999995,10.799999999999955,Nearest Neighbor with Euclidean distance <= 0.5°,0.0,0,NONE,DYNAMIC_HORIZON_SCALED,49.0
2024-08-05T00:00:00,2024-08-15 00:00:00,240,28.6139,77.209,28.3,17.6,10.8,998.0,84.2,68.1,7.3,2.2,29.2,8.8,7.1,1010.0,0.8999999999999986,8.8,3.700000000000001,12.0,Nearest Neighbor with Euclidean distance <= 0.5°,0.0,0,NONE,DYNAMIC_HORIZON_SCALED,52.0
2024-08-05T00:00:00,2024-08-06 00:00:00,24,28.5355,77.391,29.8,0.5,7.3,1008.8,56.4,70.6,1.45,0.4,29.9,1.4,7.3,1010.0,0.09999999999999787,0.8999999999999999,0.0,1.2000000000000455,Nearest Neighbor with Euclidean distance <= 0.5°,0.0,0,NONE,DYNAMIC_HORIZON_SCALED,25.0
2024-08-05T00:00:00,2024-08-07 00:00:00,48,28.5355,77.391,29.7,1.2,5.2,1007.6,58.5,44.0,2.1,0.6,29.8,1.9,5.3,1010.0,0.10000000000000142,0.7,0.09999999999999964,2.3999999999999773,Nearest Neighbor with Euclidean distance <= 0.5°,0.0,0,NONE,DYNAMIC_HORIZON_SCALED,28.0
2024-08-05T00:00:00,2024-08-08 00:00:00,72,28.5355,77.391,29.5,6.3,4.6,1006.4,73.8,35.8,2.75,0.8,29.7,6.0,4.8,1010.0,0.1999999999999993,0.2999999999999998,0.20000000000000018,3.6000000000000227,Nearest Neighbor with Euclidean distance <= 0.5°,0.0,0,NONE,DYNAMIC_HORIZON_SCALED,31.0
2024-08-05T00:00:00,2024-08-09 00:00:00,96,28.5355,77.391,29.3,42.0,14.5,1005.2,84.8,55.5,3.8,2.4,25.5,76.0,21.5,1010.0,3.8000000000000007,34.0,7.0,4.7999999999999545,Nearest Neighbor with Euclidean distance <= 0.5°,0.0,0,NONE,DYNAMIC_HORIZON_SCALED,34.0
2024-08-05T00:00:00,2024-08-10 00:00:00,120,28.5355,77.391,29.1,21.5,9.7,1004.0,78.7,80.4,4.05,1.2,29.6,7.3,8.0,1010.0,0.5,14.2,1.6999999999999993,6.0,Nearest Neighbor with Euclidean distance <= 0.5°,0.0,0,NONE,DYNAMIC_HORIZON_SCALED,37.0
2024-08-05T00:00:00,2024-08-11 00:00:00,144,28.5355,77.391,29.0,22.0,6.5,1002.8,62.6,81.8,4.7,1.4,29.5,3.0,8.1,1010.0,0.5,19.0,1.5999999999999996,7.2000000000000455,Nearest Neighbor with Euclidean distance <= 0.5°,0.0,0,NONE,DYNAMIC_HORIZON_SCALED,40.0
2024-08-05T00:00:00,2024-08-12 00:00:00,168,28.5355,77.391,28.8,14.4,5.0,1001.6,55.0,58.1,5.35,1.6,29.4,1.0,6.4,1010.0,0.5999999999999979,13.4,1.4000000000000004,8.399999999999977,Nearest Neighbor with Euclidean distance <= 0.5°,0.0,0,NONE,DYNAMIC_HORIZON_SCALED,43.0
2024-08-05T00:00:00,2024-08-13 00:00:00,192,28.5355,77.391,28.6,7.5,6.9,1000.4,64.7,36.6,6.0,1.8,25.5,72.0,17.5,1010.0,3.1000000000000014,64.5,10.6,9.600000000000023,Nearest Neighbor with Euclidean distance <= 0.5°,0.0,1,MODERATE,DYNAMIC_HORIZON_SCALED,46.0
2024-08-05T00:00:00,2024-08-14 00:00:00,216,28.5355,77.391,28.5,9.3,10.1,999.2,80.4,42.1,6.65,2.0,29.2,7.8,5.2,1010.0,0.6999999999999993,1.5000000000000009,4.8999999999999995,10.799999999999955,Nearest Neighbor with Euclidean distance <= 0.5°,0.0,0,NONE,DYNAMIC_HORIZON_SCALED,49.0
2024-08-05T00:00:00,2024-08-15 00:00:00,240,28.5355,77.391,28.3,17.6,10.8,998.0,84.2,68.1,7.3,2.2,29.2,8.8,7.1,1010.0,0.8999999999999986,8.8,3.700000000000001,12.0,Nearest Neighbor with Euclidean distance <= 0.5°,0.0,0,NONE,DYNAMIC_HORIZON_SCALED,52.0
2024-08-05T00:00:00,2024-08-06 00:00:00,24,19.076,72.8777,31.8,0.5,7.3,1008.8,56.4,70.6,1.45,0.4,29.9,1.4,7.3,1010.0,1.9000000000000021,0.8999999999999999,0.0,1.2000000000000455,Nearest Neighbor with Euclidean distance <= 0.5°,0.0,0,NONE,DYNAMIC_HORIZON_SCALED,25.0
2024-08-05T00:00:00,2024-08-07 00:00:00,48,19.076,72.8777,31.7,1.2,5.2,1007.6,58.5,44.0,2.1,0.6,29.8,1.9,5.3,1010.0,1.8999999999999986,0.7,0.09999999999999964,2.3999999999999773,Nearest Neighbor with Euclidean distance <= 0.5°,0.0,0,NONE,DYNAMIC_HORIZON_SCALED,28.0
2024-08-05T00:00:00,2024-08-08 00:00:00,72,19.076,72.8777,31.5,6.3,4.6,1006.4,73.8,35.8,2.75,0.8,29.7,6.0,4.8,1010.0,1.8000000000000007,0.2999999999999998,0.20000000000000018,3.6000000000000227,Nearest Neighbor with Euclidean distance <= 0.5°,0.0,0,NONE,DYNAMIC_HORIZON_SCALED,31.0
2024-08-05T00:00:00,2024-08-09 00:00:00,96,19.076,72.8777,31.3,42.0,14.5,1005.2,84.8,55.5,3.8,2.4,29.7,8.9,6.2,1010.0,1.6000000000000014,33.1,8.3,4.7999999999999545,Nearest Neighbor with Euclidean distance <= 0.5°,0.0,0,NONE,DYNAMIC_HORIZON_SCALED,34.0
2024-08-05T00:00:00,2024-08-10 00:00:00,120,19.076,72.8777,31.1,21.5,9.7,1004.0,78.7,80.4,4.05,1.2,29.6,7.3,8.0,1010.0,1.5,14.2,1.6999999999999993,6.0,Nearest Neighbor with Euclidean distance <= 0.5°,0.0,0,NONE,DYNAMIC_HORIZON_SCALED,37.0
2024-08-05T00:00:00,2024-08-11 00:00:00,144,19.076,72.8777,31.0,22.0,6.5,1002.8,62.6,81.8,4.7,1.4,29.5,3.0,8.1,1010.0,1.5,19.0,1.5999999999999996,7.2000000000000455,Nearest Neighbor with Euclidean distance <= 0.5°,0.0,0,NONE,DYNAMIC_HORIZON_SCALED,40.0
2024-08-05T00:00:00,2024-08-12 00:00:00,168,19.076,72.8777,30.8,14.4,5.0,1001.6,55.0,58.1,5.35,1.6,35.5,72.0,20.5,1010.0,4.699999999999999,57.6,15.5,8.399999999999977,Nearest Neighbor with Euclidean distance <= 0.5°,0.0,1,MODERATE,DYNAMIC_HORIZON_SCALED,43.0
2024-08-05T00:00:00,2024-08-13 00:00:00,192,19.076,72.8777,30.6,7.5,6.9,1000.4,64.7,36.6,6.0,1.8,25.5,81.0,20.5,1010.0,5.100000000000001,73.5,13.6,9.600000000000023,Nearest Neighbor with Euclidean distance <= 0.5°,0.0,1,SEVERE,DYNAMIC_HORIZON_SCALED,46.0
2024-08-05T00:00:00,2024-08-14 00:00:00,216,19.076,72.8777,30.5,9.3,10.1,999.2,80.4,42.1,6.65,2.0,29.2,7.8,5.2,1010.0,1.3000000000000007,1.5000000000000009,4.8999999999999995,10.799999999999955,Nearest Neighbor with Euclidean distance <= 0.5°,0.0,0,NONE,DYNAMIC_HORIZON_SCALED,49.0
2024-08-05T00:00:00,2024-08-15 00:00:00,240,19.076,72.8777,30.3,17.6,10.8,998.0,84.2,68.1,7.3,2.2,29.2,8.8,7.1,1010.0,1.1000000000000014,8.8,3.700000000000001,12.0,Nearest Neighbor with Euclidean distance <= 0.5°,0.0,0,NONE,DYNAMIC_HORIZON_SCALED,52.0
2024-08-05T00:00:00,2024-08-06 00:00:00,24,12.9716,77.5946,29.8,0.5,7.3,1008.8,56.4,70.6,1.45,0.4,29.9,1.4,7.3,1010.0,0.09999999999999787,0.8999999999999999,0.0,1.2000000000000455,Nearest Neighbor with Euclidean distance <= 0.5°,0.0,0,NONE,DYNAMIC_HORIZON_SCALED,25.0
2024-08-05T00:00:00,2024-08-07 00:00:00,48,12.9716,77.5946,29.7,1.2,5.2,1007.6,58.5,44.0,2.1,0.6,29.8,1.9,5.3,1010.0,0.10000000000000142,0.7,0.09999999999999964,2.3999999999999773,Nearest Neighbor with Euclidean distance <= 0.5°,0.0,0,NONE,DYNAMIC_HORIZON_SCALED,28.0
2024-08-05T00:00:00,2024-08-08 00:00:00,72,12.9716,77.5946,29.5,6.3,4.6,1006.4,73.8,35.8,2.75,0.8,29.7,6.0,4.8,1010.0,0.1999999999999993,0.2999999999999998,0.20000000000000018,3.6000000000000227,Nearest Neighbor with Euclidean distance <= 0.5°,0.0,0,NONE,DYNAMIC_HORIZON_SCALED,31.0
2024-08-05T00:00:00,2024-08-09 00:00:00,96,12.9716,77.5946,29.3,42.0,14.5,1005.2,84.8,55.5,3.8,2.4,29.7,8.9,6.2,1010.0,0.3999999999999986,33.1,8.3,4.7999999999999545,Nearest Neighbor with Euclidean distance <= 0.5°,0.0,0,NONE,DYNAMIC_HORIZON_SCALED,34.0
2024-08-05T00:00:00,2024-08-10 00:00:00,120,12.9716,77.5946,29.1,21.5,9.7,1004.0,78.7,80.4,4.05,1.2,29.6,7.3,8.0,1010.0,0.5,14.2,1.6999999999999993,6.0,Nearest Neighbor with Euclidean distance <= 0.5°,0.0,0,NONE,DYNAMIC_HORIZON_SCALED,37.0
2024-08-05T00:00:00,2024-08-11 00:00:00,144,12.9716,77.5946,29.0,22.0,6.5,1002.8,62.6,81.8,4.7,1.4,29.5,3.0,8.1,1010.0,0.5,19.0,1.5999999999999996,7.2000000000000455,Nearest Neighbor with Euclidean distance <= 0.5°,0.0,0,NONE,DYNAMIC_HORIZON_SCALED,40.0
2024-08-05T00:00:00,2024-08-12 00:00:00,168,12.9716,77.5946,28.8,14.4,5.0,1001.6,55.0,58.1,5.35,1.6,29.4,1.0,6.4,1010.0,0.5999999999999979,13.4,1.4000000000000004,8.399999999999977,Nearest Neighbor with Euclidean distance <= 0.5°,0.0,0,NONE,DYNAMIC_HORIZON_SCALED,43.0
2024-08-05T00:00:00,2024-08-13 00:00:00,192,12.9716,77.5946,28.6,7.5,6.9,1000.4,64.7,36.6,6.0,1.8,29.3,3.6,4.8,1010.0,0.6999999999999993,3.9,2.1000000000000005,9.600000000000023,Nearest Neighbor with Euclidean distance <= 0.5°,0.0,0,NONE,DYNAMIC_HORIZON_SCALED,46.0
2024-08-05T00:00:00,2024-08-14 00:00:00,216,12.9716,77.5946,28.5,9.3,10.1,999.2,80.4,42.1,6.65,2.0,29.2,7.8,5.2,1010.0,0.6999999999999993,1.5000000000000009,4.8999999999999995,10.799999999999955,Nearest Neighbor with Euclidean distance <= 0.5°,0.0,0,NONE,DYNAMIC_HORIZON_SCALED,49.0
2024-08-05T00:00:00,2024-08-15 00:00:00,240,12.9716,77.5946,28.3,17.6,10.8,998.0,84.2,68.1,7.3,2.2,29.2,8.8,7.1,1010.0,0.8999999999999986,8.8,3.700000000000001,12.0,Nearest Neighbor with Euclidean distance <= 0.5°,0.0,0,NONE,DYNAMIC_HORIZON_SCALED,52.0
2024-08-05T00:00:00,2024-08-06 00:00:00,24,13.0827,80.2707,31.8,0.5,7.3,1008.8,56.4,70.6,1.45,0.4,29.9,1.4,7.3,1010.0,1.9000000000000021,0.8999999999999999,0.0,1.2000000000000455,Nearest Neighbor with Euclidean distance <= 0.5°,0.0,0,NONE,DYNAMIC_HORIZON_SCALED,25.0
2024-08-05T00:00:00,2024-08-07 00:00:00,48,13.0827,80.2707,31.7,1.2,5.2,1007.6,58.5,44.0,2.1,0.6,29.8,1.9,5.3,1010.0,1.8999999999999986,0.7,0.09999999999999964,2.3999999999999773,Nearest Neighbor with Euclidean distance <= 0.5°,0.0,0,NONE,DYNAMIC_HORIZON_SCALED,28.0
2024-08-05T00:00:00,2024-08-08 00:00:00,72,13.0827,80.2707,31.5,6.3,4.6,1006.4,73.8,35.8,2.75,0.8,29.7,6.0,4.8,1010.0,1.8000000000000007,0.2999999999999998,0.20000000000000018,3.6000000000000227,Nearest Neighbor with Euclidean distance <= 0.5°,0.0,0,NONE,DYNAMIC_HORIZON_SCALED,31.0
2024-08-05T00:00:00,2024-08-09 00:00:00,96,13.0827,80.2707,31.3,42.0,14.5,1005.2,84.8,55.5,3.8,2.4,35.5,74.0,16.5,1010.0,4.199999999999999,32.0,2.0,4.7999999999999545,Nearest Neighbor with Euclidean distance <= 0.5°,0.0,0,NONE,DYNAMIC_HORIZON_SCALED,34.0
2024-08-05T00:00:00,2024-08-10 00:00:00,120,13.0827,80.2707,31.1,21.5,9.7,1004.0,78.7,80.4,4.05,1.2,25.5,68.0,16.5,1010.0,5.600000000000001,46.5,6.800000000000001,6.0,Nearest Neighbor with Euclidean distance <= 0.5°,0.0,1,MODERATE,DYNAMIC_HORIZON_SCALED,37.0
2024-08-05T00:00:00,2024-08-11 00:00:00,144,13.0827,80.2707,31.0,22.0,6.5,1002.8,62.6,81.8,4.7,1.4,29.5,3.0,8.1,1010.0,1.5,19.0,1.5999999999999996,7.2000000000000455,Nearest Neighbor with Euclidean distance <= 0.5°,0.0,0,NONE,DYNAMIC_HORIZON_SCALED,40.0
2024-08-05T00:00:00,2024-08-12 00:00:00,168,13.0827,80.2707,30.8,14.4,5.0,1001.6,55.0,58.1,5.35,1.6,29.4,1.0,6.4,1010.0,1.4000000000000021,13.4,1.4000000000000004,8.399999999999977,Nearest Neighbor with Euclidean distance <= 0.5°,0.0,0,NONE,DYNAMIC_HORIZON_SCALED,43.0
2024-08-05T00:00:00,2024-08-13 00:00:00,192,13.0827,80.2707,30.6,7.5,6.9,1000.4,64.7,36.6,6.0,1.8,35.5,70.0,18.5,1010.0,4.899999999999999,62.5,11.6,9.600000000000023,Nearest Neighbor with Euclidean distance <= 0.5°,0.0,1,MODERATE,DYNAMIC_HORIZON_SCALED,46.0
2024-08-05T00:00:00,2024-08-14 00:00:00,216,13.0827,80.2707,30.5,9.3,10.1,999.2,80.4,42.1,6.65,2.0,29.2,7.8,5.2,1010.0,1.3000000000000007,1.5000000000000009,4.8999999999999995,10.799999999999955,Nearest Neighbor with Euclidean distance <= 0.5°,0.0,0,NONE,DYNAMIC_HORIZON_SCALED,49.0
2024-08-05T00:00:00,2024-08-15 00:00:00,240,13.0827,80.2707,30.3,17.6,10.8,998.0,84.2,68.1,7.3,2.2,29.2,8.8,7.1,1010.0,1.1000000000000014,8.8,3.700000000000001,12.0,Nearest Neighbor with Euclidean distance <= 0.5°,0.0,0,NONE,DYNAMIC_HORIZON_SCALED,52.0
2024-08-05T00:00:00,2024-08-06 00:00:00,24,22.5726,88.3639,29.8,0.5,7.3,1008.8,56.4,70.6,1.45,0.4,29.9,1.4,7.3,1010.0,0.09999999999999787,0.8999999999999999,0.0,1.2000000000000455,Nearest Neighbor with Euclidean distance <= 0.5°,0.0,0,NONE,DYNAMIC_HORIZON_SCALED,25.0
2024-08-05T00:00:00,2024-08-07 00:00:00,48,22.5726,88.3639,29.7,1.2,5.2,1007.6,58.5,44.0,2.1,0.6,29.8,1.9,5.3,1010.0,0.10000000000000142,0.7,0.09999999999999964,2.3999999999999773,Nearest Neighbor with Euclidean distance <= 0.5°,0.0,0,NONE,DYNAMIC_HORIZON_SCALED,28.0
2024-08-05T00:00:00,2024-08-08 00:00:00,72,22.5726,88.3639,29.5,6.3,4.6,1006.4,73.8,35.8,2.75,0.8,29.7,6.0,4.8,1010.0,0.1999999999999993,0.2999999999999998,0.20000000000000018,3.6000000000000227,Nearest Neighbor with Euclidean distance <= 0.5°,0.0,0,NONE,DYNAMIC_HORIZON_SCALED,31.0
2024-08-05T00:00:00,2024-08-09 00:00:00,96,22.5726,88.3639,29.3,42.0,14.5,1005.2,84.8,55.5,3.8,2.4,29.7,8.9,6.2,1010.0,0.3999999999999986,33.1,8.3,4.7999999999999545,Nearest Neighbor with Euclidean distance <= 0.5°,0.0,0,NONE,DYNAMIC_HORIZON_SCALED,34.0
2024-08-05T00:00:00,2024-08-10 00:00:00,120,22.5726,88.3639,29.1,21.5,9.7,1004.0,78.7,80.4,4.05,1.2,29.6,7.3,8.0,1010.0,0.5,14.2,1.6999999999999993,6.0,Nearest Neighbor with Euclidean distance <= 0.5°,0.0,0,NONE,DYNAMIC_HORIZON_SCALED,37.0
2024-08-05T00:00:00,2024-08-11 00:00:00,144,22.5726,88.3639,29.0,22.0,6.5,1002.8,62.6,81.8,4.7,1.4,29.5,3.0,8.1,1010.0,0.5,19.0,1.5999999999999996,7.2000000000000455,Nearest Neighbor with Euclidean distance <= 0.5°,0.0,0,NONE,DYNAMIC_HORIZON_SCALED,40.0
2024-08-05T00:00:00,2024-08-12 00:00:00,168,22.5726,88.3639,28.8,14.4,5.0,1001.6,55.0,58.1,5.35,1.6,35.5,76.0,18.5,1010.0,6.699999999999999,61.6,13.5,8.399999999999977,Nearest Neighbor with Euclidean distance <= 0.5°,0.0,1,MODERATE,DYNAMIC_HORIZON_SCALED,43.0
2024-08-05T00:00:00,2024-08-13 00:00:00,192,22.5726,88.3639,28.6,7.5,6.9,1000.4,64.7,36.6,6.0,1.8,29.3,3.6,4.8,1010.0,0.6999999999999993,3.9,2.1000000000000005,9.600000000000023,Nearest Neighbor with Euclidean distance <= 0.5°,0.0,0,NONE,DYNAMIC_HORIZON_SCALED,46.0
2024-08-05T00:00:00,2024-08-14 00:00:00,216,22.5726,88.3639,28.5,9.3,10.1,999.2,80.4,42.1,6.65,2.0,29.2,7.8,5.2,1010.0,0.6999999999999993,1.5000000000000009,4.8999999999999995,10.799999999999955,Nearest Neighbor with Euclidean distance <= 0.5°,0.0,0,NONE,DYNAMIC_HORIZON_SCALED,49.0
2024-08-05T00:00:00,2024-08-15 00:00:00,240,22.5726,88.3639,28.3,17.6,10.8,998.0,84.2,68.1,7.3,2.2,29.2,8.8,7.1,1010.0,0.8999999999999986,8.8,3.700000000000001,12.0,Nearest Neighbor with Euclidean distance <= 0.5°,0.0,0,NONE,DYNAMIC_HORIZON_SCALED,52.0
2024-08-05T00:00:00,2024-08-06 00:00:00,24,17.385,78.4867,29.8,0.5,7.3,1008.8,56.4,70.6,1.45,0.4,29.9,1.4,7.3,1010.0,0.09999999999999787,0.8999999999999999,0.0,1.2000000000000455,Nearest Neighbor with Euclidean distance <= 0.5°,0.0,0,NONE,DYNAMIC_HORIZON_SCALED,25.0
2024-08-05T00:00:00,2024-08-07 00:00:00,48,17.385,78.4867,29.7,1.2,5.2,1007.6,58.5,44.0,2.1,0.6,29.8,1.9,5.3,1010.0,0.10000000000000142,0.7,0.09999999999999964,2.3999999999999773,Nearest Neighbor with Euclidean distance <= 0.5°,0.0,0,NONE,DYNAMIC_HORIZON_SCALED,28.0
2024-08-05T00:00:00,2024-08-08 00:00:00,72,17.385,78.4867,29.5,6.3,4.6,1006.4,73.8,35.8,2.75,0.8,29.7,6.0,4.8,1010.0,0.1999999999999993,0.2999999999999998,0.20000000000000018,3.6000000000000227,Nearest Neighbor with Euclidean distance <= 0.5°,0.0,0,NONE,DYNAMIC_HORIZON_SCALED,31.0
2024-08-05T00:00:00,2024-08-09 00:00:00,96,17.385,78.4867,29.3,42.0,14.5,1005.2,84.8,55.5,3.8,2.4,25.5,72.0,17.5,1010.0,3.8000000000000007,30.0,3.0,4.7999999999999545,Nearest Neighbor with Euclidean distance <= 0.5°,0.0,0,NONE,DYNAMIC_HORIZON_SCALED,34.0
2024-08-05T00:00:00,2024-08-10 00:00:00,120,17.385,78.4867,29.1,21.5,9.7,1004.0,78.7,80.4,4.05,1.2,29.6,7.3,8.0,1010.0,0.5,14.2,1.6999999999999993,6.0,Nearest Neighbor with Euclidean distance <= 0.5°,0.0,0,NONE,DYNAMIC_HORIZON_SCALED,37.0
2024-08-05T00:00:00,2024-08-11 00:00:00,144,17.385,78.4867,29.0,22.0,6.5,1002.8,62.6,81.8,4.7,1.4,29.5,3.0,8.1,1010.0,0.5,19.0,1.5999999999999996,7.2000000000000455,Nearest Neighbor with Euclidean distance <= 0.5°,0.0,0,NONE,DYNAMIC_HORIZON_SCALED,40.0
2024-08-05T00:00:00,2024-08-12 00:00:00,168,17.385,78.4867,28.8,14.4,5.0,1001.6,55.0,58.1,5.35,1.6,29.4,1.0,6.4,1010.0,0.5999999999999979,13.4,1.4000000000000004,8.399999999999977,Nearest Neighbor with Euclidean distance <= 0.5°,0.0,0,NONE,DYNAMIC_HORIZON_SCALED,43.0
2024-08-05T00:00:00,2024-08-13 00:00:00,192,17.385,78.4867,28.6,7.5,6.9,1000.4,64.7,36.6,6.0,1.8,25.5,68.0,19.5,1010.0,3.1000000000000014,60.5,12.6,9.600000000000023,Nearest Neighbor with Euclidean distance <= 0.5°,0.0,1,MODERATE,DYNAMIC_HORIZON_SCALED,46.0
2024-08-05T00:00:00,2024-08-14 00:00:00,216,17.385,78.4867,28.5,9.3,10.1,999.2,80.4,42.1,6.65,2.0,29.2,7.8,5.2,1010.0,0.6999999999999993,1.5000000000000009,4.8999999999999995,10.799999999999955,Nearest Neighbor with Euclidean distance <= 0.5°,0.0,0,NONE,DYNAMIC_HORIZON_SCALED,49.0
2024-08-05T00:00:00,2024-08-15 00:00:00,240,17.385,78.4867,28.3,17.6,10.8,998.0,84.2,68.1,7.3,2.2,29.2,8.8,7.1,1010.0,0.8999999999999986,8.8,3.700000000000001,12.0,Nearest Neighbor with Euclidean distance <= 0.5°,0.0,0,NONE,DYNAMIC_HORIZON_SCALED,52.0
2024-08-05T00:00:00,2024-08-06 00:00:00,24,23.0225,72.5714,31.8,0.5,7.3,1008.8,56.4,70.6,1.45,0.4,29.9,1.4,7.3,1010.0,1.9000000000000021,0.8999999999999999,0.0,1.2000000000000455,Nearest Neighbor with Euclidean distance <= 0.5°,0.0,0,NONE,DYNAMIC_HORIZON_SCALED,25.0
2024-08-05T00:00:00,2024-08-07 00:00:00,48,23.0225,72.5714,31.7,1.2,5.2,1007.6,58.5,44.0,2.1,0.6,29.8,1.9,5.3,1010.0,1.8999999999999986,0.7,0.09999999999999964,2.3999999999999773,Nearest Neighbor with Euclidean distance <= 0.5°,0.0,0,NONE,DYNAMIC_HORIZON_SCALED,28.0
2024-08-05T00:00:00,2024-08-08 00:00:00,72,23.0225,72.5714,31.5,6.3,4.6,1006.4,73.8,35.8,2.75,0.8,29.7,6.0,4.8,1010.0,1.8000000000000007,0.2999999999999998,0.20000000000000018,3.6000000000000227,Nearest Neighbor with Euclidean distance <= 0.5°,0.0,0,NONE,DYNAMIC_HORIZON_SCALED,31.0
2024-08-05T00:00:00,2024-08-09 00:00:00,96,23.0225,72.5714,31.3,42.0,14.5,1005.2,84.8,55.5,3.8,2.4,25.5,76.0,21.5,1010.0,5.800000000000001,34.0,7.0,4.7999999999999545,Nearest Neighbor with Euclidean distance <= 0.5°,0.0,1,MODERATE,DYNAMIC_HORIZON_SCALED,34.0
2024-08-05T00:00:00,2024-08-10 00:00:00,120,23.0225,72.5714,31.1,21.5,9.7,1004.0,78.7,80.4,4.05,1.2,29.6,7.3,8.0,1010.0,1.5,14.2,1.6999999999999993,6.0,Nearest Neighbor with Euclidean distance <= 0.5°,0.0,0,NONE,DYNAMIC_HORIZON_SCALED,37.0
2024-08-05T00:00:00,2024-08-11 00:00:00,144,23.0225,72.5714,31.0,22.0,6.5,1002.8,62.6,81.8,4.7,1.4,29.5,3.0,8.1,1010.0,1.5,19.0,1.5999999999999996,7.2000000000000455,Nearest Neighbor with Euclidean distance <= 0.5°,0.0,0,NONE,DYNAMIC_HORIZON_SCALED,40.0
2024-08-05T00:00:00,2024-08-12 00:00:00,168,23.0225,72.5714,30.8,14.4,5.0,1001.6,55.0,58.1,5.35,1.6,29.4,1.0,6.4,1010.0,1.4000000000000021,13.4,1.4000000000000004,8.399999999999977,Nearest Neighbor with Euclidean distance <= 0.5°,0.0,0,NONE,DYNAMIC_HORIZON_SCALED,43.0
2024-08-05T00:00:00,2024-08-13 00:00:00,192,23.0225,72.5714,30.6,7.5,6.9,1000.4,64.7,36.6,6.0,1.8,25.5,72.0,17.5,1010.0,5.100000000000001,64.5,10.6,9.600000000000023,Nearest Neighbor with Euclidean distance <= 0.5°,0.0,1,MODERATE,DYNAMIC_HORIZON_SCALED,46.0
2024-08-05T00:00:00,2024-08-14 00:00:00,216,23.0225,72.5714,30.5,9.3,10.1,999.2,80.4,42.1,6.65,2.0,29.2,7.8,5.2,1010.0,1.3000000000000007,1.5000000000000009,4.8999999999999995,10.799999999999955,Nearest Neighbor with Euclidean distance <= 0.5°,0.0,0,NONE,DYNAMIC_HORIZON_SCALED,49.0
2024-08-05T00:00:00,2024-08-15 00:00:00,240,23.0225,72.5714,30.3,17.6,10.8,998.0,84.2,68.1,7.3,2.2,29.2,8.8,7.1,1010.0,1.1000000000000014,8.8,3.700000000000001,12.0,Nearest Neighbor with Euclidean distance <= 0.5°,0.0,0,NONE,DYNAMIC_HORIZON_SCALED,52.0
2024-08-05T00:00:00,2024-08-06 00:00:00,24,26.9124,75.7873,29.8,0.5,7.3,1008.8,56.4,70.6,1.45,0.4,29.9,1.4,7.3,1010.0,0.09999999999999787,0.8999999999999999,0.0,1.2000000000000455,Nearest Neighbor with Euclidean distance <= 0.5°,0.0,0,NONE,DYNAMIC_HORIZON_SCALED,25.0
2024-08-05T00:00:00,2024-08-07 00:00:00,48,26.9124,75.7873,29.7,1.2,5.2,1007.6,58.5,44.0,2.1,0.6,29.8,1.9,5.3,1010.0,0.10000000000000142,0.7,0.09999999999999964,2.3999999999999773,Nearest Neighbor with Euclidean distance <= 0.5°,0.0,0,NONE,DYNAMIC_HORIZON_SCALED,28.0
2024-08-05T00:00:00,2024-08-08 00:00:00,72,26.9124,75.7873,29.5,6.3,4.6,1006.4,73.8,35.8,2.75,0.8,29.7,6.0,4.8,1010.0,0.1999999999999993,0.2999999999999998,0.20000000000000018,3.6000000000000227,Nearest Neighbor with Euclidean distance <= 0.5°,0.0,0,NONE,DYNAMIC_HORIZON_SCALED,31.0
2024-08-05T00:00:00,2024-08-09 00:00:00,96,26.9124,75.7873,29.3,42.0,14.5,1005.2,84.8,55.5,3.8,2.4,29.7,8.9,6.2,1010.0,0.3999999999999986,33.1,8.3,4.7999999999999545,Nearest Neighbor with Euclidean distance <= 0.5°,0.0,0,NONE,DYNAMIC_HORIZON_SCALED,34.0
2024-08-05T00:00:00,2024-08-10 00:00:00,120,26.9124,75.7873,29.1,21.5,9.7,1004.0,78.7,80.4,4.05,1.2,29.6,7.3,8.0,1010.0,0.5,14.2,1.6999999999999993,6.0,Nearest Neighbor with Euclidean distance <= 0.5°,0.0,0,NONE,DYNAMIC_HORIZON_SCALED,37.0
2024-08-05T00:00:00,2024-08-11 00:00:00,144,26.9124,75.7873,29.0,22.0,6.5,1002.8,62.6,81.8,4.7,1.4,29.5,3.0,8.1,1010.0,0.5,19.0,1.5999999999999996,7.2000000000000455,Nearest Neighbor with Euclidean distance <= 0.5°,0.0,0,NONE,DYNAMIC_HORIZON_SCALED,40.0
2024-08-05T00:00:00,2024-08-12 00:00:00,168,26.9124,75.7873,28.8,14.4,5.0,1001.6,55.0,58.1,5.35,1.6,25.5,70.0,21.5,1010.0,3.3000000000000007,55.6,16.5,8.399999999999977,Nearest Neighbor with Euclidean distance <= 0.5°,0.0,1,MODERATE,DYNAMIC_HORIZON_SCALED,43.0
2024-08-05T00:00:00,2024-08-13 00:00:00,192,26.9124,75.7873,28.6,7.5,6.9,1000.4,64.7,36.6,6.0,1.8,29.3,3.6,4.8,1010.0,0.6999999999999993,3.9,2.1000000000000005,9.600000000000023,Nearest Neighbor with Euclidean distance <= 0.5°,0.0,0,NONE,DYNAMIC_HORIZON_SCALED,46.0
2024-08-05T00:00:00,2024-08-14 00:00:00,216,26.9124,75.7873,28.5,9.3,10.1,999.2,80.4,42.1,6.65,2.0,29.2,7.8,5.2,1010.0,0.6999999999999993,1.5000000000000009,4.8999999999999995,10.799999999999955,Nearest Neighbor with Euclidean distance <= 0.5°,0.0,0,NONE,DYNAMIC_HORIZON_SCALED,49.0
2024-08-05T00:00:00,2024-08-15 00:00:00,240,26.9124,75.7873,28.3,17.6,10.8,998.0,84.2,68.1,7.3,2.2,29.2,8.8,7.1,1010.0,0.8999999999999986,8.8,3.700000000000001,12.0,Nearest Neighbor with Euclidean distance <= 0.5°,0.0,0,NONE,DYNAMIC_HORIZON_SCALED,52.0
2024-08-05T00:00:00,2024-08-06 00:00:00,24,31.1048,77.1734,19.8,0.5,7.3,948.8,56.4,70.6,1.45,0.4,19.9,1.4,7.3,950.0,0.09999999999999787,0.8999999999999999,0.0,1.2000000000000455,Nearest Neighbor with Euclidean distance <= 0.5°,0.0,0,NONE,DYNAMIC_HORIZON_SCALED,25.0
2024-08-05T00:00:00,2024-08-07 00:00:00,48,31.1048,77.1734,19.7,1.2,5.2,947.6,58.5,44.0,2.1,0.6,19.8,1.9,5.3,950.0,0.10000000000000142,0.7,0.09999999999999964,2.3999999999999773,Nearest Neighbor with Euclidean distance <= 0.5°,0.0,0,NONE,DYNAMIC_HORIZON_SCALED,28.0
2024-08-05T00:00:00,2024-08-08 00:00:00,72,31.1048,77.1734,19.5,6.3,4.6,946.4,73.8,35.8,2.75,0.8,19.7,6.0,4.8,950.0,0.1999999999999993,0.2999999999999998,0.20000000000000018,3.6000000000000227,Nearest Neighbor with Euclidean distance <= 0.5°,0.0,0,NONE,DYNAMIC_HORIZON_SCALED,31.0
2024-08-05T00:00:00,2024-08-09 00:00:00,96,31.1048,77.1734,19.3,42.0,14.5,945.2,84.8,55.5,3.8,2.4,19.7,8.9,6.2,950.0,0.3999999999999986,33.1,8.3,4.7999999999999545,Nearest Neighbor with Euclidean distance <= 0.5°,0.0,0,NONE,DYNAMIC_HORIZON_SCALED,34.0
2024-08-05T00:00:00,2024-08-10 00:00:00,120,31.1048,77.1734,19.1,21.5,9.7,944.0,78.7,80.4,4.05,1.2,25.5,70.0,18.5,950.0,6.399999999999999,48.5,8.8,6.0,Nearest Neighbor with Euclidean distance <= 0.5°,0.0,1,MODERATE,DYNAMIC_HORIZON_SCALED,37.0
2024-08-05T00:00:00,2024-08-11 00:00:00,144,31.1048,77.1734,19.0,22.0,6.5,942.8,62.6,81.8,4.7,1.4,19.5,3.0,8.1,950.0,0.5,19.0,1.5999999999999996,7.2000000000000455,Nearest Neighbor with Euclidean distance <= 0.5°,0.0,0,NONE,DYNAMIC_HORIZON_SCALED,40.0
2024-08-05T00:00:00,2024-08-12 00:00:00,168,31.1048,77.1734,18.8,14.4,5.0,941.6,55.0,58.1,5.35,1.6,19.4,1.0,6.4,950.0,0.5999999999999979,13.4,1.4000000000000004,8.399999999999977,Nearest Neighbor with Euclidean distance <= 0.5°,0.0,0,NONE,DYNAMIC_HORIZON_SCALED,43.0
2024-08-05T00:00:00,2024-08-13 00:00:00,192,31.1048,77.1734,18.6,7.5,6.9,940.4,64.7,36.6,6.0,1.8,19.3,3.6,4.8,950.0,0.6999999999999993,3.9,2.1000000000000005,9.600000000000023,Nearest Neighbor with Euclidean distance <= 0.5°,0.0,0,NONE,DYNAMIC_HORIZON_SCALED,46.0
2024-08-05T00:00:00,2024-08-14 00:00:00,216,31.1048,77.1734,18.5,9.3,10.1,939.2,80.4,42.1,6.65,2.0,19.2,7.8,5.2,950.0,0.6999999999999993,1.5000000000000009,4.8999999999999995,10.799999999999955,Nearest Neighbor with Euclidean distance <= 0.5°,0.0,0,NONE,DYNAMIC_HORIZON_SCALED,49.0
2024-08-05T00:00:00,2024-08-15 00:00:00,240,31.1048,77.1734,18.3,17.6,10.8,938.0,84.2,68.1,7.3,2.2,19.2,8.8,7.1,950.0,0.8999999999999986,8.8,3.700000000000001,12.0,Nearest Neighbor with Euclidean distance <= 0.5°,0.0,0,NONE,DYNAMIC_HORIZON_SCALED,52.0
2024-08-05T00:00:00,2024-08-06 00:00:00,24,26.1445,91.7362,29.8,0.5,7.3,1008.8,56.4,70.6,1.45,0.4,29.9,1.4,7.3,1010.0,0.09999999999999787,0.8999999999999999,0.0,1.2000000000000455,Nearest Neighbor with Euclidean distance <= 0.5°,0.0,0,NONE,DYNAMIC_HORIZON_SCALED,25.0
2024-08-05T00:00:00,2024-08-07 00:00:00,48,26.1445,91.7362,29.7,1.2,5.2,1007.6,58.5,44.0,2.1,0.6,29.8,1.9,5.3,1010.0,0.10000000000000142,0.7,0.09999999999999964,2.3999999999999773,Nearest Neighbor with Euclidean distance <= 0.5°,0.0,0,NONE,DYNAMIC_HORIZON_SCALED,28.0
2024-08-05T00:00:00,2024-08-08 00:00:00,72,26.1445,91.7362,29.5,6.3,4.6,1006.4,73.8,35.8,2.75,0.8,29.7,6.0,4.8,1010.0,0.1999999999999993,0.2999999999999998,0.20000000000000018,3.6000000000000227,Nearest Neighbor with Euclidean distance <= 0.5°,0.0,0,NONE,DYNAMIC_HORIZON_SCALED,31.0
2024-08-05T00:00:00,2024-08-09 00:00:00,96,26.1445,91.7362,29.3,42.0,14.5,1005.2,84.8,55.5,3.8,2.4,25.5,80.0,19.5,1010.0,3.8000000000000007,38.0,5.0,4.7999999999999545,Nearest Neighbor with Euclidean distance <= 0.5°,0.0,1,MODERATE,DYNAMIC_HORIZON_SCALED,34.0
2024-08-05T00:00:00,2024-08-10 00:00:00,120,26.1445,91.7362,29.1,21.5,9.7,1004.0,78.7,80.4,4.05,1.2,29.6,7.3,8.0,1010.0,0.5,14.2,1.6999999999999993,6.0,Nearest Neighbor with Euclidean distance <= 0.5°,0.0,0,NONE,DYNAMIC_HORIZON_SCALED,37.0
2024-08-05T00:00:00,2024-08-11 00:00:00,144,26.1445,91.7362,29.0,22.0,6.5,1002.8,62.6,81.8,4.7,1.4,29.5,3.0,8.1,1010.0,0.5,19.0,1.5999999999999996,7.2000000000000455,Nearest Neighbor with Euclidean distance <= 0.5°,0.0,0,NONE,DYNAMIC_HORIZON_SCALED,40.0
2024-08-05T00:00:00,2024-08-12 00:00:00,168,26.1445,91.7362,28.8,14.4,5.0,1001.6,55.0,58.1,5.35,1.6,29.4,1.0,6.4,1010.0,0.5999999999999979,13.4,1.4000000000000004,8.399999999999977,Nearest Neighbor with Euclidean distance <= 0.5°,0.0,0,NONE,DYNAMIC_HORIZON_SCALED,43.0
2024-08-05T00:00:00,2024-08-13 00:00:00,192,26.1445,91.7362,28.6,7.5,6.9,1000.4,64.7,36.6,6.0,1.8,25.5,76.0,21.5,1010.0,3.1000000000000014,68.5,14.6,9.600000000000023,Nearest Neighbor with Euclidean distance <= 0.5°,0.0,1,MODERATE,DYNAMIC_HORIZON_SCALED,46.0
2024-08-05T00:00:00,2024-08-14 00:00:00,216,26.1445,91.7362,28.5,9.3,10.1,999.2,80.4,42.1,6.65,2.0,29.2,7.8,5.2,1010.0,0.6999999999999993,1.5000000000000009,4.8999999999999995,10.799999999999955,Nearest Neighbor with Euclidean distance <= 0.5°,0.0,0,NONE,DYNAMIC_HORIZON_SCALED,49.0
2024-08-05T00:00:00,2024-08-15 00:00:00,240,26.1445,91.7362,28.3,17.6,10.8,998.0,84.2,68.1,7.3,2.2,29.2,8.8,7.1,1010.0,0.8999999999999986,8.8,3.700000000000001,12.0,Nearest Neighbor with Euclidean distance <= 0.5°,0.0,0,NONE,DYNAMIC_HORIZON_SCALED,52.0
2024-08-05T00:00:00,2024-08-06 00:00:00,24,34.0837,74.7973,19.8,0.5,7.3,948.8,56.4,70.6,1.45,0.4,19.9,1.4,7.3,950.0,0.09999999999999787,0.8999999999999999,0.0,1.2000000000000455,Nearest Neighbor with Euclidean distance <= 0.5°,0.0,0,NONE,DYNAMIC_HORIZON_SCALED,25.0
2024-08-05T00:00:00,2024-08-07 00:00:00,48,34.0837,74.7973,19.7,1.2,5.2,947.6,58.5,44.0,2.1,0.6,19.8,1.9,5.3,950.0,0.10000000000000142,0.7,0.09999999999999964,2.3999999999999773,Nearest Neighbor with Euclidean distance <= 0.5°,0.0,0,NONE,DYNAMIC_HORIZON_SCALED,28.0
2024-08-05T00:00:00,2024-08-08 00:00:00,72,34.0837,74.7973,19.5,6.3,4.6,946.4,73.8,35.8,2.75,0.8,19.7,6.0,4.8,950.0,0.1999999999999993,0.2999999999999998,0.20000000000000018,3.6000000000000227,Nearest Neighbor with Euclidean distance <= 0.5°,0.0,0,NONE,DYNAMIC_HORIZON_SCALED,31.0
2024-08-05T00:00:00,2024-08-09 00:00:00,96,34.0837,74.7973,19.3,42.0,14.5,945.2,84.8,55.5,3.8,2.4,19.7,8.9,6.2,950.0,0.3999999999999986,33.1,8.3,4.7999999999999545,Nearest Neighbor with Euclidean distance <= 0.5°,0.0,0,NONE,DYNAMIC_HORIZON_SCALED,34.0
2024-08-05T00:00:00,2024-08-10 00:00:00,120,34.0837,74.7973,19.1,21.5,9.7,944.0,78.7,80.4,4.05,1.2,19.6,7.3,8.0,950.0,0.5,14.2,1.6999999999999993,6.0,Nearest Neighbor with Euclidean distance <= 0.5°,0.0,0,NONE,DYNAMIC_HORIZON_SCALED,37.0
2024-08-05T00:00:00,2024-08-11 00:00:00,144,34.0837,74.7973,19.0,22.0,6.5,942.8,62.6,81.8,4.7,1.4,19.5,3.0,8.1,950.0,0.5,19.0,1.5999999999999996,7.2000000000000455,Nearest Neighbor with Euclidean distance <= 0.5°,0.0,0,NONE,DYNAMIC_HORIZON_SCALED,40.0
2024-08-05T00:00:00,2024-08-12 00:00:00,168,34.0837,74.7973,18.8,14.4,5.0,941.6,55.0,58.1,5.35,1.6,15.5,77.0,16.5,950.0,3.3000000000000007,62.6,11.5,8.399999999999977,Nearest Neighbor with Euclidean distance <= 0.5°,0.0,1,MODERATE,DYNAMIC_HORIZON_SCALED,43.0
2024-08-05T00:00:00,2024-08-13 00:00:00,192,34.0837,74.7973,18.6,7.5,6.9,940.4,64.7,36.6,6.0,1.8,19.3,3.6,4.8,950.0,0.6999999999999993,3.9,2.1000000000000005,9.600000000000023,Nearest Neighbor with Euclidean distance <= 0.5°,0.0,0,NONE,DYNAMIC_HORIZON_SCALED,46.0
2024-08-05T00:00:00,2024-08-14 00:00:00,216,34.0837,74.7973,18.5,9.3,10.1,939.2,80.4,42.1,6.65,2.0,19.2,7.8,5.2,950.0,0.6999999999999993,1.5000000000000009,4.8999999999999995,10.799999999999955,Nearest Neighbor with Euclidean distance <= 0.5°,0.0,0,NONE,DYNAMIC_HORIZON_SCALED,49.0
2024-08-05T00:00:00,2024-08-15 00:00:00,240,34.0837,74.7973,18.3,17.6,10.8,938.0,84.2,68.1,7.3,2.2,19.2,8.8,7.1,950.0,0.8999999999999986,8.8,3.700000000000001,12.0,Nearest Neighbor with Euclidean distance <= 0.5°,0.0,0,NONE,DYNAMIC_HORIZON_SCALED,52.0
2024-08-05T00:00:00,2024-08-06 00:00:00,24,8.5241,76.9366,29.8,0.5,7.3,1008.8,56.4,70.6,1.45,0.4,29.9,1.4,7.3,1010.0,0.09999999999999787,0.8999999999999999,0.0,1.2000000000000455,Nearest Neighbor with Euclidean distance <= 0.5°,0.0,0,NONE,DYNAMIC_HORIZON_SCALED,25.0
2024-08-05T00:00:00,2024-08-07 00:00:00,48,8.5241,76.9366,29.7,1.2,5.2,1007.6,58.5,44.0,2.1,0.6,29.8,1.9,5.3,1010.0,0.10000000000000142,0.7,0.09999999999999964,2.3999999999999773,Nearest Neighbor with Euclidean distance <= 0.5°,0.0,0,NONE,DYNAMIC_HORIZON_SCALED,28.0
2024-08-05T00:00:00,2024-08-08 00:00:00,72,8.5241,76.9366,29.5,6.3,4.6,1006.4,73.8,35.8,2.75,0.8,29.7,6.0,4.8,1010.0,0.1999999999999993,0.2999999999999998,0.20000000000000018,3.6000000000000227,Nearest Neighbor with Euclidean distance <= 0.5°,0.0,0,NONE,DYNAMIC_HORIZON_SCALED,31.0
2024-08-05T00:00:00,2024-08-09 00:00:00,96,8.5241,76.9366,29.3,42.0,14.5,1005.2,84.8,55.5,3.8,2.4,25.5,70.0,21.5,1010.0,3.8000000000000007,28.0,7.0,4.7999999999999545,Nearest Neighbor with Euclidean distance <= 0.5°,0.0,0,NONE,DYNAMIC_HORIZON_SCALED,34.0
2024-08-05T00:00:00,2024-08-10 00:00:00,120,8.5241,76.9366,29.1,21.5,9.7,1004.0,78.7,80.4,4.05,1.2,29.6,7.3,8.0,1010.0,0.5,14.2,1.6999999999999993,6.0,Nearest Neighbor with Euclidean distance <= 0.5°,0.0,0,NONE,DYNAMIC_HORIZON_SCALED,37.0
2024-08-05T00:00:00,2024-08-11 00:00:00,144,8.5241,76.9366,29.0,22.0,6.5,1002.8,62.6,81.8,4.7,1.4,29.5,3.0,8.1,1010.0,0.5,19.0,1.5999999999999996,7.2000000000000455,Nearest Neighbor with Euclidean distance <= 0.5°,0.0,0,NONE,DYNAMIC_HORIZON_SCALED,40.0
2024-08-05T00:00:00,2024-08-12 00:00:00,168,8.5241,76.9366,28.8,14.4,5.0,1001.6,55.0,58.1,5.35,1.6,29.4,1.0,6.4,1010.0,0.5999999999999979,13.4,1.4000000000000004,8.399999999999977,Nearest Neighbor with Euclidean distance <= 0.5°,0.0,0,NONE,DYNAMIC_HORIZON_SCALED,43.0
2024-08-05T00:00:00,2024-08-13 00:00:00,192,8.5241,76.9366,28.6,7.5,6.9,1000.4,64.7,36.6,6.0,1.8,35.5,81.0,17.5,1010.0,6.899999999999999,73.5,10.6,9.600000000000023,Nearest Neighbor with Euclidean distance <= 0.5°,0.0,1,SEVERE,DYNAMIC_HORIZON_SCALED,46.0
2024-08-05T00:00:00,2024-08-14 00:00:00,216,8.5241,76.9366,28.5,9.3,10.1,999.2,80.4,42.1,6.65,2.0,29.2,7.8,5.2,1010.0,0.6999999999999993,1.5000000000000009,4.8999999999999995,10.799999999999955,Nearest Neighbor with Euclidean distance <= 0.5°,0.0,0,NONE,DYNAMIC_HORIZON_SCALED,49.0
2024-08-05T00:00:00,2024-08-15 00:00:00,240,8.5241,76.9366,28.3,17.6,10.8,998.0,84.2,68.1,7.3,2.2,29.2,8.8,7.1,1010.0,0.8999999999999986,8.8,3.700000000000001,12.0,Nearest Neighbor with Euclidean distance <= 0.5°,0.0,0,NONE,DYNAMIC_HORIZON_SCALED,52.0
2024-08-05T00:00:00,2024-08-06 00:00:00,24,20.2961,85.8245,31.8,0.5,7.3,1008.8,56.4,70.6,1.45,0.4,29.9,1.4,7.3,1010.0,1.9000000000000021,0.8999999999999999,0.0,1.2000000000000455,Nearest Neighbor with Euclidean distance <= 0.5°,0.0,0,NONE,DYNAMIC_HORIZON_SCALED,25.0
2024-08-05T00:00:00,2024-08-07 00:00:00,48,20.2961,85.8245,31.7,1.2,5.2,1007.6,58.5,44.0,2.1,0.6,29.8,1.9,5.3,1010.0,1.8999999999999986,0.7,0.09999999999999964,2.3999999999999773,Nearest Neighbor with Euclidean distance <= 0.5°,0.0,0,NONE,DYNAMIC_HORIZON_SCALED,28.0
2024-08-05T00:00:00,2024-08-08 00:00:00,72,20.2961,85.8245,31.5,6.3,4.6,1006.4,73.8,35.8,2.75,0.8,29.7,6.0,4.8,1010.0,1.8000000000000007,0.2999999999999998,0.20000000000000018,3.6000000000000227,Nearest Neighbor with Euclidean distance <= 0.5°,0.0,0,NONE,DYNAMIC_HORIZON_SCALED,31.0
2024-08-05T00:00:00,2024-08-09 00:00:00,96,20.2961,85.8245,31.3,42.0,14.5,1005.2,84.8,55.5,3.8,2.4,29.7,8.9,6.2,1010.0,1.6000000000000014,33.1,8.3,4.7999999999999545,Nearest Neighbor with Euclidean distance <= 0.5°,0.0,0,NONE,DYNAMIC_HORIZON_SCALED,34.0
2024-08-05T00:00:00,2024-08-10 00:00:00,120,20.2961,85.8245,31.1,21.5,9.7,1004.0,78.7,80.4,4.05,1.2,35.5,75.0,17.5,1010.0,4.399999999999999,53.5,7.800000000000001,6.0,Nearest Neighbor with Euclidean distance <= 0.5°,0.0,1,MODERATE,DYNAMIC_HORIZON_SCALED,37.0
2024-08-05T00:00:00,2024-08-11 00:00:00,144,20.2961,85.8245,31.0,22.0,6.5,1002.8,62.6,81.8,4.7,1.4,29.5,3.0,8.1,1010.0,1.5,19.0,1.5999999999999996,7.2000000000000455,Nearest Neighbor with Euclidean distance <= 0.5°,0.0,0,NONE,DYNAMIC_HORIZON_SCALED,40.0
2024-08-05T00:00:00,2024-08-12 00:00:00,168,20.2961,85.8245,30.8,14.4,5.0,1001.6,55.0,58.1,5.35,1.6,29.4,1.0,6.4,1010.0,1.4000000000000021,13.4,1.4000000000000004,8.399999999999977,Nearest Neighbor with Euclidean distance <= 0.5°,0.0,0,NONE,DYNAMIC_HORIZON_SCALED,43.0
2024-08-05T00:00:00,2024-08-13 00:00:00,192,20.2961,85.8245,30.6,7.5,6.9,1000.4,64.7,36.6,6.0,1.8,29.3,3.6,4.8,1010.0,1.3000000000000007,3.9,2.1000000000000005,9.600000000000023,Nearest Neighbor with Euclidean distance <= 0.5°,0.0,0,NONE,DYNAMIC_HORIZON_SCALED,46.0
2024-08-05T00:00:00,2024-08-14 00:00:00,216,20.2961,85.8245,30.5,9.3,10.1,999.2,80.4,42.1,6.65,2.0,29.2,7.8,5.2,1010.0,1.3000000000000007,1.5000000000000009,4.8999999999999995,10.799999999999955,Nearest Neighbor with Euclidean distance <= 0.5°,0.0,0,NONE,DYNAMIC_HORIZON_SCALED,49.0
2024-08-05T00:00:00,2024-08-15 00:00:00,240,20.2961,85.8245,30.3,17.6,10.8,998.0,84.2,68.1,7.3,2.2,29.2,8.8,7.1,1010.0,1.1000000000000014,8.8,3.700000000000001,12.0,Nearest Neighbor with Euclidean distance <= 0.5°,0.0,0,NONE,DYNAMIC_HORIZON_SCALED,52.0
2024-08-05T00:00:00,2024-08-06 00:00:00,24,23.2599,77.4126,29.8,0.5,7.3,1008.8,56.4,70.6,1.45,0.4,29.9,1.4,7.3,1010.0,0.09999999999999787,0.8999999999999999,0.0,1.2000000000000455,Nearest Neighbor with Euclidean distance <= 0.5°,0.0,0,NONE,DYNAMIC_HORIZON_SCALED,25.0
2024-08-05T00:00:00,2024-08-07 00:00:00,48,23.2599,77.4126,29.7,1.2,5.2,1007.6,58.5,44.0,2.1,0.6,29.8,1.9,5.3,1010.0,0.10000000000000142,0.7,0.09999999999999964,2.3999999999999773,Nearest Neighbor with Euclidean distance <= 0.5°,0.0,0,NONE,DYNAMIC_HORIZON_SCALED,28.0
2024-08-05T00:00:00,2024-08-08 00:00:00,72,23.2599,77.4126,29.5,6.3,4.6,1006.4,73.8,35.8,2.75,0.8,29.7,6.0,4.8,1010.0,0.1999999999999993,0.2999999999999998,0.20000000000000018,3.6000000000000227,Nearest Neighbor with Euclidean distance <= 0.5°,0.0,0,NONE,DYNAMIC_HORIZON_SCALED,31.0
2024-08-05T00:00:00,2024-08-09 00:00:00,96,23.2599,77.4126,29.3,42.0,14.5,1005.2,84.8,55.5,3.8,2.4,29.7,8.9,6.2,1010.0,0.3999999999999986,33.1,8.3,4.7999999999999545,Nearest Neighbor with Euclidean distance <= 0.5°,0.0,0,NONE,DYNAMIC_HORIZON_SCALED,34.0
2024-08-05T00:00:00,2024-08-10 00:00:00,120,23.2599,77.4126,29.1,21.5,9.7,1004.0,78.7,80.4,4.05,1.2,25.5,73.0,18.5,1010.0,3.6000000000000014,51.5,8.8,6.0,Nearest Neighbor with Euclidean distance <= 0.5°,0.0,1,MODERATE,DYNAMIC_HORIZON_SCALED,37.0
2024-08-05T00:00:00,2024-08-11 00:00:00,144,23.2599,77.4126,29.0,22.0,6.5,1002.8,62.6,81.8,4.7,1.4,29.5,3.0,8.1,1010.0,0.5,19.0,1.5999999999999996,7.2000000000000455,Nearest Neighbor with Euclidean distance <= 0.5°,0.0,0,NONE,DYNAMIC_HORIZON_SCALED,40.0
2024-08-05T00:00:00,2024-08-12 00:00:00,168,23.2599,77.4126,28.8,14.4,5.0,1001.6,55.0,58.1,5.35,1.6,29.4,1.0,6.4,1010.0,0.5999999999999979,13.4,1.4000000000000004,8.399999999999977,Nearest Neighbor with Euclidean distance <= 0.5°,0.0,0,NONE,DYNAMIC_HORIZON_SCALED,43.0
2024-08-05T00:00:00,2024-08-13 00:00:00,192,23.2599,77.4126,28.6,7.5,6.9,1000.4,64.7,36.6,6.0,1.8,29.3,3.6,4.8,1010.0,0.6999999999999993,3.9,2.1000000000000005,9.600000000000023,Nearest Neighbor with Euclidean distance <= 0.5°,0.0,0,NONE,DYNAMIC_HORIZON_SCALED,46.0
2024-08-05T00:00:00,2024-08-14 00:00:00,216,23.2599,77.4126,28.5,9.3,10.1,999.2,80.4,42.1,6.65,2.0,29.2,7.8,5.2,1010.0,0.6999999999999993,1.5000000000000009,4.8999999999999995,10.799999999999955,Nearest Neighbor with Euclidean distance <= 0.5°,0.0,0,NONE,DYNAMIC_HORIZON_SCALED,49.0
2024-08-05T00:00:00,2024-08-15 00:00:00,240,23.2599,77.4126,28.3,17.6,10.8,998.0,84.2,68.1,7.3,2.2,29.2,8.8,7.1,1010.0,0.8999999999999986,8.8,3.700000000000001,12.0,Nearest Neighbor with Euclidean distance <= 0.5°,0.0,0,NONE,DYNAMIC_HORIZON_SCALED,52.0
2024-08-05T00:00:00,2024-08-06 00:00:00,24,17.6868,83.2185,29.8,0.5,7.3,1008.8,56.4,70.6,1.45,0.4,29.9,1.4,7.3,1010.0,0.09999999999999787,0.8999999999999999,0.0,1.2000000000000455,Nearest Neighbor with Euclidean distance <= 0.5°,0.0,0,NONE,DYNAMIC_HORIZON_SCALED,25.0
2024-08-05T00:00:00,2024-08-07 00:00:00,48,17.6868,83.2185,29.7,1.2,5.2,1007.6,58.5,44.0,2.1,0.6,29.8,1.9,5.3,1010.0,0.10000000000000142,0.7,0.09999999999999964,2.3999999999999773,Nearest Neighbor with Euclidean distance <= 0.5°,0.0,0,NONE,DYNAMIC_HORIZON_SCALED,28.0
2024-08-05T00:00:00,2024-08-08 00:00:00,72,17.6868,83.2185,29.5,6.3,4.6,1006.4,73.8,35.8,2.75,0.8,29.7,6.0,4.8,1010.0,0.1999999999999993,0.2999999999999998,0.20000000000000018,3.6000000000000227,Nearest Neighbor with Euclidean distance <= 0.5°,0.0,0,NONE,DYNAMIC_HORIZON_SCALED,31.0
2024-08-05T00:00:00,2024-08-09 00:00:00,96,17.6868,83.2185,29.3,42.0,14.5,1005.2,84.8,55.5,3.8,2.4,29.7,8.9,6.2,1010.0,0.3999999999999986,33.1,8.3,4.7999999999999545,Nearest Neighbor with Euclidean distance <= 0.5°,0.0,0,NONE,DYNAMIC_HORIZON_SCALED,34.0
2024-08-05T00:00:00,2024-08-10 00:00:00,120,17.6868,83.2185,29.1,21.5,9.7,1004.0,78.7,80.4,4.05,1.2,25.5,73.0,18.5,1010.0,3.6000000000000014,51.5,8.8,6.0,Nearest Neighbor with Euclidean distance <= 0.5°,0.0,1,MODERATE,DYNAMIC_HORIZON_SCALED,37.0
2024-08-05T00:00:00,2024-08-11 00:00:00,144,17.6868,83.2185,29.0,22.0,6.5,1002.8,62.6,81.8,4.7,1.4,29.5,3.0,8.1,1010.0,0.5,19.0,1.5999999999999996,7.2000000000000455,Nearest Neighbor with Euclidean distance <= 0.5°,0.0,0,NONE,DYNAMIC_HORIZON_SCALED,40.0
2024-08-05T00:00:00,2024-08-12 00:00:00,168,17.6868,83.2185,28.8,14.4,5.0,1001.6,55.0,58.1,5.35,1.6,29.4,1.0,6.4,1010.0,0.5999999999999979,13.4,1.4000000000000004,8.399999999999977,Nearest Neighbor with Euclidean distance <= 0.5°,0.0,0,NONE,DYNAMIC_HORIZON_SCALED,43.0
2024-08-05T00:00:00,2024-08-13 00:00:00,192,17.6868,83.2185,28.6,7.5,6.9,1000.4,64.7,36.6,6.0,1.8,29.3,3.6,4.8,1010.0,0.6999999999999993,3.9,2.1000000000000005,9.600000000000023,Nearest Neighbor with Euclidean distance <= 0.5°,0.0,0,NONE,DYNAMIC_HORIZON_SCALED,46.0
2024-08-05T00:00:00,2024-08-14 00:00:00,216,17.6868,83.2185,28.5,9.3,10.1,999.2,80.4,42.1,6.65,2.0,29.2,7.8,5.2,1010.0,0.6999999999999993,1.5000000000000009,4.8999999999999995,10.799999999999955,Nearest Neighbor with Euclidean distance <= 0.5°,0.0,0,NONE,DYNAMIC_HORIZON_SCALED,49.0
2024-08-05T00:00:00,2024-08-15 00:00:00,240,17.6868,83.2185,28.3,17.6,10.8,998.0,84.2,68.1,7.3,2.2,29.2,8.8,7.1,1010.0,0.8999999999999986,8.8,3.700000000000001,12.0,Nearest Neighbor with Euclidean distance <= 0.5°,0.0,0,NONE,DYNAMIC_HORIZON_SCALED,52.0
2024-08-05T00:00:00,2024-08-06 00:00:00,24,25.5941,85.1376,31.8,0.5,7.3,1008.8,56.4,70.6,1.45,0.4,29.9,1.4,7.3,1010.0,1.9000000000000021,0.8999999999999999,0.0,1.2000000000000455,Nearest Neighbor with Euclidean distance <= 0.5°,0.0,0,NONE,DYNAMIC_HORIZON_SCALED,25.0
2024-08-05T00:00:00,2024-08-07 00:00:00,48,25.5941,85.1376,31.7,1.2,5.2,1007.6,58.5,44.0,2.1,0.6,29.8,1.9,5.3,1010.0,1.8999999999999986,0.7,0.09999999999999964,2.3999999999999773,Nearest Neighbor with Euclidean distance <= 0.5°,0.0,0,NONE,DYNAMIC_HORIZON_SCALED,28.0
2024-08-05T00:00:00,2024-08-08 00:00:00,72,25.5941,85.1376,31.5,6.3,4.6,1006.4,73.8,35.8,2.75,0.8,29.7,6.0,4.8,1010.0,1.8000000000000007,0.2999999999999998,0.20000000000000018,3.6000000000000227,Nearest Neighbor with Euclidean distance <= 0.5°,0.0,0,NONE,DYNAMIC_HORIZON_SCALED,31.0
2024-08-05T00:00:00,2024-08-09 00:00:00,96,25.5941,85.1376,31.3,42.0,14.5,1005.2,84.8,55.5,3.8,2.4,35.5,74.0,16.5,1010.0,4.199999999999999,32.0,2.0,4.7999999999999545,Nearest Neighbor with Euclidean distance <= 0.5°,0.0,0,NONE,DYNAMIC_HORIZON_SCALED,34.0
2024-08-05T00:00:00,2024-08-10 00:00:00,120,25.5941,85.1376,31.1,21.5,9.7,1004.0,78.7,80.4,4.05,1.2,25.5,68.0,16.5,1010.0,5.600000000000001,46.5,6.800000000000001,6.0,Nearest Neighbor with Euclidean distance <= 0.5°,0.0,1,MODERATE,DYNAMIC_HORIZON_SCALED,37.0
2024-08-05T00:00:00,2024-08-11 00:00:00,144,25.5941,85.1376,31.0,22.0,6.5,1002.8,62.6,81.8,4.7,1.4,29.5,3.0,8.1,1010.0,1.5,19.0,1.5999999999999996,7.2000000000000455,Nearest Neighbor with Euclidean distance <= 0.5°,0.0,0,NONE,DYNAMIC_HORIZON_SCALED,40.0
2024-08-05T00:00:00,2024-08-12 00:00:00,168,25.5941,85.1376,30.8,14.4,5.0,1001.6,55.0,58.1,5.35,1.6,29.4,1.0,6.4,1010.0,1.4000000000000021,13.4,1.4000000000000004,8.399999999999977,Nearest Neighbor with Euclidean distance <= 0.5°,0.0,0,NONE,DYNAMIC_HORIZON_SCALED,43.0
2024-08-05T00:00:00,2024-08-13 00:00:00,192,25.5941,85.1376,30.6,7.5,6.9,1000.4,64.7,36.6,6.0,1.8,35.5,70.0,18.5,1010.0,4.899999999999999,62.5,11.6,9.600000000000023,Nearest Neighbor with Euclidean distance <= 0.5°,0.0,1,MODERATE,DYNAMIC_HORIZON_SCALED,46.0
2024-08-05T00:00:00,2024-08-14 00:00:00,216,25.5941,85.1376,30.5,9.3,10.1,999.2,80.4,42.1,6.65,2.0,29.2,7.8,5.2,1010.0,1.3000000000000007,1.5000000000000009,4.8999999999999995,10.799999999999955,Nearest Neighbor with Euclidean distance <= 0.5°,0.0,0,NONE,DYNAMIC_HORIZON_SCALED,49.0
2024-08-05T00:00:00,2024-08-15 00:00:00,240,25.5941,85.1376,30.3,17.6,10.8,998.0,84.2,68.1,7.3,2.2,29.2,8.8,7.1,1010.0,1.1000000000000014,8.8,3.700000000000001,12.0,Nearest Neighbor with Euclidean distance <= 0.5°,0.0,0,NONE,DYNAMIC_HORIZON_SCALED,52.0
2024-08-05T00:00:00,2024-08-06 00:00:00,24,26.8467,80.9462,31.8,0.5,7.3,1008.8,56.4,70.6,1.45,0.4,29.9,1.4,7.3,1010.0,1.9000000000000021,0.8999999999999999,0.0,1.2000000000000455,Nearest Neighbor with Euclidean distance <= 0.5°,0.0,0,NONE,DYNAMIC_HORIZON_SCALED,25.0
2024-08-05T00:00:00,2024-08-07 00:00:00,48,26.8467,80.9462,31.7,1.2,5.2,1007.6,58.5,44.0,2.1,0.6,29.8,1.9,5.3,1010.0,1.8999999999999986,0.7,0.09999999999999964,2.3999999999999773,Nearest Neighbor with Euclidean distance <= 0.5°,0.0,0,NONE,DYNAMIC_HORIZON_SCALED,28.0
2024-08-05T00:00:00,2024-08-08 00:00:00,72,26.8467,80.9462,31.5,6.3,4.6,1006.4,73.8,35.8,2.75,0.8,29.7,6.0,4.8,1010.0,1.8000000000000007,0.2999999999999998,0.20000000000000018,3.6000000000000227,Nearest Neighbor with Euclidean distance <= 0.5°,0.0,0,NONE,DYNAMIC_HORIZON_SCALED,31.0
2024-08-05T00:00:00,2024-08-09 00:00:00,96,26.8467,80.9462,31.3,42.0,14.5,1005.2,84.8,55.5,3.8,2.4,29.7,8.9,6.2,1010.0,1.6000000000000014,33.1,8.3,4.7999999999999545,Nearest Neighbor with Euclidean distance <= 0.5°,0.0,0,NONE,DYNAMIC_HORIZON_SCALED,34.0
2024-08-05T00:00:00,2024-08-10 00:00:00,120,26.8467,80.9462,31.1,21.5,9.7,1004.0,78.7,80.4,4.05,1.2,35.5,82.0,18.5,1010.0,4.399999999999999,60.5,8.8,6.0,Nearest Neighbor with Euclidean distance <= 0.5°,0.0,1,SEVERE,DYNAMIC_HORIZON_SCALED,37.0
2024-08-05T00:00:00,2024-08-11 00:00:00,144,26.8467,80.9462,31.0,22.0,6.5,1002.8,62.6,81.8,4.7,1.4,29.5,3.0,8.1,1010.0,1.5,19.0,1.5999999999999996,7.2000000000000455,Nearest Neighbor with Euclidean distance <= 0.5°,0.0,0,NONE,DYNAMIC_HORIZON_SCALED,40.0
2024-08-05T00:00:00,2024-08-12 00:00:00,168,26.8467,80.9462,30.8,14.4,5.0,1001.6,55.0,58.1,5.35,1.6,29.4,1.0,6.4,1010.0,1.4000000000000021,13.4,1.4000000000000004,8.399999999999977,Nearest Neighbor with Euclidean distance <= 0.5°,0.0,0,NONE,DYNAMIC_HORIZON_SCALED,43.0
2024-08-05T00:00:00,2024-08-13 00:00:00,192,26.8467,80.9462,30.6,7.5,6.9,1000.4,64.7,36.6,6.0,1.8,29.3,3.6,4.8,1010.0,1.3000000000000007,3.9,2.1000000000000005,9.600000000000023,Nearest Neighbor with Euclidean distance <= 0.5°,0.0,0,NONE,DYNAMIC_HORIZON_SCALED,46.0
2024-08-05T00:00:00,2024-08-14 00:00:00,216,26.8467,80.9462,30.5,9.3,10.1,999.2,80.4,42.1,6.65,2.0,29.2,7.8,5.2,1010.0,1.3000000000000007,1.5000000000000009,4.8999999999999995,10.799999999999955,Nearest Neighbor with Euclidean distance <= 0.5°,0.0,0,NONE,DYNAMIC_HORIZON_SCALED,49.0
2024-08-05T00:00:00,2024-08-15 00:00:00,240,26.8467,80.9462,30.3,17.6,10.8,998.0,84.2,68.1,7.3,2.2,29.2,8.8,7.1,1010.0,1.1000000000000014,8.8,3.700000000000001,12.0,Nearest Neighbor with Euclidean distance <= 0.5°,0.0,0,NONE,DYNAMIC_HORIZON_SCALED,52.0
2024-08-05T00:00:00,2024-08-06 00:00:00,24,21.1458,79.0882,29.8,0.5,7.3,1008.8,56.4,70.6,1.45,0.4,29.9,1.4,7.3,1010.0,0.09999999999999787,0.8999999999999999,0.0,1.2000000000000455,Nearest Neighbor with Euclidean distance <= 0.5°,0.0,0,NONE,DYNAMIC_HORIZON_SCALED,25.0
2024-08-05T00:00:00,2024-08-07 00:00:00,48,21.1458,79.0882,29.7,1.2,5.2,1007.6,58.5,44.0,2.1,0.6,29.8,1.9,5.3,1010.0,0.10000000000000142,0.7,0.09999999999999964,2.3999999999999773,Nearest Neighbor with Euclidean distance <= 0.5°,0.0,0,NONE,DYNAMIC_HORIZON_SCALED,28.0
2024-08-05T00:00:00,2024-08-08 00:00:00,72,21.1458,79.0882,29.5,6.3,4.6,1006.4,73.8,35.8,2.75,0.8,29.7,6.0,4.8,1010.0,0.1999999999999993,0.2999999999999998,0.20000000000000018,3.6000000000000227,Nearest Neighbor with Euclidean distance <= 0.5°,0.0,0,NONE,DYNAMIC_HORIZON_SCALED,31.0
2024-08-05T00:00:00,2024-08-09 00:00:00,96,21.1458,79.0882,29.3,42.0,14.5,1005.2,84.8,55.5,3.8,2.4,35.5,69.0,17.5,1010.0,6.199999999999999,27.0,3.0,4.7999999999999545,Nearest Neighbor with Euclidean distance <= 0.5°,0.0,1,MODERATE,DYNAMIC_HORIZON_SCALED,34.0
2024-08-05T00:00:00,2024-08-10 00:00:00,120,21.1458,79.0882,29.1,21.5,9.7,1004.0,78.7,80.4,4.05,1.2,25.5,78.0,17.5,1010.0,3.6000000000000014,56.5,7.800000000000001,6.0,Nearest Neighbor with Euclidean distance <= 0.5°,0.0,1,SEVERE,DYNAMIC_HORIZON_SCALED,37.0
2024-08-05T00:00:00,2024-08-11 00:00:00,144,21.1458,79.0882,29.0,22.0,6.5,1002.8,62.6,81.8,4.7,1.4,29.5,3.0,8.1,1010.0,0.5,19.0,1.5999999999999996,7.2000000000000455,Nearest Neighbor with Euclidean distance <= 0.5°,0.0,0,NONE,DYNAMIC_HORIZON_SCALED,40.0
2024-08-05T00:00:00,2024-08-12 00:00:00,168,21.1458,79.0882,28.8,14.4,5.0,1001.6,55.0,58.1,5.35,1.6,29.4,1.0,6.4,1010.0,0.5999999999999979,13.4,1.4000000000000004,8.399999999999977,Nearest Neighbor with Euclidean distance <= 0.5°,0.0,0,NONE,DYNAMIC_HORIZON_SCALED,43.0
2024-08-05T00:00:00,2024-08-13 00:00:00,192,21.1458,79.0882,28.6,7.5,6.9,1000.4,64.7,36.6,6.0,1.8,29.3,3.6,4.8,1010.0,0.6999999999999993,3.9,2.1000000000000005,9.600000000000023,Nearest Neighbor with Euclidean distance <= 0.5°,0.0,0,NONE,DYNAMIC_HORIZON_SCALED,46.0
2024-08-05T00:00:00,2024-08-14 00:00:00,216,21.1458,79.0882,28.5,9.3,10.1,999.2,80.4,42.1,6.65,2.0,29.2,7.8,5.2,1010.0,0.6999999999999993,1.5000000000000009,4.8999999999999995,10.799999999999955,Nearest Neighbor with Euclidean distance <= 0.5°,0.0,0,NONE,DYNAMIC_HORIZON_SCALED,49.0
2024-08-05T00:00:00,2024-08-15 00:00:00,240,21.1458,79.0882,28.3,17.6,10.8,998.0,84.2,68.1,7.3,2.2,29.2,8.8,7.1,1010.0,0.8999999999999986,8.8,3.700000000000001,12.0,Nearest Neighbor with Euclidean distance <= 0.5°,0.0,0,NONE,DYNAMIC_HORIZON_SCALED,52.0
2024-08-05T00:00:00,2024-08-06 00:00:00,24,30.3165,78.0322,19.8,0.5,7.3,948.8,56.4,70.6,1.45,0.4,19.9,1.4,7.3,950.0,0.09999999999999787,0.8999999999999999,0.0,1.2000000000000455,Nearest Neighbor with Euclidean distance <= 0.5°,0.0,0,NONE,DYNAMIC_HORIZON_SCALED,25.0
2024-08-05T00:00:00,2024-08-07 00:00:00,48,30.3165,78.0322,19.7,1.2,5.2,947.6,58.5,44.0,2.1,0.6,19.8,1.9,5.3,950.0,0.10000000000000142,0.7,0.09999999999999964,2.3999999999999773,Nearest Neighbor with Euclidean distance <= 0.5°,0.0,0,NONE,DYNAMIC_HORIZON_SCALED,28.0
2024-08-05T00:00:00,2024-08-08 00:00:00,72,30.3165,78.0322,19.5,6.3,4.6,946.4,73.8,35.8,2.75,0.8,19.7,6.0,4.8,950.0,0.1999999999999993,0.2999999999999998,0.20000000000000018,3.6000000000000227,Nearest Neighbor with Euclidean distance <= 0.5°,0.0,0,NONE,DYNAMIC_HORIZON_SCALED,31.0
2024-08-05T00:00:00,2024-08-09 00:00:00,96,30.3165,78.0322,19.3,42.0,14.5,945.2,84.8,55.5,3.8,2.4,25.5,75.0,17.5,950.0,6.199999999999999,33.0,3.0,4.7999999999999545,Nearest Neighbor with Euclidean distance <= 0.5°,0.0,1,MODERATE,DYNAMIC_HORIZON_SCALED,34.0
2024-08-05T00:00:00,2024-08-10 00:00:00,120,30.3165,78.0322,19.1,21.5,9.7,944.0,78.7,80.4,4.05,1.2,15.5,69.0,17.5,950.0,3.6000000000000014,47.5,7.800000000000001,6.0,Nearest Neighbor with Euclidean distance <= 0.5°,0.0,1,MODERATE,DYNAMIC_HORIZON_SCALED,37.0
2024-08-05T00:00:00,2024-08-11 00:00:00,144,30.3165,78.0322,19.0,22.0,6.5,942.8,62.6,81.8,4.7,1.4,19.5,3.0,8.1,950.0,0.5,19.0,1.5999999999999996,7.2000000000000455,Nearest Neighbor with Euclidean distance <= 0.5°,0.0,0,NONE,DYNAMIC_HORIZON_SCALED,40.0
2024-08-05T00:00:00,2024-08-12 00:00:00,168,30.3165,78.0322,18.8,14.4,5.0,941.6,55.0,58.1,5.35,1.6,19.4,1.0,6.4,950.0,0.5999999999999979,13.4,1.4000000000000004,8.399999999999977,Nearest Neighbor with Euclidean distance <= 0.5°,0.0,0,NONE,DYNAMIC_HORIZON_SCALED,43.0
2024-08-05T00:00:00,2024-08-13 00:00:00,192,30.3165,78.0322,18.6,7.5,6.9,940.4,64.7,36.6,6.0,1.8,25.5,71.0,19.5,950.0,6.899999999999999,63.5,12.6,9.600000000000023,Nearest Neighbor with Euclidean distance <= 0.5°,0.0,1,MODERATE,DYNAMIC_HORIZON_SCALED,46.0
2024-08-05T00:00:00,2024-08-14 00:00:00,216,30.3165,78.0322,18.5,9.3,10.1,939.2,80.4,42.1,6.65,2.0,19.2,7.8,5.2,950.0,0.6999999999999993,1.5000000000000009,4.8999999999999995,10.799999999999955,Nearest Neighbor with Euclidean distance <= 0.5°,0.0,0,NONE,DYNAMIC_HORIZON_SCALED,49.0
2024-08-05T00:00:00,2024-08-15 00:00:00,240,30.3165,78.0322,18.3,17.6,10.8,938.0,84.2,68.1,7.3,2.2,19.2,8.8,7.1,950.0,0.8999999999999986,8.8,3.700000000000001,12.0,Nearest Neighbor with Euclidean distance <= 0.5°,0.0,0,NONE,DYNAMIC_HORIZON_SCALED,52.0
2024-08-05T00:00:00,2024-08-06 00:00:00,24,23.3441,85.3096,31.8,0.5,7.3,1008.8,56.4,70.6,1.45,0.4,29.9,1.4,7.3,1010.0,1.9000000000000021,0.8999999999999999,0.0,1.2000000000000455,Nearest Neighbor with Euclidean distance <= 0.5°,0.0,0,NONE,DYNAMIC_HORIZON_SCALED,25.0
2024-08-05T00:00:00,2024-08-07 00:00:00,48,23.3441,85.3096,31.7,1.2,5.2,1007.6,58.5,44.0,2.1,0.6,29.8,1.9,5.3,1010.0,1.8999999999999986,0.7,0.09999999999999964,2.3999999999999773,Nearest Neighbor with Euclidean distance <= 0.5°,0.0,0,NONE,DYNAMIC_HORIZON_SCALED,28.0
2024-08-05T00:00:00,2024-08-08 00:00:00,72,23.3441,85.3096,31.5,6.3,4.6,1006.4,73.8,35.8,2.75,0.8,29.7,6.0,4.8,1010.0,1.8000000000000007,0.2999999999999998,0.20000000000000018,3.6000000000000227,Nearest Neighbor with Euclidean distance <= 0.5°,0.0,0,NONE,DYNAMIC_HORIZON_SCALED,31.0
2024-08-05T00:00:00,2024-08-09 00:00:00,96,23.3441,85.3096,31.3,42.0,14.5,1005.2,84.8,55.5,3.8,2.4,29.7,8.9,6.2,1010.0,1.6000000000000014,33.1,8.3,4.7999999999999545,Nearest Neighbor with Euclidean distance <= 0.5°,0.0,0,NONE,DYNAMIC_HORIZON_SCALED,34.0
2024-08-05T00:00:00,2024-08-10 00:00:00,120,23.3441,85.3096,31.1,21.5,9.7,1004.0,78.7,80.4,4.05,1.2,35.5,75.0,17.5,1010.0,4.399999999999999,53.5,7.800000000000001,6.0,Nearest Neighbor with Euclidean distance <= 0.5°,0.0,1,MODERATE,DYNAMIC_HORIZON_SCALED,37.0
2024-08-05T00:00:00,2024-08-11 00:00:00,144,23.3441,85.3096,31.0,22.0,6.5,1002.8,62.6,81.8,4.7,1.4,29.5,3.0,8.1,1010.0,1.5,19.0,1.5999999999999996,7.2000000000000455,Nearest Neighbor with Euclidean distance <= 0.5°,0.0,0,NONE,DYNAMIC_HORIZON_SCALED,40.0
2024-08-05T00:00:00,2024-08-12 00:00:00,168,23.3441,85.3096,30.8,14.4,5.0,1001.6,55.0,58.1,5.35,1.6,29.4,1.0,6.4,1010.0,1.4000000000000021,13.4,1.4000000000000004,8.399999999999977,Nearest Neighbor with Euclidean distance <= 0.5°,0.0,0,NONE,DYNAMIC_HORIZON_SCALED,43.0
2024-08-05T00:00:00,2024-08-13 00:00:00,192,23.3441,85.3096,30.6,7.5,6.9,1000.4,64.7,36.6,6.0,1.8,29.3,3.6,4.8,1010.0,1.3000000000000007,3.9,2.1000000000000005,9.600000000000023,Nearest Neighbor with Euclidean distance <= 0.5°,0.0,0,NONE,DYNAMIC_HORIZON_SCALED,46.0
2024-08-05T00:00:00,2024-08-14 00:00:00,216,23.3441,85.3096,30.5,9.3,10.1,999.2,80.4,42.1,6.65,2.0,29.2,7.8,5.2,1010.0,1.3000000000000007,1.5000000000000009,4.8999999999999995,10.799999999999955,Nearest Neighbor with Euclidean distance <= 0.5°,0.0,0,NONE,DYNAMIC_HORIZON_SCALED,49.0
2024-08-05T00:00:00,2024-08-15 00:00:00,240,23.3441,85.3096,30.3,17.6,10.8,998.0,84.2,68.1,7.3,2.2,29.2,8.8,7.1,1010.0,1.1000000000000014,8.8,3.700000000000001,12.0,Nearest Neighbor with Euclidean distance <= 0.5°,0.0,0,NONE,DYNAMIC_HORIZON_SCALED,52.0
2024-08-05T00:00:00,2024-08-06 00:00:00,24,30.7333,76.7794,19.8,0.5,7.3,948.8,56.4,70.6,1.45,0.4,19.9,1.4,7.3,950.0,0.09999999999999787,0.8999999999999999,0.0,1.2000000000000455,Nearest Neighbor with Euclidean distance <= 0.5°,0.0,0,NONE,DYNAMIC_HORIZON_SCALED,25.0
2024-08-05T00:00:00,2024-08-07 00:00:00,48,30.7333,76.7794,19.7,1.2,5.2,947.6,58.5,44.0,2.1,0.6,19.8,1.9,5.3,950.0,0.10000000000000142,0.7,0.09999999999999964,2.3999999999999773,Nearest Neighbor with Euclidean distance <= 0.5°,0.0,0,NONE,DYNAMIC_HORIZON_SCALED,28.0
2024-08-05T00:00:00,2024-08-08 00:00:00,72,30.7333,76.7794,19.5,6.3,4.6,946.4,73.8,35.8,2.75,0.8,19.7,6.0,4.8,950.0,0.1999999999999993,0.2999999999999998,0.20000000000000018,3.6000000000000227,Nearest Neighbor with Euclidean distance <= 0.5°,0.0,0,NONE,DYNAMIC_HORIZON_SCALED,31.0
2024-08-05T00:00:00,2024-08-09 00:00:00,96,30.7333,76.7794,19.3,42.0,14.5,945.2,84.8,55.5,3.8,2.4,19.7,8.9,6.2,950.0,0.3999999999999986,33.1,8.3,4.7999999999999545,Nearest Neighbor with Euclidean distance <= 0.5°,0.0,0,NONE,DYNAMIC_HORIZON_SCALED,34.0
2024-08-05T00:00:00,2024-08-10 00:00:00,120,30.7333,76.7794,19.1,21.5,9.7,944.0,78.7,80.4,4.05,1.2,19.6,7.3,8.0,950.0,0.5,14.2,1.6999999999999993,6.0,Nearest Neighbor with Euclidean distance <= 0.5°,0.0,0,NONE,DYNAMIC_HORIZON_SCALED,37.0
2024-08-05T00:00:00,2024-08-11 00:00:00,144,30.7333,76.7794,19.0,22.0,6.5,942.8,62.6,81.8,4.7,1.4,19.5,3.0,8.1,950.0,0.5,19.0,1.5999999999999996,7.2000000000000455,Nearest Neighbor with Euclidean distance <= 0.5°,0.0,0,NONE,DYNAMIC_HORIZON_SCALED,40.0
2024-08-05T00:00:00,2024-08-12 00:00:00,168,30.7333,76.7794,18.8,14.4,5.0,941.6,55.0,58.1,5.35,1.6,25.5,77.0,19.5,950.0,6.699999999999999,62.6,14.5,8.399999999999977,Nearest Neighbor with Euclidean distance <= 0.5°,0.0,1,MODERATE,DYNAMIC_HORIZON_SCALED,43.0
2024-08-05T00:00:00,2024-08-13 00:00:00,192,30.7333,76.7794,18.6,7.5,6.9,940.4,64.7,36.6,6.0,1.8,19.3,3.6,4.8,950.0,0.6999999999999993,3.9,2.1000000000000005,9.600000000000023,Nearest Neighbor with Euclidean distance <= 0.5°,0.0,0,NONE,DYNAMIC_HORIZON_SCALED,46.0
2024-08-05T00:00:00,2024-08-14 00:00:00,216,30.7333,76.7794,18.5,9.3,10.1,939.2,80.4,42.1,6.65,2.0,19.2,7.8,5.2,950.0,0.6999999999999993,1.5000000000000009,4.8999999999999995,10.799999999999955,Nearest Neighbor with Euclidean distance <= 0.5°,0.0,0,NONE,DYNAMIC_HORIZON_SCALED,49.0
2024-08-05T00:00:00,2024-08-15 00:00:00,240,30.7333,76.7794,18.3,17.6,10.8,938.0,84.2,68.1,7.3,2.2,19.2,8.8,7.1,950.0,0.8999999999999986,8.8,3.700000000000001,12.0,Nearest Neighbor with Euclidean distance <= 0.5°,0.0,0,NONE,DYNAMIC_HORIZON_SCALED,52.0
2024-08-05T00:00:00,2024-08-06 00:00:00,24,15.4909,73.8278,29.8,0.5,7.3,1008.8,56.4,70.6,1.45,0.4,29.9,1.4,7.3,1010.0,0.09999999999999787,0.8999999999999999,0.0,1.2000000000000455,Nearest Neighbor with Euclidean distance <= 0.5°,0.0,0,NONE,DYNAMIC_HORIZON_SCALED,25.0
2024-08-05T00:00:00,2024-08-07 00:00:00,48,15.4909,73.8278,29.7,1.2,5.2,1007.6,58.5,44.0,2.1,0.6,29.8,1.9,5.3,1010.0,0.10000000000000142,0.7,0.09999999999999964,2.3999999999999773,Nearest Neighbor with Euclidean distance <= 0.5°,0.0,0,NONE,DYNAMIC_HORIZON_SCALED,28.0
2024-08-05T00:00:00,2024-08-08 00:00:00,72,15.4909,73.8278,29.5,6.3,4.6,1006.4,73.8,35.8,2.75,0.8,29.7,6.0,4.8,1010.0,0.1999999999999993,0.2999999999999998,0.20000000000000018,3.6000000000000227,Nearest Neighbor with Euclidean distance <= 0.5°,0.0,0,NONE,DYNAMIC_HORIZON_SCALED,31.0
2024-08-05T00:00:00,2024-08-09 00:00:00,96,15.4909,73.8278,29.3,42.0,14.5,1005.2,84.8,55.5,3.8,2.4,29.7,8.9,6.2,1010.0,0.3999999999999986,33.1,8.3,4.7999999999999545,Nearest Neighbor with Euclidean distance <= 0.5°,0.0,0,NONE,DYNAMIC_HORIZON_SCALED,34.0
2024-08-05T00:00:00,2024-08-10 00:00:00,120,15.4909,73.8278,29.1,21.5,9.7,1004.0,78.7,80.4,4.05,1.2,35.5,75.0,17.5,1010.0,6.399999999999999,53.5,7.800000000000001,6.0,Nearest Neighbor with Euclidean distance <= 0.5°,0.0,1,MODERATE,DYNAMIC_HORIZON_SCALED,37.0
2024-08-05T00:00:00,2024-08-11 00:00:00,144,15.4909,73.8278,29.0,22.0,6.5,1002.8,62.6,81.8,4.7,1.4,29.5,3.0,8.1,1010.0,0.5,19.0,1.5999999999999996,7.2000000000000455,Nearest Neighbor with Euclidean distance <= 0.5°,0.0,0,NONE,DYNAMIC_HORIZON_SCALED,40.0
2024-08-05T00:00:00,2024-08-12 00:00:00,168,15.4909,73.8278,28.8,14.4,5.0,1001.6,55.0,58.1,5.35,1.6,29.4,1.0,6.4,1010.0,0.5999999999999979,13.4,1.4000000000000004,8.399999999999977,Nearest Neighbor with Euclidean distance <= 0.5°,0.0,0,NONE,DYNAMIC_HORIZON_SCALED,43.0
2024-08-05T00:00:00,2024-08-13 00:00:00,192,15.4909,73.8278,28.6,7.5,6.9,1000.4,64.7,36.6,6.0,1.8,29.3,3.6,4.8,1010.0,0.6999999999999993,3.9,2.1000000000000005,9.600000000000023,Nearest Neighbor with Euclidean distance <= 0.5°,0.0,0,NONE,DYNAMIC_HORIZON_SCALED,46.0
2024-08-05T00:00:00,2024-08-14 00:00:00,216,15.4909,73.8278,28.5,9.3,10.1,999.2,80.4,42.1,6.65,2.0,29.2,7.8,5.2,1010.0,0.6999999999999993,1.5000000000000009,4.8999999999999995,10.799999999999955,Nearest Neighbor with Euclidean distance <= 0.5°,0.0,0,NONE,DYNAMIC_HORIZON_SCALED,49.0
2024-08-05T00:00:00,2024-08-15 00:00:00,240,15.4909,73.8278,28.3,17.6,10.8,998.0,84.2,68.1,7.3,2.2,29.2,8.8,7.1,1010.0,0.8999999999999986,8.8,3.700000000000001,12.0,Nearest Neighbor with Euclidean distance <= 0.5°,0.0,0,NONE,DYNAMIC_HORIZON_SCALED,52.0
2024-08-05T00:00:00,2024-08-06 00:00:00,24,25.5788,91.8933,29.8,0.5,7.3,1008.8,56.4,70.6,1.45,0.4,29.9,1.4,7.3,1010.0,0.09999999999999787,0.8999999999999999,0.0,1.2000000000000455,Nearest Neighbor with Euclidean distance <= 0.5°,0.0,0,NONE,DYNAMIC_HORIZON_SCALED,25.0
2024-08-05T00:00:00,2024-08-07 00:00:00,48,25.5788,91.8933,29.7,1.2,5.2,1007.6,58.5,44.0,2.1,0.6,29.8,1.9,5.3,1010.0,0.10000000000000142,0.7,0.09999999999999964,2.3999999999999773,Nearest Neighbor with Euclidean distance <= 0.5°,0.0,0,NONE,DYNAMIC_HORIZON_SCALED,28.0
2024-08-05T00:00:00,2024-08-08 00:00:00,72,25.5788,91.8933,29.5,6.3,4.6,1006.4,73.8,35.8,2.75,0.8,29.7,6.0,4.8,1010.0,0.1999999999999993,0.2999999999999998,0.20000000000000018,3.6000000000000227,Nearest Neighbor with Euclidean distance <= 0.5°,0.0,0,NONE,DYNAMIC_HORIZON_SCALED,31.0
2024-08-05T00:00:00,2024-08-09 00:00:00,96,25.5788,91.8933,29.3,42.0,14.5,1005.2,84.8,55.5,3.8,2.4,29.7,8.9,6.2,1010.0,0.3999999999999986,33.1,8.3,4.7999999999999545,Nearest Neighbor with Euclidean distance <= 0.5°,0.0,0,NONE,DYNAMIC_HORIZON_SCALED,34.0
2024-08-05T00:00:00,2024-08-10 00:00:00,120,25.5788,91.8933,29.1,21.5,9.7,1004.0,78.7,80.4,4.05,1.2,29.6,7.3,8.0,1010.0,0.5,14.2,1.6999999999999993,6.0,Nearest Neighbor with Euclidean distance <= 0.5°,0.0,0,NONE,DYNAMIC_HORIZON_SCALED,37.0
2024-08-05T00:00:00,2024-08-11 00:00:00,144,25.5788,91.8933,29.0,22.0,6.5,1002.8,62.6,81.8,4.7,1.4,29.5,3.0,8.1,1010.0,0.5,19.0,1.5999999999999996,7.2000000000000455,Nearest Neighbor with Euclidean distance <= 0.5°,0.0,0,NONE,DYNAMIC_HORIZON_SCALED,40.0
2024-08-05T00:00:00,2024-08-12 00:00:00,168,25.5788,91.8933,28.8,14.4,5.0,1001.6,55.0,58.1,5.35,1.6,29.4,1.0,6.4,1010.0,0.5999999999999979,13.4,1.4000000000000004,8.399999999999977,Nearest Neighbor with Euclidean distance <= 0.5°,0.0,0,NONE,DYNAMIC_HORIZON_SCALED,43.0
2024-08-05T00:00:00,2024-08-13 00:00:00,192,25.5788,91.8933,28.6,7.5,6.9,1000.4,64.7,36.6,6.0,1.8,29.3,3.6,4.8,1010.0,0.6999999999999993,3.9,2.1000000000000005,9.600000000000023,Nearest Neighbor with Euclidean distance <= 0.5°,0.0,0,NONE,DYNAMIC_HORIZON_SCALED,46.0
2024-08-05T00:00:00,2024-08-14 00:00:00,216,25.5788,91.8933,28.5,9.3,10.1,999.2,80.4,42.1,6.65,2.0,29.2,7.8,5.2,1010.0,0.6999999999999993,1.5000000000000009,4.8999999999999995,10.799999999999955,Nearest Neighbor with Euclidean distance <= 0.5°,0.0,0,NONE,DYNAMIC_HORIZON_SCALED,49.0
2024-08-05T00:00:00,2024-08-15 00:00:00,240,25.5788,91.8933,28.3,17.6,10.8,998.0,84.2,68.1,7.3,2.2,29.2,8.8,7.1,1010.0,0.8999999999999986,8.8,3.700000000000001,12.0,Nearest Neighbor with Euclidean distance <= 0.5°,0.0,0,NONE,DYNAMIC_HORIZON_SCALED,52.0
2024-11-20T00:00:00,2024-11-21 00:00:00,24,18.5204,73.8567,29.8,0.5,7.3,1008.8,56.4,70.6,1.45,0.4,29.9,1.4,7.3,1010.0,0.09999999999999787,0.8999999999999999,0.0,1.2000000000000455,Nearest Neighbor with Euclidean distance <= 0.5°,0.0,0,NONE,DYNAMIC_HORIZON_SCALED,25.0
2024-11-20T00:00:00,2024-11-22 00:00:00,48,18.5204,73.8567,29.7,1.2,5.2,1007.6,58.5,44.0,2.1,0.6,29.8,1.9,5.3,1010.0,0.10000000000000142,0.7,0.09999999999999964,2.3999999999999773,Nearest Neighbor with Euclidean distance <= 0.5°,0.0,0,NONE,DYNAMIC_HORIZON_SCALED,28.0
2024-11-20T00:00:00,2024-11-23 00:00:00,72,18.5204,73.8567,29.5,6.3,4.6,1006.4,73.8,35.8,2.75,0.8,29.7,6.0,4.8,1010.0,0.1999999999999993,0.2999999999999998,0.20000000000000018,3.6000000000000227,Nearest Neighbor with Euclidean distance <= 0.5°,0.0,0,NONE,DYNAMIC_HORIZON_SCALED,31.0
2024-11-20T00:00:00,2024-11-24 00:00:00,96,18.5204,73.8567,29.3,42.0,14.5,1005.2,84.8,55.5,3.8,2.4,29.7,8.9,6.2,1010.0,0.3999999999999986,33.1,8.3,4.7999999999999545,Nearest Neighbor with Euclidean distance <= 0.5°,0.0,0,NONE,DYNAMIC_HORIZON_SCALED,34.0
2024-11-20T00:00:00,2024-11-25 00:00:00,120,18.5204,73.8567,29.1,21.5,9.7,1004.0,78.7,80.4,4.05,1.2,35.5,78.0,20.5,1010.0,6.399999999999999,56.5,10.8,6.0,Nearest Neighbor with Euclidean distance <= 0.5°,0.0,1,SEVERE,DYNAMIC_HORIZON_SCALED,37.0
2024-11-20T00:00:00,2024-11-26 00:00:00,144,18.5204,73.8567,29.0,22.0,6.5,1002.8,62.6,81.8,4.7,1.4,29.5,3.0,8.1,1010.0,0.5,19.0,1.5999999999999996,7.2000000000000455,Nearest Neighbor with Euclidean distance <= 0.5°,0.0,0,NONE,DYNAMIC_HORIZON_SCALED,40.0
2024-11-20T00:00:00,2024-11-27 00:00:00,168,18.5204,73.8567,28.8,14.4,5.0,1001.6,55.0,58.1,5.35,1.6,29.4,1.0,6.4,1010.0,0.5999999999999979,13.4,1.4000000000000004,8.399999999999977,Nearest Neighbor with Euclidean distance <= 0.5°,0.0,0,NONE,DYNAMIC_HORIZON_SCALED,43.0
2024-11-20T00:00:00,2024-11-28 00:00:00,192,18.5204,73.8567,28.6,7.5,6.9,1000.4,64.7,36.6,6.0,1.8,29.3,3.6,4.8,1010.0,0.6999999999999993,3.9,2.1000000000000005,9.600000000000023,Nearest Neighbor with Euclidean distance <= 0.5°,0.0,0,NONE,DYNAMIC_HORIZON_SCALED,46.0
2024-11-20T00:00:00,2024-11-29 00:00:00,216,18.5204,73.8567,28.5,9.3,10.1,999.2,80.4,42.1,6.65,2.0,29.2,7.8,5.2,1010.0,0.6999999999999993,1.5000000000000009,4.8999999999999995,10.799999999999955,Nearest Neighbor with Euclidean distance <= 0.5°,0.0,0,NONE,DYNAMIC_HORIZON_SCALED,49.0
2024-11-20T00:00:00,2024-11-30 00:00:00,240,18.5204,73.8567,28.3,17.6,10.8,998.0,84.2,68.1,7.3,2.2,29.2,8.8,7.1,1010.0,0.8999999999999986,8.8,3.700000000000001,12.0,Nearest Neighbor with Euclidean distance <= 0.5°,0.0,0,NONE,DYNAMIC_HORIZON_SCALED,52.0
2024-11-20T00:00:00,2024-11-21 00:00:00,24,28.6139,77.209,29.8,0.5,7.3,1008.8,56.4,70.6,1.45,0.4,29.9,1.4,7.3,1010.0,0.09999999999999787,0.8999999999999999,0.0,1.2000000000000455,Nearest Neighbor with Euclidean distance <= 0.5°,0.0,0,NONE,DYNAMIC_HORIZON_SCALED,25.0
2024-11-20T00:00:00,2024-11-22 00:00:00,48,28.6139,77.209,29.7,1.2,5.2,1007.6,58.5,44.0,2.1,0.6,29.8,1.9,5.3,1010.0,0.10000000000000142,0.7,0.09999999999999964,2.3999999999999773,Nearest Neighbor with Euclidean distance <= 0.5°,0.0,0,NONE,DYNAMIC_HORIZON_SCALED,28.0
2024-11-20T00:00:00,2024-11-23 00:00:00,72,28.6139,77.209,29.5,6.3,4.6,1006.4,73.8,35.8,2.75,0.8,29.7,6.0,4.8,1010.0,0.1999999999999993,0.2999999999999998,0.20000000000000018,3.6000000000000227,Nearest Neighbor with Euclidean distance <= 0.5°,0.0,0,NONE,DYNAMIC_HORIZON_SCALED,31.0
2024-11-20T00:00:00,2024-11-24 00:00:00,96,28.6139,77.209,29.3,42.0,14.5,1005.2,84.8,55.5,3.8,2.4,25.5,82.0,21.5,1010.0,3.8000000000000007,40.0,7.0,4.7999999999999545,Nearest Neighbor with Euclidean distance <= 0.5°,0.0,1,MODERATE,DYNAMIC_HORIZON_SCALED,34.0
2024-11-20T00:00:00,2024-11-25 00:00:00,120,28.6139,77.209,29.1,21.5,9.7,1004.0,78.7,80.4,4.05,1.2,29.6,7.3,8.0,1010.0,0.5,14.2,1.6999999999999993,6.0,Nearest Neighbor with Euclidean distance <= 0.5°,0.0,0,NONE,DYNAMIC_HORIZON_SCALED,37.0
2024-11-20T00:00:00,2024-11-26 00:00:00,144,28.6139,77.209,29.0,22.0,6.5,1002.8,62.6,81.8,4.7,1.4,29.5,3.0,8.1,1010.0,0.5,19.0,1.5999999999999996,7.2000000000000455,Nearest Neighbor with Euclidean distance <= 0.5°,0.0,0,NONE,DYNAMIC_HORIZON_SCALED,40.0
2024-11-20T00:00:00,2024-11-27 00:00:00,168,28.6139,77.209,28.8,14.4,5.0,1001.6,55.0,58.1,5.35,1.6,35.5,69.0,17.5,1010.0,6.699999999999999,54.6,12.5,8.399999999999977,Nearest Neighbor with Euclidean distance <= 0.5°,0.0,1,MODERATE,DYNAMIC_HORIZON_SCALED,43.0
2024-11-20T00:00:00,2024-11-28 00:00:00,192,28.6139,77.209,28.6,7.5,6.9,1000.4,64.7,36.6,6.0,1.8,25.5,78.0,17.5,1010.0,3.1000000000000014,70.5,10.6,9.600000000000023,Nearest Neighbor with Euclidean distance <= 0.5°,0.0,1,SEVERE,DYNAMIC_HORIZON_SCALED,46.0
2024-11-20T00:00:00,2024-11-29 00:00:00,216,28.6139,77.209,28.5,9.3,10.1,999.2,80.4,42.1,6.65,2.0,29.2,7.8,5.2,1010.0,0.6999999999999993,1.5000000000000009,4.8999999999999995,10.799999999999955,Nearest Neighbor with Euclidean distance <= 0.5°,0.0,0,NONE,DYNAMIC_HORIZON_SCALED,49.0
2024-11-20T00:00:00,2024-11-30 00:00:00,240,28.6139,77.209,28.3,17.6,10.8,998.0,84.2,68.1,7.3,2.2,29.2,8.8,7.1,1010.0,0.8999999999999986,8.8,3.700000000000001,12.0,Nearest Neighbor with Euclidean distance <= 0.5°,0.0,0,NONE,DYNAMIC_HORIZON_SCALED,52.0
2024-11-20T00:00:00,2024-11-21 00:00:00,24,28.5355,77.391,29.8,0.5,7.3,1008.8,56.4,70.6,1.45,0.4,29.9,1.4,7.3,1010.0,0.09999999999999787,0.8999999999999999,0.0,1.2000000000000455,Nearest Neighbor with Euclidean distance <= 0.5°,0.0,0,NONE,DYNAMIC_HORIZON_SCALED,25.0
2024-11-20T00:00:00,2024-11-22 00:00:00,48,28.5355,77.391,29.7,1.2,5.2,1007.6,58.5,44.0,2.1,0.6,29.8,1.9,5.3,1010.0,0.10000000000000142,0.7,0.09999999999999964,2.3999999999999773,Nearest Neighbor with Euclidean distance <= 0.5°,0.0,0,NONE,DYNAMIC_HORIZON_SCALED,28.0
2024-11-20T00:00:00,2024-11-23 00:00:00,72,28.5355,77.391,29.5,6.3,4.6,1006.4,73.8,35.8,2.75,0.8,29.7,6.0,4.8,1010.0,0.1999999999999993,0.2999999999999998,0.20000000000000018,3.6000000000000227,Nearest Neighbor with Euclidean distance <= 0.5°,0.0,0,NONE,DYNAMIC_HORIZON_SCALED,31.0
2024-11-20T00:00:00,2024-11-24 00:00:00,96,28.5355,77.391,29.3,42.0,14.5,1005.2,84.8,55.5,3.8,2.4,25.5,76.0,21.5,1010.0,3.8000000000000007,34.0,7.0,4.7999999999999545,Nearest Neighbor with Euclidean distance <= 0.5°,0.0,0,NONE,DYNAMIC_HORIZON_SCALED,34.0
2024-11-20T00:00:00,2024-11-25 00:00:00,120,28.5355,77.391,29.1,21.5,9.7,1004.0,78.7,80.4,4.05,1.2,29.6,7.3,8.0,1010.0,0.5,14.2,1.6999999999999993,6.0,Nearest Neighbor with Euclidean distance <= 0.5°,0.0,0,NONE,DYNAMIC_HORIZON_SCALED,37.0
2024-11-20T00:00:00,2024-11-26 00:00:00,144,28.5355,77.391,29.0,22.0,6.5,1002.8,62.6,81.8,4.7,1.4,29.5,3.0,8.1,1010.0,0.5,19.0,1.5999999999999996,7.2000000000000455,Nearest Neighbor with Euclidean distance <= 0.5°,0.0,0,NONE,DYNAMIC_HORIZON_SCALED,40.0
2024-11-20T00:00:00,2024-11-27 00:00:00,168,28.5355,77.391,28.8,14.4,5.0,1001.6,55.0,58.1,5.35,1.6,29.4,1.0,6.4,1010.0,0.5999999999999979,13.4,1.4000000000000004,8.399999999999977,Nearest Neighbor with Euclidean distance <= 0.5°,0.0,0,NONE,DYNAMIC_HORIZON_SCALED,43.0
2024-11-20T00:00:00,2024-11-28 00:00:00,192,28.5355,77.391,28.6,7.5,6.9,1000.4,64.7,36.6,6.0,1.8,25.5,72.0,17.5,1010.0,3.1000000000000014,64.5,10.6,9.600000000000023,Nearest Neighbor with Euclidean distance <= 0.5°,0.0,1,MODERATE,DYNAMIC_HORIZON_SCALED,46.0
2024-11-20T00:00:00,2024-11-29 00:00:00,216,28.5355,77.391,28.5,9.3,10.1,999.2,80.4,42.1,6.65,2.0,29.2,7.8,5.2,1010.0,0.6999999999999993,1.5000000000000009,4.8999999999999995,10.799999999999955,Nearest Neighbor with Euclidean distance <= 0.5°,0.0,0,NONE,DYNAMIC_HORIZON_SCALED,49.0
2024-11-20T00:00:00,2024-11-30 00:00:00,240,28.5355,77.391,28.3,17.6,10.8,998.0,84.2,68.1,7.3,2.2,29.2,8.8,7.1,1010.0,0.8999999999999986,8.8,3.700000000000001,12.0,Nearest Neighbor with Euclidean distance <= 0.5°,0.0,0,NONE,DYNAMIC_HORIZON_SCALED,52.0
2024-11-20T00:00:00,2024-11-21 00:00:00,24,19.076,72.8777,31.8,0.5,7.3,1008.8,56.4,70.6,1.45,0.4,29.9,1.4,7.3,1010.0,1.9000000000000021,0.8999999999999999,0.0,1.2000000000000455,Nearest Neighbor with Euclidean distance <= 0.5°,0.0,0,NONE,DYNAMIC_HORIZON_SCALED,25.0
2024-11-20T00:00:00,2024-11-22 00:00:00,48,19.076,72.8777,31.7,1.2,5.2,1007.6,58.5,44.0,2.1,0.6,29.8,1.9,5.3,1010.0,1.8999999999999986,0.7,0.09999999999999964,2.3999999999999773,Nearest Neighbor with Euclidean distance <= 0.5°,0.0,0,NONE,DYNAMIC_HORIZON_SCALED,28.0
2024-11-20T00:00:00,2024-11-23 00:00:00,72,19.076,72.8777,31.5,6.3,4.6,1006.4,73.8,35.8,2.75,0.8,29.7,6.0,4.8,1010.0,1.8000000000000007,0.2999999999999998,0.20000000000000018,3.6000000000000227,Nearest Neighbor with Euclidean distance <= 0.5°,0.0,0,NONE,DYNAMIC_HORIZON_SCALED,31.0
2024-11-20T00:00:00,2024-11-24 00:00:00,96,19.076,72.8777,31.3,42.0,14.5,1005.2,84.8,55.5,3.8,2.4,29.7,8.9,6.2,1010.0,1.6000000000000014,33.1,8.3,4.7999999999999545,Nearest Neighbor with Euclidean distance <= 0.5°,0.0,0,NONE,DYNAMIC_HORIZON_SCALED,34.0
2024-11-20T00:00:00,2024-11-25 00:00:00,120,19.076,72.8777,31.1,21.5,9.7,1004.0,78.7,80.4,4.05,1.2,29.6,7.3,8.0,1010.0,1.5,14.2,1.6999999999999993,6.0,Nearest Neighbor with Euclidean distance <= 0.5°,0.0,0,NONE,DYNAMIC_HORIZON_SCALED,37.0
2024-11-20T00:00:00,2024-11-26 00:00:00,144,19.076,72.8777,31.0,22.0,6.5,1002.8,62.6,81.8,4.7,1.4,29.5,3.0,8.1,1010.0,1.5,19.0,1.5999999999999996,7.2000000000000455,Nearest Neighbor with Euclidean distance <= 0.5°,0.0,0,NONE,DYNAMIC_HORIZON_SCALED,40.0
2024-11-20T00:00:00,2024-11-27 00:00:00,168,19.076,72.8777,30.8,14.4,5.0,1001.6,55.0,58.1,5.35,1.6,35.5,72.0,20.5,1010.0,4.699999999999999,57.6,15.5,8.399999999999977,Nearest Neighbor with Euclidean distance <= 0.5°,0.0,1,MODERATE,DYNAMIC_HORIZON_SCALED,43.0
2024-11-20T00:00:00,2024-11-28 00:00:00,192,19.076,72.8777,30.6,7.5,6.9,1000.4,64.7,36.6,6.0,1.8,25.5,81.0,20.5,1010.0,5.100000000000001,73.5,13.6,9.600000000000023,Nearest Neighbor with Euclidean distance <= 0.5°,0.0,1,SEVERE,DYNAMIC_HORIZON_SCALED,46.0
2024-11-20T00:00:00,2024-11-29 00:00:00,216,19.076,72.8777,30.5,9.3,10.1,999.2,80.4,42.1,6.65,2.0,29.2,7.8,5.2,1010.0,1.3000000000000007,1.5000000000000009,4.8999999999999995,10.799999999999955,Nearest Neighbor with Euclidean distance <= 0.5°,0.0,0,NONE,DYNAMIC_HORIZON_SCALED,49.0
2024-11-20T00:00:00,2024-11-30 00:00:00,240,19.076,72.8777,30.3,17.6,10.8,998.0,84.2,68.1,7.3,2.2,29.2,8.8,7.1,1010.0,1.1000000000000014,8.8,3.700000000000001,12.0,Nearest Neighbor with Euclidean distance <= 0.5°,0.0,0,NONE,DYNAMIC_HORIZON_SCALED,52.0
2024-11-20T00:00:00,2024-11-21 00:00:00,24,12.9716,77.5946,29.8,0.5,7.3,1008.8,56.4,70.6,1.45,0.4,29.9,1.4,7.3,1010.0,0.09999999999999787,0.8999999999999999,0.0,1.2000000000000455,Nearest Neighbor with Euclidean distance <= 0.5°,0.0,0,NONE,DYNAMIC_HORIZON_SCALED,25.0
2024-11-20T00:00:00,2024-11-22 00:00:00,48,12.9716,77.5946,29.7,1.2,5.2,1007.6,58.5,44.0,2.1,0.6,29.8,1.9,5.3,1010.0,0.10000000000000142,0.7,0.09999999999999964,2.3999999999999773,Nearest Neighbor with Euclidean distance <= 0.5°,0.0,0,NONE,DYNAMIC_HORIZON_SCALED,28.0
2024-11-20T00:00:00,2024-11-23 00:00:00,72,12.9716,77.5946,29.5,6.3,4.6,1006.4,73.8,35.8,2.75,0.8,29.7,6.0,4.8,1010.0,0.1999999999999993,0.2999999999999998,0.20000000000000018,3.6000000000000227,Nearest Neighbor with Euclidean distance <= 0.5°,0.0,0,NONE,DYNAMIC_HORIZON_SCALED,31.0
2024-11-20T00:00:00,2024-11-24 00:00:00,96,12.9716,77.5946,29.3,42.0,14.5,1005.2,84.8,55.5,3.8,2.4,29.7,8.9,6.2,1010.0,0.3999999999999986,33.1,8.3,4.7999999999999545,Nearest Neighbor with Euclidean distance <= 0.5°,0.0,0,NONE,DYNAMIC_HORIZON_SCALED,34.0
2024-11-20T00:00:00,2024-11-25 00:00:00,120,12.9716,77.5946,29.1,21.5,9.7,1004.0,78.7,80.4,4.05,1.2,29.6,7.3,8.0,1010.0,0.5,14.2,1.6999999999999993,6.0,Nearest Neighbor with Euclidean distance <= 0.5°,0.0,0,NONE,DYNAMIC_HORIZON_SCALED,37.0
2024-11-20T00:00:00,2024-11-26 00:00:00,144,12.9716,77.5946,29.0,22.0,6.5,1002.8,62.6,81.8,4.7,1.4,29.5,3.0,8.1,1010.0,0.5,19.0,1.5999999999999996,7.2000000000000455,Nearest Neighbor with Euclidean distance <= 0.5°,0.0,0,NONE,DYNAMIC_HORIZON_SCALED,40.0
2024-11-20T00:00:00,2024-11-27 00:00:00,168,12.9716,77.5946,28.8,14.4,5.0,1001.6,55.0,58.1,5.35,1.6,29.4,1.0,6.4,1010.0,0.5999999999999979,13.4,1.4000000000000004,8.399999999999977,Nearest Neighbor with Euclidean distance <= 0.5°,0.0,0,NONE,DYNAMIC_HORIZON_SCALED,43.0
2024-11-20T00:00:00,2024-11-28 00:00:00,192,12.9716,77.5946,28.6,7.5,6.9,1000.4,64.7,36.6,6.0,1.8,29.3,3.6,4.8,1010.0,0.6999999999999993,3.9,2.1000000000000005,9.600000000000023,Nearest Neighbor with Euclidean distance <= 0.5°,0.0,0,NONE,DYNAMIC_HORIZON_SCALED,46.0
2024-11-20T00:00:00,2024-11-29 00:00:00,216,12.9716,77.5946,28.5,9.3,10.1,999.2,80.4,42.1,6.65,2.0,29.2,7.8,5.2,1010.0,0.6999999999999993,1.5000000000000009,4.8999999999999995,10.799999999999955,Nearest Neighbor with Euclidean distance <= 0.5°,0.0,0,NONE,DYNAMIC_HORIZON_SCALED,49.0
2024-11-20T00:00:00,2024-11-30 00:00:00,240,12.9716,77.5946,28.3,17.6,10.8,998.0,84.2,68.1,7.3,2.2,29.2,8.8,7.1,1010.0,0.8999999999999986,8.8,3.700000000000001,12.0,Nearest Neighbor with Euclidean distance <= 0.5°,0.0,0,NONE,DYNAMIC_HORIZON_SCALED,52.0
2024-11-20T00:00:00,2024-11-21 00:00:00,24,13.0827,80.2707,31.8,0.5,7.3,1008.8,56.4,70.6,1.45,0.4,29.9,1.4,7.3,1010.0,1.9000000000000021,0.8999999999999999,0.0,1.2000000000000455,Nearest Neighbor with Euclidean distance <= 0.5°,0.0,0,NONE,DYNAMIC_HORIZON_SCALED,25.0
2024-11-20T00:00:00,2024-11-22 00:00:00,48,13.0827,80.2707,31.7,1.2,5.2,1007.6,58.5,44.0,2.1,0.6,29.8,1.9,5.3,1010.0,1.8999999999999986,0.7,0.09999999999999964,2.3999999999999773,Nearest Neighbor with Euclidean distance <= 0.5°,0.0,0,NONE,DYNAMIC_HORIZON_SCALED,28.0
2024-11-20T00:00:00,2024-11-23 00:00:00,72,13.0827,80.2707,31.5,6.3,4.6,1006.4,73.8,35.8,2.75,0.8,29.7,6.0,4.8,1010.0,1.8000000000000007,0.2999999999999998,0.20000000000000018,3.6000000000000227,Nearest Neighbor with Euclidean distance <= 0.5°,0.0,0,NONE,DYNAMIC_HORIZON_SCALED,31.0
2024-11-20T00:00:00,2024-11-24 00:00:00,96,13.0827,80.2707,31.3,42.0,14.5,1005.2,84.8,55.5,3.8,2.4,35.5,74.0,16.5,1010.0,4.199999999999999,32.0,2.0,4.7999999999999545,Nearest Neighbor with Euclidean distance <= 0.5°,0.0,0,NONE,DYNAMIC_HORIZON_SCALED,34.0
2024-11-20T00:00:00,2024-11-25 00:00:00,120,13.0827,80.2707,31.1,21.5,9.7,1004.0,78.7,80.4,4.05,1.2,25.5,68.0,16.5,1010.0,5.600000000000001,46.5,6.800000000000001,6.0,Nearest Neighbor with Euclidean distance <= 0.5°,0.0,1,MODERATE,DYNAMIC_HORIZON_SCALED,37.0
2024-11-20T00:00:00,2024-11-26 00:00:00,144,13.0827,80.2707,31.0,22.0,6.5,1002.8,62.6,81.8,4.7,1.4,29.5,3.0,8.1,1010.0,1.5,19.0,1.5999999999999996,7.2000000000000455,Nearest Neighbor with Euclidean distance <= 0.5°,0.0,0,NONE,DYNAMIC_HORIZON_SCALED,40.0
2024-11-20T00:00:00,2024-11-27 00:00:00,168,13.0827,80.2707,30.8,14.4,5.0,1001.6,55.0,58.1,5.35,1.6,29.4,1.0,6.4,1010.0,1.4000000000000021,13.4,1.4000000000000004,8.399999999999977,Nearest Neighbor with Euclidean distance <= 0.5°,0.0,0,NONE,DYNAMIC_HORIZON_SCALED,43.0
2024-11-20T00:00:00,2024-11-28 00:00:00,192,13.0827,80.2707,30.6,7.5,6.9,1000.4,64.7,36.6,6.0,1.8,35.5,70.0,18.5,1010.0,4.899999999999999,62.5,11.6,9.600000000000023,Nearest Neighbor with Euclidean distance <= 0.5°,0.0,1,MODERATE,DYNAMIC_HORIZON_SCALED,46.0
2024-11-20T00:00:00,2024-11-29 00:00:00,216,13.0827,80.2707,30.5,9.3,10.1,999.2,80.4,42.1,6.65,2.0,29.2,7.8,5.2,1010.0,1.3000000000000007,1.5000000000000009,4.8999999999999995,10.799999999999955,Nearest Neighbor with Euclidean distance <= 0.5°,0.0,0,NONE,DYNAMIC_HORIZON_SCALED,49.0
2024-11-20T00:00:00,2024-11-30 00:00:00,240,13.0827,80.2707,30.3,17.6,10.8,998.0,84.2,68.1,7.3,2.2,29.2,8.8,7.1,1010.0,1.1000000000000014,8.8,3.700000000000001,12.0,Nearest Neighbor with Euclidean distance <= 0.5°,0.0,0,NONE,DYNAMIC_HORIZON_SCALED,52.0
2024-11-20T00:00:00,2024-11-21 00:00:00,24,22.5726,88.3639,29.8,0.5,7.3,1008.8,56.4,70.6,1.45,0.4,29.9,1.4,7.3,1010.0,0.09999999999999787,0.8999999999999999,0.0,1.2000000000000455,Nearest Neighbor with Euclidean distance <= 0.5°,0.0,0,NONE,DYNAMIC_HORIZON_SCALED,25.0
2024-11-20T00:00:00,2024-11-22 00:00:00,48,22.5726,88.3639,29.7,1.2,5.2,1007.6,58.5,44.0,2.1,0.6,29.8,1.9,5.3,1010.0,0.10000000000000142,0.7,0.09999999999999964,2.3999999999999773,Nearest Neighbor with Euclidean distance <= 0.5°,0.0,0,NONE,DYNAMIC_HORIZON_SCALED,28.0
2024-11-20T00:00:00,2024-11-23 00:00:00,72,22.5726,88.3639,29.5,6.3,4.6,1006.4,73.8,35.8,2.75,0.8,29.7,6.0,4.8,1010.0,0.1999999999999993,0.2999999999999998,0.20000000000000018,3.6000000000000227,Nearest Neighbor with Euclidean distance <= 0.5°,0.0,0,NONE,DYNAMIC_HORIZON_SCALED,31.0
2024-11-20T00:00:00,2024-11-24 00:00:00,96,22.5726,88.3639,29.3,42.0,14.5,1005.2,84.8,55.5,3.8,2.4,29.7,8.9,6.2,1010.0,0.3999999999999986,33.1,8.3,4.7999999999999545,Nearest Neighbor with Euclidean distance <= 0.5°,0.0,0,NONE,DYNAMIC_HORIZON_SCALED,34.0
2024-11-20T00:00:00,2024-11-25 00:00:00,120,22.5726,88.3639,29.1,21.5,9.7,1004.0,78.7,80.4,4.05,1.2,29.6,7.3,8.0,1010.0,0.5,14.2,1.6999999999999993,6.0,Nearest Neighbor with Euclidean distance <= 0.5°,0.0,0,NONE,DYNAMIC_HORIZON_SCALED,37.0
2024-11-20T00:00:00,2024-11-26 00:00:00,144,22.5726,88.3639,29.0,22.0,6.5,1002.8,62.6,81.8,4.7,1.4,29.5,3.0,8.1,1010.0,0.5,19.0,1.5999999999999996,7.2000000000000455,Nearest Neighbor with Euclidean distance <= 0.5°,0.0,0,NONE,DYNAMIC_HORIZON_SCALED,40.0
2024-11-20T00:00:00,2024-11-27 00:00:00,168,22.5726,88.3639,28.8,14.4,5.0,1001.6,55.0,58.1,5.35,1.6,35.5,76.0,18.5,1010.0,6.699999999999999,61.6,13.5,8.399999999999977,Nearest Neighbor with Euclidean distance <= 0.5°,0.0,1,MODERATE,DYNAMIC_HORIZON_SCALED,43.0
2024-11-20T00:00:00,2024-11-28 00:00:00,192,22.5726,88.3639,28.6,7.5,6.9,1000.4,64.7,36.6,6.0,1.8,29.3,3.6,4.8,1010.0,0.6999999999999993,3.9,2.1000000000000005,9.600000000000023,Nearest Neighbor with Euclidean distance <= 0.5°,0.0,0,NONE,DYNAMIC_HORIZON_SCALED,46.0
2024-11-20T00:00:00,2024-11-29 00:00:00,216,22.5726,88.3639,28.5,9.3,10.1,999.2,80.4,42.1,6.65,2.0,29.2,7.8,5.2,1010.0,0.6999999999999993,1.5000000000000009,4.8999999999999995,10.799999999999955,Nearest Neighbor with Euclidean distance <= 0.5°,0.0,0,NONE,DYNAMIC_HORIZON_SCALED,49.0
2024-11-20T00:00:00,2024-11-30 00:00:00,240,22.5726,88.3639,28.3,17.6,10.8,998.0,84.2,68.1,7.3,2.2,29.2,8.8,7.1,1010.0,0.8999999999999986,8.8,3.700000000000001,12.0,Nearest Neighbor with Euclidean distance <= 0.5°,0.0,0,NONE,DYNAMIC_HORIZON_SCALED,52.0
2024-11-20T00:00:00,2024-11-21 00:00:00,24,17.385,78.4867,29.8,0.5,7.3,1008.8,56.4,70.6,1.45,0.4,29.9,1.4,7.3,1010.0,0.09999999999999787,0.8999999999999999,0.0,1.2000000000000455,Nearest Neighbor with Euclidean distance <= 0.5°,0.0,0,NONE,DYNAMIC_HORIZON_SCALED,25.0
2024-11-20T00:00:00,2024-11-22 00:00:00,48,17.385,78.4867,29.7,1.2,5.2,1007.6,58.5,44.0,2.1,0.6,29.8,1.9,5.3,1010.0,0.10000000000000142,0.7,0.09999999999999964,2.3999999999999773,Nearest Neighbor with Euclidean distance <= 0.5°,0.0,0,NONE,DYNAMIC_HORIZON_SCALED,28.0
2024-11-20T00:00:00,2024-11-23 00:00:00,72,17.385,78.4867,29.5,6.3,4.6,1006.4,73.8,35.8,2.75,0.8,29.7,6.0,4.8,1010.0,0.1999999999999993,0.2999999999999998,0.20000000000000018,3.6000000000000227,Nearest Neighbor with Euclidean distance <= 0.5°,0.0,0,NONE,DYNAMIC_HORIZON_SCALED,31.0
2024-11-20T00:00:00,2024-11-24 00:00:00,96,17.385,78.4867,29.3,42.0,14.5,1005.2,84.8,55.5,3.8,2.4,25.5,72.0,17.5,1010.0,3.8000000000000007,30.0,3.0,4.7999999999999545,Nearest Neighbor with Euclidean distance <= 0.5°,0.0,0,NONE,DYNAMIC_HORIZON_SCALED,34.0
2024-11-20T00:00:00,2024-11-25 00:00:00,120,17.385,78.4867,29.1,21.5,9.7,1004.0,78.7,80.4,4.05,1.2,29.6,7.3,8.0,1010.0,0.5,14.2,1.6999999999999993,6.0,Nearest Neighbor with Euclidean distance <= 0.5°,0.0,0,NONE,DYNAMIC_HORIZON_SCALED,37.0
2024-11-20T00:00:00,2024-11-26 00:00:00,144,17.385,78.4867,29.0,22.0,6.5,1002.8,62.6,81.8,4.7,1.4,29.5,3.0,8.1,1010.0,0.5,19.0,1.5999999999999996,7.2000000000000455,Nearest Neighbor with Euclidean distance <= 0.5°,0.0,0,NONE,DYNAMIC_HORIZON_SCALED,40.0
2024-11-20T00:00:00,2024-11-27 00:00:00,168,17.385,78.4867,28.8,14.4,5.0,1001.6,55.0,58.1,5.35,1.6,29.4,1.0,6.4,1010.0,0.5999999999999979,13.4,1.4000000000000004,8.399999999999977,Nearest Neighbor with Euclidean distance <= 0.5°,0.0,0,NONE,DYNAMIC_HORIZON_SCALED,43.0
2024-11-20T00:00:00,2024-11-28 00:00:00,192,17.385,78.4867,28.6,7.5,6.9,1000.4,64.7,36.6,6.0,1.8,25.5,68.0,19.5,1010.0,3.1000000000000014,60.5,12.6,9.600000000000023,Nearest Neighbor with Euclidean distance <= 0.5°,0.0,1,MODERATE,DYNAMIC_HORIZON_SCALED,46.0
2024-11-20T00:00:00,2024-11-29 00:00:00,216,17.385,78.4867,28.5,9.3,10.1,999.2,80.4,42.1,6.65,2.0,29.2,7.8,5.2,1010.0,0.6999999999999993,1.5000000000000009,4.8999999999999995,10.799999999999955,Nearest Neighbor with Euclidean distance <= 0.5°,0.0,0,NONE,DYNAMIC_HORIZON_SCALED,49.0
2024-11-20T00:00:00,2024-11-30 00:00:00,240,17.385,78.4867,28.3,17.6,10.8,998.0,84.2,68.1,7.3,2.2,29.2,8.8,7.1,1010.0,0.8999999999999986,8.8,3.700000000000001,12.0,Nearest Neighbor with Euclidean distance <= 0.5°,0.0,0,NONE,DYNAMIC_HORIZON_SCALED,52.0
2024-11-20T00:00:00,2024-11-21 00:00:00,24,23.0225,72.5714,31.8,0.5,7.3,1008.8,56.4,70.6,1.45,0.4,29.9,1.4,7.3,1010.0,1.9000000000000021,0.8999999999999999,0.0,1.2000000000000455,Nearest Neighbor with Euclidean distance <= 0.5°,0.0,0,NONE,DYNAMIC_HORIZON_SCALED,25.0
2024-11-20T00:00:00,2024-11-22 00:00:00,48,23.0225,72.5714,31.7,1.2,5.2,1007.6,58.5,44.0,2.1,0.6,29.8,1.9,5.3,1010.0,1.8999999999999986,0.7,0.09999999999999964,2.3999999999999773,Nearest Neighbor with Euclidean distance <= 0.5°,0.0,0,NONE,DYNAMIC_HORIZON_SCALED,28.0
2024-11-20T00:00:00,2024-11-23 00:00:00,72,23.0225,72.5714,31.5,6.3,4.6,1006.4,73.8,35.8,2.75,0.8,29.7,6.0,4.8,1010.0,1.8000000000000007,0.2999999999999998,0.20000000000000018,3.6000000000000227,Nearest Neighbor with Euclidean distance <= 0.5°,0.0,0,NONE,DYNAMIC_HORIZON_SCALED,31.0
2024-11-20T00:00:00,2024-11-24 00:00:00,96,23.0225,72.5714,31.3,42.0,14.5,1005.2,84.8,55.5,3.8,2.4,25.5,76.0,21.5,1010.0,5.800000000000001,34.0,7.0,4.7999999999999545,Nearest Neighbor with Euclidean distance <= 0.5°,0.0,1,MODERATE,DYNAMIC_HORIZON_SCALED,34.0
2024-11-20T00:00:00,2024-11-25 00:00:00,120,23.0225,72.5714,31.1,21.5,9.7,1004.0,78.7,80.4,4.05,1.2,29.6,7.3,8.0,1010.0,1.5,14.2,1.6999999999999993,6.0,Nearest Neighbor with Euclidean distance <= 0.5°,0.0,0,NONE,DYNAMIC_HORIZON_SCALED,37.0
2024-11-20T00:00:00,2024-11-26 00:00:00,144,23.0225,72.5714,31.0,22.0,6.5,1002.8,62.6,81.8,4.7,1.4,29.5,3.0,8.1,1010.0,1.5,19.0,1.5999999999999996,7.2000000000000455,Nearest Neighbor with Euclidean distance <= 0.5°,0.0,0,NONE,DYNAMIC_HORIZON_SCALED,40.0
2024-11-20T00:00:00,2024-11-27 00:00:00,168,23.0225,72.5714,30.8,14.4,5.0,1001.6,55.0,58.1,5.35,1.6,29.4,1.0,6.4,1010.0,1.4000000000000021,13.4,1.4000000000000004,8.399999999999977,Nearest Neighbor with Euclidean distance <= 0.5°,0.0,0,NONE,DYNAMIC_HORIZON_SCALED,43.0
2024-11-20T00:00:00,2024-11-28 00:00:00,192,23.0225,72.5714,30.6,7.5,6.9,1000.4,64.7,36.6,6.0,1.8,25.5,72.0,17.5,1010.0,5.100000000000001,64.5,10.6,9.600000000000023,Nearest Neighbor with Euclidean distance <= 0.5°,0.0,1,MODERATE,DYNAMIC_HORIZON_SCALED,46.0
2024-11-20T00:00:00,2024-11-29 00:00:00,216,23.0225,72.5714,30.5,9.3,10.1,999.2,80.4,42.1,6.65,2.0,29.2,7.8,5.2,1010.0,1.3000000000000007,1.5000000000000009,4.8999999999999995,10.799999999999955,Nearest Neighbor with Euclidean distance <= 0.5°,0.0,0,NONE,DYNAMIC_HORIZON_SCALED,49.0
2024-11-20T00:00:00,2024-11-30 00:00:00,240,23.0225,72.5714,30.3,17.6,10.8,998.0,84.2,68.1,7.3,2.2,29.2,8.8,7.1,1010.0,1.1000000000000014,8.8,3.700000000000001,12.0,Nearest Neighbor with Euclidean distance <= 0.5°,0.0,0,NONE,DYNAMIC_HORIZON_SCALED,52.0
2024-11-20T00:00:00,2024-11-21 00:00:00,24,26.9124,75.7873,29.8,0.5,7.3,1008.8,56.4,70.6,1.45,0.4,29.9,1.4,7.3,1010.0,0.09999999999999787,0.8999999999999999,0.0,1.2000000000000455,Nearest Neighbor with Euclidean distance <= 0.5°,0.0,0,NONE,DYNAMIC_HORIZON_SCALED,25.0
2024-11-20T00:00:00,2024-11-22 00:00:00,48,26.9124,75.7873,29.7,1.2,5.2,1007.6,58.5,44.0,2.1,0.6,29.8,1.9,5.3,1010.0,0.10000000000000142,0.7,0.09999999999999964,2.3999999999999773,Nearest Neighbor with Euclidean distance <= 0.5°,0.0,0,NONE,DYNAMIC_HORIZON_SCALED,28.0
2024-11-20T00:00:00,2024-11-23 00:00:00,72,26.9124,75.7873,29.5,6.3,4.6,1006.4,73.8,35.8,2.75,0.8,29.7,6.0,4.8,1010.0,0.1999999999999993,0.2999999999999998,0.20000000000000018,3.6000000000000227,Nearest Neighbor with Euclidean distance <= 0.5°,0.0,0,NONE,DYNAMIC_HORIZON_SCALED,31.0
2024-11-20T00:00:00,2024-11-24 00:00:00,96,26.9124,75.7873,29.3,42.0,14.5,1005.2,84.8,55.5,3.8,2.4,29.7,8.9,6.2,1010.0,0.3999999999999986,33.1,8.3,4.7999999999999545,Nearest Neighbor with Euclidean distance <= 0.5°,0.0,0,NONE,DYNAMIC_HORIZON_SCALED,34.0
2024-11-20T00:00:00,2024-11-25 00:00:00,120,26.9124,75.7873,29.1,21.5,9.7,1004.0,78.7,80.4,4.05,1.2,29.6,7.3,8.0,1010.0,0.5,14.2,1.6999999999999993,6.0,Nearest Neighbor with Euclidean distance <= 0.5°,0.0,0,NONE,DYNAMIC_HORIZON_SCALED,37.0
2024-11-20T00:00:00,2024-11-26 00:00:00,144,26.9124,75.7873,29.0,22.0,6.5,1002.8,62.6,81.8,4.7,1.4,29.5,3.0,8.1,1010.0,0.5,19.0,1.5999999999999996,7.2000000000000455,Nearest Neighbor with Euclidean distance <= 0.5°,0.0,0,NONE,DYNAMIC_HORIZON_SCALED,40.0
2024-11-20T00:00:00,2024-11-27 00:00:00,168,26.9124,75.7873,28.8,14.4,5.0,1001.6,55.0,58.1,5.35,1.6,25.5,70.0,21.5,1010.0,3.3000000000000007,55.6,16.5,8.399999999999977,Nearest Neighbor with Euclidean distance <= 0.5°,0.0,1,MODERATE,DYNAMIC_HORIZON_SCALED,43.0
2024-11-20T00:00:00,2024-11-28 00:00:00,192,26.9124,75.7873,28.6,7.5,6.9,1000.4,64.7,36.6,6.0,1.8,29.3,3.6,4.8,1010.0,0.6999999999999993,3.9,2.1000000000000005,9.600000000000023,Nearest Neighbor with Euclidean distance <= 0.5°,0.0,0,NONE,DYNAMIC_HORIZON_SCALED,46.0
2024-11-20T00:00:00,2024-11-29 00:00:00,216,26.9124,75.7873,28.5,9.3,10.1,999.2,80.4,42.1,6.65,2.0,29.2,7.8,5.2,1010.0,0.6999999999999993,1.5000000000000009,4.8999999999999995,10.799999999999955,Nearest Neighbor with Euclidean distance <= 0.5°,0.0,0,NONE,DYNAMIC_HORIZON_SCALED,49.0
2024-11-20T00:00:00,2024-11-30 00:00:00,240,26.9124,75.7873,28.3,17.6,10.8,998.0,84.2,68.1,7.3,2.2,29.2,8.8,7.1,1010.0,0.8999999999999986,8.8,3.700000000000001,12.0,Nearest Neighbor with Euclidean distance <= 0.5°,0.0,0,NONE,DYNAMIC_HORIZON_SCALED,52.0
2024-11-20T00:00:00,2024-11-21 00:00:00,24,31.1048,77.1734,19.8,0.5,7.3,948.8,56.4,70.6,1.45,0.4,19.9,1.4,7.3,950.0,0.09999999999999787,0.8999999999999999,0.0,1.2000000000000455,Nearest Neighbor with Euclidean distance <= 0.5°,0.0,0,NONE,DYNAMIC_HORIZON_SCALED,25.0
2024-11-20T00:00:00,2024-11-22 00:00:00,48,31.1048,77.1734,19.7,1.2,5.2,947.6,58.5,44.0,2.1,0.6,19.8,1.9,5.3,950.0,0.10000000000000142,0.7,0.09999999999999964,2.3999999999999773,Nearest Neighbor with Euclidean distance <= 0.5°,0.0,0,NONE,DYNAMIC_HORIZON_SCALED,28.0
2024-11-20T00:00:00,2024-11-23 00:00:00,72,31.1048,77.1734,19.5,6.3,4.6,946.4,73.8,35.8,2.75,0.8,19.7,6.0,4.8,950.0,0.1999999999999993,0.2999999999999998,0.20000000000000018,3.6000000000000227,Nearest Neighbor with Euclidean distance <= 0.5°,0.0,0,NONE,DYNAMIC_HORIZON_SCALED,31.0
2024-11-20T00:00:00,2024-11-24 00:00:00,96,31.1048,77.1734,19.3,42.0,14.5,945.2,84.8,55.5,3.8,2.4,19.7,8.9,6.2,950.0,0.3999999999999986,33.1,8.3,4.7999999999999545,Nearest Neighbor with Euclidean distance <= 0.5°,0.0,0,NONE,DYNAMIC_HORIZON_SCALED,34.0
2024-11-20T00:00:00,2024-11-25 00:00:00,120,31.1048,77.1734,19.1,21.5,9.7,944.0,78.7,80.4,4.05,1.2,25.5,70.0,18.5,950.0,6.399999999999999,48.5,8.8,6.0,Nearest Neighbor with Euclidean distance <= 0.5°,0.0,1,MODERATE,DYNAMIC_HORIZON_SCALED,37.0
2024-11-20T00:00:00,2024-11-26 00:00:00,144,31.1048,77.1734,19.0,22.0,6.5,942.8,62.6,81.8,4.7,1.4,19.5,3.0,8.1,950.0,0.5,19.0,1.5999999999999996,7.2000000000000455,Nearest Neighbor with Euclidean distance <= 0.5°,0.0,0,NONE,DYNAMIC_HORIZON_SCALED,40.0
2024-11-20T00:00:00,2024-11-27 00:00:00,168,31.1048,77.1734,18.8,14.4,5.0,941.6,55.0,58.1,5.35,1.6,19.4,1.0,6.4,950.0,0.5999999999999979,13.4,1.4000000000000004,8.399999999999977,Nearest Neighbor with Euclidean distance <= 0.5°,0.0,0,NONE,DYNAMIC_HORIZON_SCALED,43.0
2024-11-20T00:00:00,2024-11-28 00:00:00,192,31.1048,77.1734,18.6,7.5,6.9,940.4,64.7,36.6,6.0,1.8,19.3,3.6,4.8,950.0,0.6999999999999993,3.9,2.1000000000000005,9.600000000000023,Nearest Neighbor with Euclidean distance <= 0.5°,0.0,0,NONE,DYNAMIC_HORIZON_SCALED,46.0
2024-11-20T00:00:00,2024-11-29 00:00:00,216,31.1048,77.1734,18.5,9.3,10.1,939.2,80.4,42.1,6.65,2.0,19.2,7.8,5.2,950.0,0.6999999999999993,1.5000000000000009,4.8999999999999995,10.799999999999955,Nearest Neighbor with Euclidean distance <= 0.5°,0.0,0,NONE,DYNAMIC_HORIZON_SCALED,49.0
2024-11-20T00:00:00,2024-11-30 00:00:00,240,31.1048,77.1734,18.3,17.6,10.8,938.0,84.2,68.1,7.3,2.2,19.2,8.8,7.1,950.0,0.8999999999999986,8.8,3.700000000000001,12.0,Nearest Neighbor with Euclidean distance <= 0.5°,0.0,0,NONE,DYNAMIC_HORIZON_SCALED,52.0
2024-11-20T00:00:00,2024-11-21 00:00:00,24,26.1445,91.7362,29.8,0.5,7.3,1008.8,56.4,70.6,1.45,0.4,29.9,1.4,7.3,1010.0,0.09999999999999787,0.8999999999999999,0.0,1.2000000000000455,Nearest Neighbor with Euclidean distance <= 0.5°,0.0,0,NONE,DYNAMIC_HORIZON_SCALED,25.0
2024-11-20T00:00:00,2024-11-22 00:00:00,48,26.1445,91.7362,29.7,1.2,5.2,1007.6,58.5,44.0,2.1,0.6,29.8,1.9,5.3,1010.0,0.10000000000000142,0.7,0.09999999999999964,2.3999999999999773,Nearest Neighbor with Euclidean distance <= 0.5°,0.0,0,NONE,DYNAMIC_HORIZON_SCALED,28.0
2024-11-20T00:00:00,2024-11-23 00:00:00,72,26.1445,91.7362,29.5,6.3,4.6,1006.4,73.8,35.8,2.75,0.8,29.7,6.0,4.8,1010.0,0.1999999999999993,0.2999999999999998,0.20000000000000018,3.6000000000000227,Nearest Neighbor with Euclidean distance <= 0.5°,0.0,0,NONE,DYNAMIC_HORIZON_SCALED,31.0
2024-11-20T00:00:00,2024-11-24 00:00:00,96,26.1445,91.7362,29.3,42.0,14.5,1005.2,84.8,55.5,3.8,2.4,25.5,80.0,19.5,1010.0,3.8000000000000007,38.0,5.0,4.7999999999999545,Nearest Neighbor with Euclidean distance <= 0.5°,0.0,1,MODERATE,DYNAMIC_HORIZON_SCALED,34.0
2024-11-20T00:00:00,2024-11-25 00:00:00,120,26.1445,91.7362,29.1,21.5,9.7,1004.0,78.7,80.4,4.05,1.2,29.6,7.3,8.0,1010.0,0.5,14.2,1.6999999999999993,6.0,Nearest Neighbor with Euclidean distance <= 0.5°,0.0,0,NONE,DYNAMIC_HORIZON_SCALED,37.0
2024-11-20T00:00:00,2024-11-26 00:00:00,144,26.1445,91.7362,29.0,22.0,6.5,1002.8,62.6,81.8,4.7,1.4,29.5,3.0,8.1,1010.0,0.5,19.0,1.5999999999999996,7.2000000000000455,Nearest Neighbor with Euclidean distance <= 0.5°,0.0,0,NONE,DYNAMIC_HORIZON_SCALED,40.0
2024-11-20T00:00:00,2024-11-27 00:00:00,168,26.1445,91.7362,28.8,14.4,5.0,1001.6,55.0,58.1,5.35,1.6,29.4,1.0,6.4,1010.0,0.5999999999999979,13.4,1.4000000000000004,8.399999999999977,Nearest Neighbor with Euclidean distance <= 0.5°,0.0,0,NONE,DYNAMIC_HORIZON_SCALED,43.0
2024-11-20T00:00:00,2024-11-28 00:00:00,192,26.1445,91.7362,28.6,7.5,6.9,1000.4,64.7,36.6,6.0,1.8,25.5,76.0,21.5,1010.0,3.1000000000000014,68.5,14.6,9.600000000000023,Nearest Neighbor with Euclidean distance <= 0.5°,0.0,1,MODERATE,DYNAMIC_HORIZON_SCALED,46.0
2024-11-20T00:00:00,2024-11-29 00:00:00,216,26.1445,91.7362,28.5,9.3,10.1,999.2,80.4,42.1,6.65,2.0,29.2,7.8,5.2,1010.0,0.6999999999999993,1.5000000000000009,4.8999999999999995,10.799999999999955,Nearest Neighbor with Euclidean distance <= 0.5°,0.0,0,NONE,DYNAMIC_HORIZON_SCALED,49.0
2024-11-20T00:00:00,2024-11-30 00:00:00,240,26.1445,91.7362,28.3,17.6,10.8,998.0,84.2,68.1,7.3,2.2,29.2,8.8,7.1,1010.0,0.8999999999999986,8.8,3.700000000000001,12.0,Nearest Neighbor with Euclidean distance <= 0.5°,0.0,0,NONE,DYNAMIC_HORIZON_SCALED,52.0
2024-11-20T00:00:00,2024-11-21 00:00:00,24,34.0837,74.7973,19.8,0.5,7.3,948.8,56.4,70.6,1.45,0.4,19.9,1.4,7.3,950.0,0.09999999999999787,0.8999999999999999,0.0,1.2000000000000455,Nearest Neighbor with Euclidean distance <= 0.5°,0.0,0,NONE,DYNAMIC_HORIZON_SCALED,25.0
2024-11-20T00:00:00,2024-11-22 00:00:00,48,34.0837,74.7973,19.7,1.2,5.2,947.6,58.5,44.0,2.1,0.6,19.8,1.9,5.3,950.0,0.10000000000000142,0.7,0.09999999999999964,2.3999999999999773,Nearest Neighbor with Euclidean distance <= 0.5°,0.0,0,NONE,DYNAMIC_HORIZON_SCALED,28.0
2024-11-20T00:00:00,2024-11-23 00:00:00,72,34.0837,74.7973,19.5,6.3,4.6,946.4,73.8,35.8,2.75,0.8,19.7,6.0,4.8,950.0,0.1999999999999993,0.2999999999999998,0.20000000000000018,3.6000000000000227,Nearest Neighbor with Euclidean distance <= 0.5°,0.0,0,NONE,DYNAMIC_HORIZON_SCALED,31.0
2024-11-20T00:00:00,2024-11-24 00:00:00,96,34.0837,74.7973,19.3,42.0,14.5,945.2,84.8,55.5,3.8,2.4,19.7,8.9,6.2,950.0,0.3999999999999986,33.1,8.3,4.7999999999999545,Nearest Neighbor with Euclidean distance <= 0.5°,0.0,0,NONE,DYNAMIC_HORIZON_SCALED,34.0
2024-11-20T00:00:00,2024-11-25 00:00:00,120,34.0837,74.7973,19.1,21.5,9.7,944.0,78.7,80.4,4.05,1.2,19.6,7.3,8.0,950.0,0.5,14.2,1.6999999999999993,6.0,Nearest Neighbor with Euclidean distance <= 0.5°,0.0,0,NONE,DYNAMIC_HORIZON_SCALED,37.0
2024-11-20T00:00:00,2024-11-26 00:00:00,144,34.0837,74.7973,19.0,22.0,6.5,942.8,62.6,81.8,4.7,1.4,19.5,3.0,8.1,950.0,0.5,19.0,1.5999999999999996,7.2000000000000455,Nearest Neighbor with Euclidean distance <= 0.5°,0.0,0,NONE,DYNAMIC_HORIZON_SCALED,40.0
2024-11-20T00:00:00,2024-11-27 00:00:00,168,34.0837,74.7973,18.8,14.4,5.0,941.6,55.0,58.1,5.35,1.6,15.5,77.0,16.5,950.0,3.3000000000000007,62.6,11.5,8.399999999999977,Nearest Neighbor with Euclidean distance <= 0.5°,0.0,1,MODERATE,DYNAMIC_HORIZON_SCALED,43.0
2024-11-20T00:00:00,2024-11-28 00:00:00,192,34.0837,74.7973,18.6,7.5,6.9,940.4,64.7,36.6,6.0,1.8,19.3,3.6,4.8,950.0,0.6999999999999993,3.9,2.1000000000000005,9.600000000000023,Nearest Neighbor with Euclidean distance <= 0.5°,0.0,0,NONE,DYNAMIC_HORIZON_SCALED,46.0
2024-11-20T00:00:00,2024-11-29 00:00:00,216,34.0837,74.7973,18.5,9.3,10.1,939.2,80.4,42.1,6.65,2.0,19.2,7.8,5.2,950.0,0.6999999999999993,1.5000000000000009,4.8999999999999995,10.799999999999955,Nearest Neighbor with Euclidean distance <= 0.5°,0.0,0,NONE,DYNAMIC_HORIZON_SCALED,49.0
2024-11-20T00:00:00,2024-11-30 00:00:00,240,34.0837,74.7973,18.3,17.6,10.8,938.0,84.2,68.1,7.3,2.2,19.2,8.8,7.1,950.0,0.8999999999999986,8.8,3.700000000000001,12.0,Nearest Neighbor with Euclidean distance <= 0.5°,0.0,0,NONE,DYNAMIC_HORIZON_SCALED,52.0
2024-11-20T00:00:00,2024-11-21 00:00:00,24,8.5241,76.9366,29.8,0.5,7.3,1008.8,56.4,70.6,1.45,0.4,29.9,1.4,7.3,1010.0,0.09999999999999787,0.8999999999999999,0.0,1.2000000000000455,Nearest Neighbor with Euclidean distance <= 0.5°,0.0,0,NONE,DYNAMIC_HORIZON_SCALED,25.0
2024-11-20T00:00:00,2024-11-22 00:00:00,48,8.5241,76.9366,29.7,1.2,5.2,1007.6,58.5,44.0,2.1,0.6,29.8,1.9,5.3,1010.0,0.10000000000000142,0.7,0.09999999999999964,2.3999999999999773,Nearest Neighbor with Euclidean distance <= 0.5°,0.0,0,NONE,DYNAMIC_HORIZON_SCALED,28.0
2024-11-20T00:00:00,2024-11-23 00:00:00,72,8.5241,76.9366,29.5,6.3,4.6,1006.4,73.8,35.8,2.75,0.8,29.7,6.0,4.8,1010.0,0.1999999999999993,0.2999999999999998,0.20000000000000018,3.6000000000000227,Nearest Neighbor with Euclidean distance <= 0.5°,0.0,0,NONE,DYNAMIC_HORIZON_SCALED,31.0
2024-11-20T00:00:00,2024-11-24 00:00:00,96,8.5241,76.9366,29.3,42.0,14.5,1005.2,84.8,55.5,3.8,2.4,25.5,70.0,21.5,1010.0,3.8000000000000007,28.0,7.0,4.7999999999999545,Nearest Neighbor with Euclidean distance <= 0.5°,0.0,0,NONE,DYNAMIC_HORIZON_SCALED,34.0
2024-11-20T00:00:00,2024-11-25 00:00:00,120,8.5241,76.9366,29.1,21.5,9.7,1004.0,78.7,80.4,4.05,1.2,29.6,7.3,8.0,1010.0,0.5,14.2,1.6999999999999993,6.0,Nearest Neighbor with Euclidean distance <= 0.5°,0.0,0,NONE,DYNAMIC_HORIZON_SCALED,37.0
2024-11-20T00:00:00,2024-11-26 00:00:00,144,8.5241,76.9366,29.0,22.0,6.5,1002.8,62.6,81.8,4.7,1.4,29.5,3.0,8.1,1010.0,0.5,19.0,1.5999999999999996,7.2000000000000455,Nearest Neighbor with Euclidean distance <= 0.5°,0.0,0,NONE,DYNAMIC_HORIZON_SCALED,40.0
2024-11-20T00:00:00,2024-11-27 00:00:00,168,8.5241,76.9366,28.8,14.4,5.0,1001.6,55.0,58.1,5.35,1.6,29.4,1.0,6.4,1010.0,0.5999999999999979,13.4,1.4000000000000004,8.399999999999977,Nearest Neighbor with Euclidean distance <= 0.5°,0.0,0,NONE,DYNAMIC_HORIZON_SCALED,43.0
2024-11-20T00:00:00,2024-11-28 00:00:00,192,8.5241,76.9366,28.6,7.5,6.9,1000.4,64.7,36.6,6.0,1.8,35.5,81.0,17.5,1010.0,6.899999999999999,73.5,10.6,9.600000000000023,Nearest Neighbor with Euclidean distance <= 0.5°,0.0,1,SEVERE,DYNAMIC_HORIZON_SCALED,46.0
2024-11-20T00:00:00,2024-11-29 00:00:00,216,8.5241,76.9366,28.5,9.3,10.1,999.2,80.4,42.1,6.65,2.0,29.2,7.8,5.2,1010.0,0.6999999999999993,1.5000000000000009,4.8999999999999995,10.799999999999955,Nearest Neighbor with Euclidean distance <= 0.5°,0.0,0,NONE,DYNAMIC_HORIZON_SCALED,49.0
2024-11-20T00:00:00,2024-11-30 00:00:00,240,8.5241,76.9366,28.3,17.6,10.8,998.0,84.2,68.1,7.3,2.2,29.2,8.8,7.1,1010.0,0.8999999999999986,8.8,3.700000000000001,12.0,Nearest Neighbor with Euclidean distance <= 0.5°,0.0,0,NONE,DYNAMIC_HORIZON_SCALED,52.0
2024-11-20T00:00:00,2024-11-21 00:00:00,24,20.2961,85.8245,31.8,0.5,7.3,1008.8,56.4,70.6,1.45,0.4,29.9,1.4,7.3,1010.0,1.9000000000000021,0.8999999999999999,0.0,1.2000000000000455,Nearest Neighbor with Euclidean distance <= 0.5°,0.0,0,NONE,DYNAMIC_HORIZON_SCALED,25.0
2024-11-20T00:00:00,2024-11-22 00:00:00,48,20.2961,85.8245,31.7,1.2,5.2,1007.6,58.5,44.0,2.1,0.6,29.8,1.9,5.3,1010.0,1.8999999999999986,0.7,0.09999999999999964,2.3999999999999773,Nearest Neighbor with Euclidean distance <= 0.5°,0.0,0,NONE,DYNAMIC_HORIZON_SCALED,28.0
2024-11-20T00:00:00,2024-11-23 00:00:00,72,20.2961,85.8245,31.5,6.3,4.6,1006.4,73.8,35.8,2.75,0.8,29.7,6.0,4.8,1010.0,1.8000000000000007,0.2999999999999998,0.20000000000000018,3.6000000000000227,Nearest Neighbor with Euclidean distance <= 0.5°,0.0,0,NONE,DYNAMIC_HORIZON_SCALED,31.0
2024-11-20T00:00:00,2024-11-24 00:00:00,96,20.2961,85.8245,31.3,42.0,14.5,1005.2,84.8,55.5,3.8,2.4,29.7,8.9,6.2,1010.0,1.6000000000000014,33.1,8.3,4.7999999999999545,Nearest Neighbor with Euclidean distance <= 0.5°,0.0,0,NONE,DYNAMIC_HORIZON_SCALED,34.0
2024-11-20T00:00:00,2024-11-25 00:00:00,120,20.2961,85.8245,31.1,21.5,9.7,1004.0,78.7,80.4,4.05,1.2,35.5,75.0,17.5,1010.0,4.399999999999999,53.5,7.800000000000001,6.0,Nearest Neighbor with Euclidean distance <= 0.5°,0.0,1,MODERATE,DYNAMIC_HORIZON_SCALED,37.0
2024-11-20T00:00:00,2024-11-26 00:00:00,144,20.2961,85.8245,31.0,22.0,6.5,1002.8,62.6,81.8,4.7,1.4,29.5,3.0,8.1,1010.0,1.5,19.0,1.5999999999999996,7.2000000000000455,Nearest Neighbor with Euclidean distance <= 0.5°,0.0,0,NONE,DYNAMIC_HORIZON_SCALED,40.0
2024-11-20T00:00:00,2024-11-27 00:00:00,168,20.2961,85.8245,30.8,14.4,5.0,1001.6,55.0,58.1,5.35,1.6,29.4,1.0,6.4,1010.0,1.4000000000000021,13.4,1.4000000000000004,8.399999999999977,Nearest Neighbor with Euclidean distance <= 0.5°,0.0,0,NONE,DYNAMIC_HORIZON_SCALED,43.0
2024-11-20T00:00:00,2024-11-28 00:00:00,192,20.2961,85.8245,30.6,7.5,6.9,1000.4,64.7,36.6,6.0,1.8,29.3,3.6,4.8,1010.0,1.3000000000000007,3.9,2.1000000000000005,9.600000000000023,Nearest Neighbor with Euclidean distance <= 0.5°,0.0,0,NONE,DYNAMIC_HORIZON_SCALED,46.0
2024-11-20T00:00:00,2024-11-29 00:00:00,216,20.2961,85.8245,30.5,9.3,10.1,999.2,80.4,42.1,6.65,2.0,29.2,7.8,5.2,1010.0,1.3000000000000007,1.5000000000000009,4.8999999999999995,10.799999999999955,Nearest Neighbor with Euclidean distance <= 0.5°,0.0,0,NONE,DYNAMIC_HORIZON_SCALED,49.0
2024-11-20T00:00:00,2024-11-30 00:00:00,240,20.2961,85.8245,30.3,17.6,10.8,998.0,84.2,68.1,7.3,2.2,29.2,8.8,7.1,1010.0,1.1000000000000014,8.8,3.700000000000001,12.0,Nearest Neighbor with Euclidean distance <= 0.5°,0.0,0,NONE,DYNAMIC_HORIZON_SCALED,52.0
2024-11-20T00:00:00,2024-11-21 00:00:00,24,23.2599,77.4126,29.8,0.5,7.3,1008.8,56.4,70.6,1.45,0.4,29.9,1.4,7.3,1010.0,0.09999999999999787,0.8999999999999999,0.0,1.2000000000000455,Nearest Neighbor with Euclidean distance <= 0.5°,0.0,0,NONE,DYNAMIC_HORIZON_SCALED,25.0
2024-11-20T00:00:00,2024-11-22 00:00:00,48,23.2599,77.4126,29.7,1.2,5.2,1007.6,58.5,44.0,2.1,0.6,29.8,1.9,5.3,1010.0,0.10000000000000142,0.7,0.09999999999999964,2.3999999999999773,Nearest Neighbor with Euclidean distance <= 0.5°,0.0,0,NONE,DYNAMIC_HORIZON_SCALED,28.0
2024-11-20T00:00:00,2024-11-23 00:00:00,72,23.2599,77.4126,29.5,6.3,4.6,1006.4,73.8,35.8,2.75,0.8,29.7,6.0,4.8,1010.0,0.1999999999999993,0.2999999999999998,0.20000000000000018,3.6000000000000227,Nearest Neighbor with Euclidean distance <= 0.5°,0.0,0,NONE,DYNAMIC_HORIZON_SCALED,31.0
2024-11-20T00:00:00,2024-11-24 00:00:00,96,23.2599,77.4126,29.3,42.0,14.5,1005.2,84.8,55.5,3.8,2.4,29.7,8.9,6.2,1010.0,0.3999999999999986,33.1,8.3,4.7999999999999545,Nearest Neighbor with Euclidean distance <= 0.5°,0.0,0,NONE,DYNAMIC_HORIZON_SCALED,34.0
2024-11-20T00:00:00,2024-11-25 00:00:00,120,23.2599,77.4126,29.1,21.5,9.7,1004.0,78.7,80.4,4.05,1.2,25.5,73.0,18.5,1010.0,3.6000000000000014,51.5,8.8,6.0,Nearest Neighbor with Euclidean distance <= 0.5°,0.0,1,MODERATE,DYNAMIC_HORIZON_SCALED,37.0
2024-11-20T00:00:00,2024-11-26 00:00:00,144,23.2599,77.4126,29.0,22.0,6.5,1002.8,62.6,81.8,4.7,1.4,29.5,3.0,8.1,1010.0,0.5,19.0,1.5999999999999996,7.2000000000000455,Nearest Neighbor with Euclidean distance <= 0.5°,0.0,0,NONE,DYNAMIC_HORIZON_SCALED,40.0
2024-11-20T00:00:00,2024-11-27 00:00:00,168,23.2599,77.4126,28.8,14.4,5.0,1001.6,55.0,58.1,5.35,1.6,29.4,1.0,6.4,1010.0,0.5999999999999979,13.4,1.4000000000000004,8.399999999999977,Nearest Neighbor with Euclidean distance <= 0.5°,0.0,0,NONE,DYNAMIC_HORIZON_SCALED,43.0
2024-11-20T00:00:00,2024-11-28 00:00:00,192,23.2599,77.4126,28.6,7.5,6.9,1000.4,64.7,36.6,6.0,1.8,29.3,3.6,4.8,1010.0,0.6999999999999993,3.9,2.1000000000000005,9.600000000000023,Nearest Neighbor with Euclidean distance <= 0.5°,0.0,0,NONE,DYNAMIC_HORIZON_SCALED,46.0
2024-11-20T00:00:00,2024-11-29 00:00:00,216,23.2599,77.4126,28.5,9.3,10.1,999.2,80.4,42.1,6.65,2.0,29.2,7.8,5.2,1010.0,0.6999999999999993,1.5000000000000009,4.8999999999999995,10.799999999999955,Nearest Neighbor with Euclidean distance <= 0.5°,0.0,0,NONE,DYNAMIC_HORIZON_SCALED,49.0
2024-11-20T00:00:00,2024-11-30 00:00:00,240,23.2599,77.4126,28.3,17.6,10.8,998.0,84.2,68.1,7.3,2.2,29.2,8.8,7.1,1010.0,0.8999999999999986,8.8,3.700000000000001,12.0,Nearest Neighbor with Euclidean distance <= 0.5°,0.0,0,NONE,DYNAMIC_HORIZON_SCALED,52.0
2024-11-20T00:00:00,2024-11-21 00:00:00,24,17.6868,83.2185,29.8,0.5,7.3,1008.8,56.4,70.6,1.45,0.4,29.9,1.4,7.3,1010.0,0.09999999999999787,0.8999999999999999,0.0,1.2000000000000455,Nearest Neighbor with Euclidean distance <= 0.5°,0.0,0,NONE,DYNAMIC_HORIZON_SCALED,25.0
2024-11-20T00:00:00,2024-11-22 00:00:00,48,17.6868,83.2185,29.7,1.2,5.2,1007.6,58.5,44.0,2.1,0.6,29.8,1.9,5.3,1010.0,0.10000000000000142,0.7,0.09999999999999964,2.3999999999999773,Nearest Neighbor with Euclidean distance <= 0.5°,0.0,0,NONE,DYNAMIC_HORIZON_SCALED,28.0
2024-11-20T00:00:00,2024-11-23 00:00:00,72,17.6868,83.2185,29.5,6.3,4.6,1006.4,73.8,35.8,2.75,0.8,29.7,6.0,4.8,1010.0,0.1999999999999993,0.2999999999999998,0.20000000000000018,3.6000000000000227,Nearest Neighbor with Euclidean distance <= 0.5°,0.0,0,NONE,DYNAMIC_HORIZON_SCALED,31.0
2024-11-20T00:00:00,2024-11-24 00:00:00,96,17.6868,83.2185,29.3,42.0,14.5,1005.2,84.8,55.5,3.8,2.4,29.7,8.9,6.2,1010.0,0.3999999999999986,33.1,8.3,4.7999999999999545,Nearest Neighbor with Euclidean distance <= 0.5°,0.0,0,NONE,DYNAMIC_HORIZON_SCALED,34.0
2024-11-20T00:00:00,2024-11-25 00:00:00,120,17.6868,83.2185,29.1,21.5,9.7,1004.0,78.7,80.4,4.05,1.2,25.5,73.0,18.5,1010.0,3.6000000000000014,51.5,8.8,6.0,Nearest Neighbor with Euclidean distance <= 0.5°,0.0,1,MODERATE,DYNAMIC_HORIZON_SCALED,37.0
2024-11-20T00:00:00,2024-11-26 00:00:00,144,17.6868,83.2185,29.0,22.0,6.5,1002.8,62.6,81.8,4.7,1.4,29.5,3.0,8.1,1010.0,0.5,19.0,1.5999999999999996,7.2000000000000455,Nearest Neighbor with Euclidean distance <= 0.5°,0.0,0,NONE,DYNAMIC_HORIZON_SCALED,40.0
2024-11-20T00:00:00,2024-11-27 00:00:00,168,17.6868,83.2185,28.8,14.4,5.0,1001.6,55.0,58.1,5.35,1.6,29.4,1.0,6.4,1010.0,0.5999999999999979,13.4,1.4000000000000004,8.399999999999977,Nearest Neighbor with Euclidean distance <= 0.5°,0.0,0,NONE,DYNAMIC_HORIZON_SCALED,43.0
2024-11-20T00:00:00,2024-11-28 00:00:00,192,17.6868,83.2185,28.6,7.5,6.9,1000.4,64.7,36.6,6.0,1.8,29.3,3.6,4.8,1010.0,0.6999999999999993,3.9,2.1000000000000005,9.600000000000023,Nearest Neighbor with Euclidean distance <= 0.5°,0.0,0,NONE,DYNAMIC_HORIZON_SCALED,46.0
2024-11-20T00:00:00,2024-11-29 00:00:00,216,17.6868,83.2185,28.5,9.3,10.1,999.2,80.4,42.1,6.65,2.0,29.2,7.8,5.2,1010.0,0.6999999999999993,1.5000000000000009,4.8999999999999995,10.799999999999955,Nearest Neighbor with Euclidean distance <= 0.5°,0.0,0,NONE,DYNAMIC_HORIZON_SCALED,49.0
2024-11-20T00:00:00,2024-11-30 00:00:00,240,17.6868,83.2185,28.3,17.6,10.8,998.0,84.2,68.1,7.3,2.2,29.2,8.8,7.1,1010.0,0.8999999999999986,8.8,3.700000000000001,12.0,Nearest Neighbor with Euclidean distance <= 0.5°,0.0,0,NONE,DYNAMIC_HORIZON_SCALED,52.0
2024-11-20T00:00:00,2024-11-21 00:00:00,24,25.5941,85.1376,31.8,0.5,7.3,1008.8,56.4,70.6,1.45,0.4,29.9,1.4,7.3,1010.0,1.9000000000000021,0.8999999999999999,0.0,1.2000000000000455,Nearest Neighbor with Euclidean distance <= 0.5°,0.0,0,NONE,DYNAMIC_HORIZON_SCALED,25.0
2024-11-20T00:00:00,2024-11-22 00:00:00,48,25.5941,85.1376,31.7,1.2,5.2,1007.6,58.5,44.0,2.1,0.6,29.8,1.9,5.3,1010.0,1.8999999999999986,0.7,0.09999999999999964,2.3999999999999773,Nearest Neighbor with Euclidean distance <= 0.5°,0.0,0,NONE,DYNAMIC_HORIZON_SCALED,28.0
2024-11-20T00:00:00,2024-11-23 00:00:00,72,25.5941,85.1376,31.5,6.3,4.6,1006.4,73.8,35.8,2.75,0.8,29.7,6.0,4.8,1010.0,1.8000000000000007,0.2999999999999998,0.20000000000000018,3.6000000000000227,Nearest Neighbor with Euclidean distance <= 0.5°,0.0,0,NONE,DYNAMIC_HORIZON_SCALED,31.0
2024-11-20T00:00:00,2024-11-24 00:00:00,96,25.5941,85.1376,31.3,42.0,14.5,1005.2,84.8,55.5,3.8,2.4,35.5,74.0,16.5,1010.0,4.199999999999999,32.0,2.0,4.7999999999999545,Nearest Neighbor with Euclidean distance <= 0.5°,0.0,0,NONE,DYNAMIC_HORIZON_SCALED,34.0
2024-11-20T00:00:00,2024-11-25 00:00:00,120,25.5941,85.1376,31.1,21.5,9.7,1004.0,78.7,80.4,4.05,1.2,25.5,68.0,16.5,1010.0,5.600000000000001,46.5,6.800000000000001,6.0,Nearest Neighbor with Euclidean distance <= 0.5°,0.0,1,MODERATE,DYNAMIC_HORIZON_SCALED,37.0
2024-11-20T00:00:00,2024-11-26 00:00:00,144,25.5941,85.1376,31.0,22.0,6.5,1002.8,62.6,81.8,4.7,1.4,29.5,3.0,8.1,1010.0,1.5,19.0,1.5999999999999996,7.2000000000000455,Nearest Neighbor with Euclidean distance <= 0.5°,0.0,0,NONE,DYNAMIC_HORIZON_SCALED,40.0
2024-11-20T00:00:00,2024-11-27 00:00:00,168,25.5941,85.1376,30.8,14.4,5.0,1001.6,55.0,58.1,5.35,1.6,29.4,1.0,6.4,1010.0,1.4000000000000021,13.4,1.4000000000000004,8.399999999999977,Nearest Neighbor with Euclidean distance <= 0.5°,0.0,0,NONE,DYNAMIC_HORIZON_SCALED,43.0
2024-11-20T00:00:00,2024-11-28 00:00:00,192,25.5941,85.1376,30.6,7.5,6.9,1000.4,64.7,36.6,6.0,1.8,35.5,70.0,18.5,1010.0,4.899999999999999,62.5,11.6,9.600000000000023,Nearest Neighbor with Euclidean distance <= 0.5°,0.0,1,MODERATE,DYNAMIC_HORIZON_SCALED,46.0
2024-11-20T00:00:00,2024-11-29 00:00:00,216,25.5941,85.1376,30.5,9.3,10.1,999.2,80.4,42.1,6.65,2.0,29.2,7.8,5.2,1010.0,1.3000000000000007,1.5000000000000009,4.8999999999999995,10.799999999999955,Nearest Neighbor with Euclidean distance <= 0.5°,0.0,0,NONE,DYNAMIC_HORIZON_SCALED,49.0
2024-11-20T00:00:00,2024-11-30 00:00:00,240,25.5941,85.1376,30.3,17.6,10.8,998.0,84.2,68.1,7.3,2.2,29.2,8.8,7.1,1010.0,1.1000000000000014,8.8,3.700000000000001,12.0,Nearest Neighbor with Euclidean distance <= 0.5°,0.0,0,NONE,DYNAMIC_HORIZON_SCALED,52.0
2024-11-20T00:00:00,2024-11-21 00:00:00,24,26.8467,80.9462,31.8,0.5,7.3,1008.8,56.4,70.6,1.45,0.4,29.9,1.4,7.3,1010.0,1.9000000000000021,0.8999999999999999,0.0,1.2000000000000455,Nearest Neighbor with Euclidean distance <= 0.5°,0.0,0,NONE,DYNAMIC_HORIZON_SCALED,25.0
2024-11-20T00:00:00,2024-11-22 00:00:00,48,26.8467,80.9462,31.7,1.2,5.2,1007.6,58.5,44.0,2.1,0.6,29.8,1.9,5.3,1010.0,1.8999999999999986,0.7,0.09999999999999964,2.3999999999999773,Nearest Neighbor with Euclidean distance <= 0.5°,0.0,0,NONE,DYNAMIC_HORIZON_SCALED,28.0
2024-11-20T00:00:00,2024-11-23 00:00:00,72,26.8467,80.9462,31.5,6.3,4.6,1006.4,73.8,35.8,2.75,0.8,29.7,6.0,4.8,1010.0,1.8000000000000007,0.2999999999999998,0.20000000000000018,3.6000000000000227,Nearest Neighbor with Euclidean distance <= 0.5°,0.0,0,NONE,DYNAMIC_HORIZON_SCALED,31.0
2024-11-20T00:00:00,2024-11-24 00:00:00,96,26.8467,80.9462,31.3,42.0,14.5,1005.2,84.8,55.5,3.8,2.4,29.7,8.9,6.2,1010.0,1.6000000000000014,33.1,8.3,4.7999999999999545,Nearest Neighbor with Euclidean distance <= 0.5°,0.0,0,NONE,DYNAMIC_HORIZON_SCALED,34.0
2024-11-20T00:00:00,2024-11-25 00:00:00,120,26.8467,80.9462,31.1,21.5,9.7,1004.0,78.7,80.4,4.05,1.2,35.5,82.0,18.5,1010.0,4.399999999999999,60.5,8.8,6.0,Nearest Neighbor with Euclidean distance <= 0.5°,0.0,1,SEVERE,DYNAMIC_HORIZON_SCALED,37.0
2024-11-20T00:00:00,2024-11-26 00:00:00,144,26.8467,80.9462,31.0,22.0,6.5,1002.8,62.6,81.8,4.7,1.4,29.5,3.0,8.1,1010.0,1.5,19.0,1.5999999999999996,7.2000000000000455,Nearest Neighbor with Euclidean distance <= 0.5°,0.0,0,NONE,DYNAMIC_HORIZON_SCALED,40.0
2024-11-20T00:00:00,2024-11-27 00:00:00,168,26.8467,80.9462,30.8,14.4,5.0,1001.6,55.0,58.1,5.35,1.6,29.4,1.0,6.4,1010.0,1.4000000000000021,13.4,1.4000000000000004,8.399999999999977,Nearest Neighbor with Euclidean distance <= 0.5°,0.0,0,NONE,DYNAMIC_HORIZON_SCALED,43.0
2024-11-20T00:00:00,2024-11-28 00:00:00,192,26.8467,80.9462,30.6,7.5,6.9,1000.4,64.7,36.6,6.0,1.8,29.3,3.6,4.8,1010.0,1.3000000000000007,3.9,2.1000000000000005,9.600000000000023,Nearest Neighbor with Euclidean distance <= 0.5°,0.0,0,NONE,DYNAMIC_HORIZON_SCALED,46.0
2024-11-20T00:00:00,2024-11-29 00:00:00,216,26.8467,80.9462,30.5,9.3,10.1,999.2,80.4,42.1,6.65,2.0,29.2,7.8,5.2,1010.0,1.3000000000000007,1.5000000000000009,4.8999999999999995,10.799999999999955,Nearest Neighbor with Euclidean distance <= 0.5°,0.0,0,NONE,DYNAMIC_HORIZON_SCALED,49.0
2024-11-20T00:00:00,2024-11-30 00:00:00,240,26.8467,80.9462,30.3,17.6,10.8,998.0,84.2,68.1,7.3,2.2,29.2,8.8,7.1,1010.0,1.1000000000000014,8.8,3.700000000000001,12.0,Nearest Neighbor with Euclidean distance <= 0.5°,0.0,0,NONE,DYNAMIC_HORIZON_SCALED,52.0
2024-11-20T00:00:00,2024-11-21 00:00:00,24,21.1458,79.0882,29.8,0.5,7.3,1008.8,56.4,70.6,1.45,0.4,29.9,1.4,7.3,1010.0,0.09999999999999787,0.8999999999999999,0.0,1.2000000000000455,Nearest Neighbor with Euclidean distance <= 0.5°,0.0,0,NONE,DYNAMIC_HORIZON_SCALED,25.0
2024-11-20T00:00:00,2024-11-22 00:00:00,48,21.1458,79.0882,29.7,1.2,5.2,1007.6,58.5,44.0,2.1,0.6,29.8,1.9,5.3,1010.0,0.10000000000000142,0.7,0.09999999999999964,2.3999999999999773,Nearest Neighbor with Euclidean distance <= 0.5°,0.0,0,NONE,DYNAMIC_HORIZON_SCALED,28.0
2024-11-20T00:00:00,2024-11-23 00:00:00,72,21.1458,79.0882,29.5,6.3,4.6,1006.4,73.8,35.8,2.75,0.8,29.7,6.0,4.8,1010.0,0.1999999999999993,0.2999999999999998,0.20000000000000018,3.6000000000000227,Nearest Neighbor with Euclidean distance <= 0.5°,0.0,0,NONE,DYNAMIC_HORIZON_SCALED,31.0
2024-11-20T00:00:00,2024-11-24 00:00:00,96,21.1458,79.0882,29.3,42.0,14.5,1005.2,84.8,55.5,3.8,2.4,35.5,69.0,17.5,1010.0,6.199999999999999,27.0,3.0,4.7999999999999545,Nearest Neighbor with Euclidean distance <= 0.5°,0.0,1,MODERATE,DYNAMIC_HORIZON_SCALED,34.0
2024-11-20T00:00:00,2024-11-25 00:00:00,120,21.1458,79.0882,29.1,21.5,9.7,1004.0,78.7,80.4,4.05,1.2,25.5,78.0,17.5,1010.0,3.6000000000000014,56.5,7.800000000000001,6.0,Nearest Neighbor with Euclidean distance <= 0.5°,0.0,1,SEVERE,DYNAMIC_HORIZON_SCALED,37.0
2024-11-20T00:00:00,2024-11-26 00:00:00,144,21.1458,79.0882,29.0,22.0,6.5,1002.8,62.6,81.8,4.7,1.4,29.5,3.0,8.1,1010.0,0.5,19.0,1.5999999999999996,7.2000000000000455,Nearest Neighbor with Euclidean distance <= 0.5°,0.0,0,NONE,DYNAMIC_HORIZON_SCALED,40.0
2024-11-20T00:00:00,2024-11-27 00:00:00,168,21.1458,79.0882,28.8,14.4,5.0,1001.6,55.0,58.1,5.35,1.6,29.4,1.0,6.4,1010.0,0.5999999999999979,13.4,1.4000000000000004,8.399999999999977,Nearest Neighbor with Euclidean distance <= 0.5°,0.0,0,NONE,DYNAMIC_HORIZON_SCALED,43.0
2024-11-20T00:00:00,2024-11-28 00:00:00,192,21.1458,79.0882,28.6,7.5,6.9,1000.4,64.7,36.6,6.0,1.8,29.3,3.6,4.8,1010.0,0.6999999999999993,3.9,2.1000000000000005,9.600000000000023,Nearest Neighbor with Euclidean distance <= 0.5°,0.0,0,NONE,DYNAMIC_HORIZON_SCALED,46.0
2024-11-20T00:00:00,2024-11-29 00:00:00,216,21.1458,79.0882,28.5,9.3,10.1,999.2,80.4,42.1,6.65,2.0,29.2,7.8,5.2,1010.0,0.6999999999999993,1.5000000000000009,4.8999999999999995,10.799999999999955,Nearest Neighbor with Euclidean distance <= 0.5°,0.0,0,NONE,DYNAMIC_HORIZON_SCALED,49.0
2024-11-20T00:00:00,2024-11-30 00:00:00,240,21.1458,79.0882,28.3,17.6,10.8,998.0,84.2,68.1,7.3,2.2,29.2,8.8,7.1,1010.0,0.8999999999999986,8.8,3.700000000000001,12.0,Nearest Neighbor with Euclidean distance <= 0.5°,0.0,0,NONE,DYNAMIC_HORIZON_SCALED,52.0
2024-11-20T00:00:00,2024-11-21 00:00:00,24,30.3165,78.0322,19.8,0.5,7.3,948.8,56.4,70.6,1.45,0.4,19.9,1.4,7.3,950.0,0.09999999999999787,0.8999999999999999,0.0,1.2000000000000455,Nearest Neighbor with Euclidean distance <= 0.5°,0.0,0,NONE,DYNAMIC_HORIZON_SCALED,25.0
2024-11-20T00:00:00,2024-11-22 00:00:00,48,30.3165,78.0322,19.7,1.2,5.2,947.6,58.5,44.0,2.1,0.6,19.8,1.9,5.3,950.0,0.10000000000000142,0.7,0.09999999999999964,2.3999999999999773,Nearest Neighbor with Euclidean distance <= 0.5°,0.0,0,NONE,DYNAMIC_HORIZON_SCALED,28.0
2024-11-20T00:00:00,2024-11-23 00:00:00,72,30.3165,78.0322,19.5,6.3,4.6,946.4,73.8,35.8,2.75,0.8,19.7,6.0,4.8,950.0,0.1999999999999993,0.2999999999999998,0.20000000000000018,3.6000000000000227,Nearest Neighbor with Euclidean distance <= 0.5°,0.0,0,NONE,DYNAMIC_HORIZON_SCALED,31.0
2024-11-20T00:00:00,2024-11-24 00:00:00,96,30.3165,78.0322,19.3,42.0,14.5,945.2,84.8,55.5,3.8,2.4,25.5,75.0,17.5,950.0,6.199999999999999,33.0,3.0,4.7999999999999545,Nearest Neighbor with Euclidean distance <= 0.5°,0.0,1,MODERATE,DYNAMIC_HORIZON_SCALED,34.0
2024-11-20T00:00:00,2024-11-25 00:00:00,120,30.3165,78.0322,19.1,21.5,9.7,944.0,78.7,80.4,4.05,1.2,15.5,69.0,17.5,950.0,3.6000000000000014,47.5,7.800000000000001,6.0,Nearest Neighbor with Euclidean distance <= 0.5°,0.0,1,MODERATE,DYNAMIC_HORIZON_SCALED,37.0
2024-11-20T00:00:00,2024-11-26 00:00:00,144,30.3165,78.0322,19.0,22.0,6.5,942.8,62.6,81.8,4.7,1.4,19.5,3.0,8.1,950.0,0.5,19.0,1.5999999999999996,7.2000000000000455,Nearest Neighbor with Euclidean distance <= 0.5°,0.0,0,NONE,DYNAMIC_HORIZON_SCALED,40.0
2024-11-20T00:00:00,2024-11-27 00:00:00,168,30.3165,78.0322,18.8,14.4,5.0,941.6,55.0,58.1,5.35,1.6,19.4,1.0,6.4,950.0,0.5999999999999979,13.4,1.4000000000000004,8.399999999999977,Nearest Neighbor with Euclidean distance <= 0.5°,0.0,0,NONE,DYNAMIC_HORIZON_SCALED,43.0
2024-11-20T00:00:00,2024-11-28 00:00:00,192,30.3165,78.0322,18.6,7.5,6.9,940.4,64.7,36.6,6.0,1.8,25.5,71.0,19.5,950.0,6.899999999999999,63.5,12.6,9.600000000000023,Nearest Neighbor with Euclidean distance <= 0.5°,0.0,1,MODERATE,DYNAMIC_HORIZON_SCALED,46.0
2024-11-20T00:00:00,2024-11-29 00:00:00,216,30.3165,78.0322,18.5,9.3,10.1,939.2,80.4,42.1,6.65,2.0,19.2,7.8,5.2,950.0,0.6999999999999993,1.5000000000000009,4.8999999999999995,10.799999999999955,Nearest Neighbor with Euclidean distance <= 0.5°,0.0,0,NONE,DYNAMIC_HORIZON_SCALED,49.0
2024-11-20T00:00:00,2024-11-30 00:00:00,240,30.3165,78.0322,18.3,17.6,10.8,938.0,84.2,68.1,7.3,2.2,19.2,8.8,7.1,950.0,0.8999999999999986,8.8,3.700000000000001,12.0,Nearest Neighbor with Euclidean distance <= 0.5°,0.0,0,NONE,DYNAMIC_HORIZON_SCALED,52.0
2024-11-20T00:00:00,2024-11-21 00:00:00,24,23.3441,85.3096,31.8,0.5,7.3,1008.8,56.4,70.6,1.45,0.4,29.9,1.4,7.3,1010.0,1.9000000000000021,0.8999999999999999,0.0,1.2000000000000455,Nearest Neighbor with Euclidean distance <= 0.5°,0.0,0,NONE,DYNAMIC_HORIZON_SCALED,25.0
2024-11-20T00:00:00,2024-11-22 00:00:00,48,23.3441,85.3096,31.7,1.2,5.2,1007.6,58.5,44.0,2.1,0.6,29.8,1.9,5.3,1010.0,1.8999999999999986,0.7,0.09999999999999964,2.3999999999999773,Nearest Neighbor with Euclidean distance <= 0.5°,0.0,0,NONE,DYNAMIC_HORIZON_SCALED,28.0
2024-11-20T00:00:00,2024-11-23 00:00:00,72,23.3441,85.3096,31.5,6.3,4.6,1006.4,73.8,35.8,2.75,0.8,29.7,6.0,4.8,1010.0,1.8000000000000007,0.2999999999999998,0.20000000000000018,3.6000000000000227,Nearest Neighbor with Euclidean distance <= 0.5°,0.0,0,NONE,DYNAMIC_HORIZON_SCALED,31.0
2024-11-20T00:00:00,2024-11-24 00:00:00,96,23.3441,85.3096,31.3,42.0,14.5,1005.2,84.8,55.5,3.8,2.4,29.7,8.9,6.2,1010.0,1.6000000000000014,33.1,8.3,4.7999999999999545,Nearest Neighbor with Euclidean distance <= 0.5°,0.0,0,NONE,DYNAMIC_HORIZON_SCALED,34.0
2024-11-20T00:00:00,2024-11-25 00:00:00,120,23.3441,85.3096,31.1,21.5,9.7,1004.0,78.7,80.4,4.05,1.2,35.5,75.0,17.5,1010.0,4.399999999999999,53.5,7.800000000000001,6.0,Nearest Neighbor with Euclidean distance <= 0.5°,0.0,1,MODERATE,DYNAMIC_HORIZON_SCALED,37.0
2024-11-20T00:00:00,2024-11-26 00:00:00,144,23.3441,85.3096,31.0,22.0,6.5,1002.8,62.6,81.8,4.7,1.4,29.5,3.0,8.1,1010.0,1.5,19.0,1.5999999999999996,7.2000000000000455,Nearest Neighbor with Euclidean distance <= 0.5°,0.0,0,NONE,DYNAMIC_HORIZON_SCALED,40.0
2024-11-20T00:00:00,2024-11-27 00:00:00,168,23.3441,85.3096,30.8,14.4,5.0,1001.6,55.0,58.1,5.35,1.6,29.4,1.0,6.4,1010.0,1.4000000000000021,13.4,1.4000000000000004,8.399999999999977,Nearest Neighbor with Euclidean distance <= 0.5°,0.0,0,NONE,DYNAMIC_HORIZON_SCALED,43.0
2024-11-20T00:00:00,2024-11-28 00:00:00,192,23.3441,85.3096,30.6,7.5,6.9,1000.4,64.7,36.6,6.0,1.8,29.3,3.6,4.8,1010.0,1.3000000000000007,3.9,2.1000000000000005,9.600000000000023,Nearest Neighbor with Euclidean distance <= 0.5°,0.0,0,NONE,DYNAMIC_HORIZON_SCALED,46.0
2024-11-20T00:00:00,2024-11-29 00:00:00,216,23.3441,85.3096,30.5,9.3,10.1,999.2,80.4,42.1,6.65,2.0,29.2,7.8,5.2,1010.0,1.3000000000000007,1.5000000000000009,4.8999999999999995,10.799999999999955,Nearest Neighbor with Euclidean distance <= 0.5°,0.0,0,NONE,DYNAMIC_HORIZON_SCALED,49.0
2024-11-20T00:00:00,2024-11-30 00:00:00,240,23.3441,85.3096,30.3,17.6,10.8,998.0,84.2,68.1,7.3,2.2,29.2,8.8,7.1,1010.0,1.1000000000000014,8.8,3.700000000000001,12.0,Nearest Neighbor with Euclidean distance <= 0.5°,0.0,0,NONE,DYNAMIC_HORIZON_SCALED,52.0
2024-11-20T00:00:00,2024-11-21 00:00:00,24,30.7333,76.7794,19.8,0.5,7.3,948.8,56.4,70.6,1.45,0.4,19.9,1.4,7.3,950.0,0.09999999999999787,0.8999999999999999,0.0,1.2000000000000455,Nearest Neighbor with Euclidean distance <= 0.5°,0.0,0,NONE,DYNAMIC_HORIZON_SCALED,25.0
2024-11-20T00:00:00,2024-11-22 00:00:00,48,30.7333,76.7794,19.7,1.2,5.2,947.6,58.5,44.0,2.1,0.6,19.8,1.9,5.3,950.0,0.10000000000000142,0.7,0.09999999999999964,2.3999999999999773,Nearest Neighbor with Euclidean distance <= 0.5°,0.0,0,NONE,DYNAMIC_HORIZON_SCALED,28.0
2024-11-20T00:00:00,2024-11-23 00:00:00,72,30.7333,76.7794,19.5,6.3,4.6,946.4,73.8,35.8,2.75,0.8,19.7,6.0,4.8,950.0,0.1999999999999993,0.2999999999999998,0.20000000000000018,3.6000000000000227,Nearest Neighbor with Euclidean distance <= 0.5°,0.0,0,NONE,DYNAMIC_HORIZON_SCALED,31.0
2024-11-20T00:00:00,2024-11-24 00:00:00,96,30.7333,76.7794,19.3,42.0,14.5,945.2,84.8,55.5,3.8,2.4,19.7,8.9,6.2,950.0,0.3999999999999986,33.1,8.3,4.7999999999999545,Nearest Neighbor with Euclidean distance <= 0.5°,0.0,0,NONE,DYNAMIC_HORIZON_SCALED,34.0
2024-11-20T00:00:00,2024-11-25 00:00:00,120,30.7333,76.7794,19.1,21.5,9.7,944.0,78.7,80.4,4.05,1.2,19.6,7.3,8.0,950.0,0.5,14.2,1.6999999999999993,6.0,Nearest Neighbor with Euclidean distance <= 0.5°,0.0,0,NONE,DYNAMIC_HORIZON_SCALED,37.0
2024-11-20T00:00:00,2024-11-26 00:00:00,144,30.7333,76.7794,19.0,22.0,6.5,942.8,62.6,81.8,4.7,1.4,19.5,3.0,8.1,950.0,0.5,19.0,1.5999999999999996,7.2000000000000455,Nearest Neighbor with Euclidean distance <= 0.5°,0.0,0,NONE,DYNAMIC_HORIZON_SCALED,40.0
2024-11-20T00:00:00,2024-11-27 00:00:00,168,30.7333,76.7794,18.8,14.4,5.0,941.6,55.0,58.1,5.35,1.6,25.5,77.0,19.5,950.0,6.699999999999999,62.6,14.5,8.399999999999977,Nearest Neighbor with Euclidean distance <= 0.5°,0.0,1,MODERATE,DYNAMIC_HORIZON_SCALED,43.0
2024-11-20T00:00:00,2024-11-28 00:00:00,192,30.7333,76.7794,18.6,7.5,6.9,940.4,64.7,36.6,6.0,1.8,19.3,3.6,4.8,950.0,0.6999999999999993,3.9,2.1000000000000005,9.600000000000023,Nearest Neighbor with Euclidean distance <= 0.5°,0.0,0,NONE,DYNAMIC_HORIZON_SCALED,46.0
2024-11-20T00:00:00,2024-11-29 00:00:00,216,30.7333,76.7794,18.5,9.3,10.1,939.2,80.4,42.1,6.65,2.0,19.2,7.8,5.2,950.0,0.6999999999999993,1.5000000000000009,4.8999999999999995,10.799999999999955,Nearest Neighbor with Euclidean distance <= 0.5°,0.0,0,NONE,DYNAMIC_HORIZON_SCALED,49.0
2024-11-20T00:00:00,2024-11-30 00:00:00,240,30.7333,76.7794,18.3,17.6,10.8,938.0,84.2,68.1,7.3,2.2,19.2,8.8,7.1,950.0,0.8999999999999986,8.8,3.700000000000001,12.0,Nearest Neighbor with Euclidean distance <= 0.5°,0.0,0,NONE,DYNAMIC_HORIZON_SCALED,52.0
2024-11-20T00:00:00,2024-11-21 00:00:00,24,15.4909,73.8278,29.8,0.5,7.3,1008.8,56.4,70.6,1.45,0.4,29.9,1.4,7.3,1010.0,0.09999999999999787,0.8999999999999999,0.0,1.2000000000000455,Nearest Neighbor with Euclidean distance <= 0.5°,0.0,0,NONE,DYNAMIC_HORIZON_SCALED,25.0
2024-11-20T00:00:00,2024-11-22 00:00:00,48,15.4909,73.8278,29.7,1.2,5.2,1007.6,58.5,44.0,2.1,0.6,29.8,1.9,5.3,1010.0,0.10000000000000142,0.7,0.09999999999999964,2.3999999999999773,Nearest Neighbor with Euclidean distance <= 0.5°,0.0,0,NONE,DYNAMIC_HORIZON_SCALED,28.0
2024-11-20T00:00:00,2024-11-23 00:00:00,72,15.4909,73.8278,29.5,6.3,4.6,1006.4,73.8,35.8,2.75,0.8,29.7,6.0,4.8,1010.0,0.1999999999999993,0.2999999999999998,0.20000000000000018,3.6000000000000227,Nearest Neighbor with Euclidean distance <= 0.5°,0.0,0,NONE,DYNAMIC_HORIZON_SCALED,31.0
2024-11-20T00:00:00,2024-11-24 00:00:00,96,15.4909,73.8278,29.3,42.0,14.5,1005.2,84.8,55.5,3.8,2.4,29.7,8.9,6.2,1010.0,0.3999999999999986,33.1,8.3,4.7999999999999545,Nearest Neighbor with Euclidean distance <= 0.5°,0.0,0,NONE,DYNAMIC_HORIZON_SCALED,34.0
2024-11-20T00:00:00,2024-11-25 00:00:00,120,15.4909,73.8278,29.1,21.5,9.7,1004.0,78.7,80.4,4.05,1.2,35.5,75.0,17.5,1010.0,6.399999999999999,53.5,7.800000000000001,6.0,Nearest Neighbor with Euclidean distance <= 0.5°,0.0,1,MODERATE,DYNAMIC_HORIZON_SCALED,37.0
2024-11-20T00:00:00,2024-11-26 00:00:00,144,15.4909,73.8278,29.0,22.0,6.5,1002.8,62.6,81.8,4.7,1.4,29.5,3.0,8.1,1010.0,0.5,19.0,1.5999999999999996,7.2000000000000455,Nearest Neighbor with Euclidean distance <= 0.5°,0.0,0,NONE,DYNAMIC_HORIZON_SCALED,40.0
2024-11-20T00:00:00,2024-11-27 00:00:00,168,15.4909,73.8278,28.8,14.4,5.0,1001.6,55.0,58.1,5.35,1.6,29.4,1.0,6.4,1010.0,0.5999999999999979,13.4,1.4000000000000004,8.399999999999977,Nearest Neighbor with Euclidean distance <= 0.5°,0.0,0,NONE,DYNAMIC_HORIZON_SCALED,43.0
2024-11-20T00:00:00,2024-11-28 00:00:00,192,15.4909,73.8278,28.6,7.5,6.9,1000.4,64.7,36.6,6.0,1.8,29.3,3.6,4.8,1010.0,0.6999999999999993,3.9,2.1000000000000005,9.600000000000023,Nearest Neighbor with Euclidean distance <= 0.5°,0.0,0,NONE,DYNAMIC_HORIZON_SCALED,46.0
2024-11-20T00:00:00,2024-11-29 00:00:00,216,15.4909,73.8278,28.5,9.3,10.1,999.2,80.4,42.1,6.65,2.0,29.2,7.8,5.2,1010.0,0.6999999999999993,1.5000000000000009,4.8999999999999995,10.799999999999955,Nearest Neighbor with Euclidean distance <= 0.5°,0.0,0,NONE,DYNAMIC_HORIZON_SCALED,49.0
2024-11-20T00:00:00,2024-11-30 00:00:00,240,15.4909,73.8278,28.3,17.6,10.8,998.0,84.2,68.1,7.3,2.2,29.2,8.8,7.1,1010.0,0.8999999999999986,8.8,3.700000000000001,12.0,Nearest Neighbor with Euclidean distance <= 0.5°,0.0,0,NONE,DYNAMIC_HORIZON_SCALED,52.0
2024-11-20T00:00:00,2024-11-21 00:00:00,24,25.5788,91.8933,29.8,0.5,7.3,1008.8,56.4,70.6,1.45,0.4,29.9,1.4,7.3,1010.0,0.09999999999999787,0.8999999999999999,0.0,1.2000000000000455,Nearest Neighbor with Euclidean distance <= 0.5°,0.0,0,NONE,DYNAMIC_HORIZON_SCALED,25.0
2024-11-20T00:00:00,2024-11-22 00:00:00,48,25.5788,91.8933,29.7,1.2,5.2,1007.6,58.5,44.0,2.1,0.6,29.8,1.9,5.3,1010.0,0.10000000000000142,0.7,0.09999999999999964,2.3999999999999773,Nearest Neighbor with Euclidean distance <= 0.5°,0.0,0,NONE,DYNAMIC_HORIZON_SCALED,28.0
2024-11-20T00:00:00,2024-11-23 00:00:00,72,25.5788,91.8933,29.5,6.3,4.6,1006.4,73.8,35.8,2.75,0.8,29.7,6.0,4.8,1010.0,0.1999999999999993,0.2999999999999998,0.20000000000000018,3.6000000000000227,Nearest Neighbor with Euclidean distance <= 0.5°,0.0,0,NONE,DYNAMIC_HORIZON_SCALED,31.0
2024-11-20T00:00:00,2024-11-24 00:00:00,96,25.5788,91.8933,29.3,42.0,14.5,1005.2,84.8,55.5,3.8,2.4,29.7,8.9,6.2,1010.0,0.3999999999999986,33.1,8.3,4.7999999999999545,Nearest Neighbor with Euclidean distance <= 0.5°,0.0,0,NONE,DYNAMIC_HORIZON_SCALED,34.0
2024-11-20T00:00:00,2024-11-25 00:00:00,120,25.5788,91.8933,29.1,21.5,9.7,1004.0,78.7,80.4,4.05,1.2,29.6,7.3,8.0,1010.0,0.5,14.2,1.6999999999999993,6.0,Nearest Neighbor with Euclidean distance <= 0.5°,0.0,0,NONE,DYNAMIC_HORIZON_SCALED,37.0
2024-11-20T00:00:00,2024-11-26 00:00:00,144,25.5788,91.8933,29.0,22.0,6.5,1002.8,62.6,81.8,4.7,1.4,29.5,3.0,8.1,1010.0,0.5,19.0,1.5999999999999996,7.2000000000000455,Nearest Neighbor with Euclidean distance <= 0.5°,0.0,0,NONE,DYNAMIC_HORIZON_SCALED,40.0
2024-11-20T00:00:00,2024-11-27 00:00:00,168,25.5788,91.8933,28.8,14.4,5.0,1001.6,55.0,58.1,5.35,1.6,29.4,1.0,6.4,1010.0,0.5999999999999979,13.4,1.4000000000000004,8.399999999999977,Nearest Neighbor with Euclidean distance <= 0.5°,0.0,0,NONE,DYNAMIC_HORIZON_SCALED,43.0
2024-11-20T00:00:00,2024-11-28 00:00:00,192,25.5788,91.8933,28.6,7.5,6.9,1000.4,64.7,36.6,6.0,1.8,29.3,3.6,4.8,1010.0,0.6999999999999993,3.9,2.1000000000000005,9.600000000000023,Nearest Neighbor with Euclidean distance <= 0.5°,0.0,0,NONE,DYNAMIC_HORIZON_SCALED,46.0
2024-11-20T00:00:00,2024-11-29 00:00:00,216,25.5788,91.8933,28.5,9.3,10.1,999.2,80.4,42.1,6.65,2.0,29.2,7.8,5.2,1010.0,0.6999999999999993,1.5000000000000009,4.8999999999999995,10.799999999999955,Nearest Neighbor with Euclidean distance <= 0.5°,0.0,0,NONE,DYNAMIC_HORIZON_SCALED,49.0
2024-11-20T00:00:00,2024-11-30 00:00:00,240,25.5788,91.8933,28.3,17.6,10.8,998.0,84.2,68.1,7.3,2.2,29.2,8.8,7.1,1010.0,0.8999999999999986,8.8,3.700000000000001,12.0,Nearest Neighbor with Euclidean distance <= 0.5°,0.0,0,NONE,DYNAMIC_HORIZON_SCALED,52.0
2025-07-22T00:00:00,2025-07-23 00:00:00,24,18.5204,73.8567,29.8,0.5,7.3,1008.8,56.4,70.6,1.45,0.4,29.9,1.4,7.3,1010.0,0.09999999999999787,0.8999999999999999,0.0,1.2000000000000455,Nearest Neighbor with Euclidean distance <= 0.5°,0.0,0,NONE,DYNAMIC_HORIZON_SCALED,25.0
2025-07-22T00:00:00,2025-07-24 00:00:00,48,18.5204,73.8567,29.7,1.2,5.2,1007.6,58.5,44.0,2.1,0.6,29.8,1.9,5.3,1010.0,0.10000000000000142,0.7,0.09999999999999964,2.3999999999999773,Nearest Neighbor with Euclidean distance <= 0.5°,0.0,0,NONE,DYNAMIC_HORIZON_SCALED,28.0
2025-07-22T00:00:00,2025-07-25 00:00:00,72,18.5204,73.8567,29.5,6.3,4.6,1006.4,73.8,35.8,2.75,0.8,29.7,6.0,4.8,1010.0,0.1999999999999993,0.2999999999999998,0.20000000000000018,3.6000000000000227,Nearest Neighbor with Euclidean distance <= 0.5°,0.0,0,NONE,DYNAMIC_HORIZON_SCALED,31.0
2025-07-22T00:00:00,2025-07-26 00:00:00,96,18.5204,73.8567,29.3,42.0,14.5,1005.2,84.8,55.5,3.8,2.4,29.7,8.9,6.2,1010.0,0.3999999999999986,33.1,8.3,4.7999999999999545,Nearest Neighbor with Euclidean distance <= 0.5°,0.0,0,NONE,DYNAMIC_HORIZON_SCALED,34.0
2025-07-22T00:00:00,2025-07-27 00:00:00,120,18.5204,73.8567,29.1,21.5,9.7,1004.0,78.7,80.4,4.05,1.2,35.5,78.0,20.5,1010.0,6.399999999999999,56.5,10.8,6.0,Nearest Neighbor with Euclidean distance <= 0.5°,0.0,1,SEVERE,DYNAMIC_HORIZON_SCALED,37.0
2025-07-22T00:00:00,2025-07-28 00:00:00,144,18.5204,73.8567,29.0,22.0,6.5,1002.8,62.6,81.8,4.7,1.4,29.5,3.0,8.1,1010.0,0.5,19.0,1.5999999999999996,7.2000000000000455,Nearest Neighbor with Euclidean distance <= 0.5°,0.0,0,NONE,DYNAMIC_HORIZON_SCALED,40.0
2025-07-22T00:00:00,2025-07-29 00:00:00,168,18.5204,73.8567,28.8,14.4,5.0,1001.6,55.0,58.1,5.35,1.6,29.4,1.0,6.4,1010.0,0.5999999999999979,13.4,1.4000000000000004,8.399999999999977,Nearest Neighbor with Euclidean distance <= 0.5°,0.0,0,NONE,DYNAMIC_HORIZON_SCALED,43.0
2025-07-22T00:00:00,2025-07-30 00:00:00,192,18.5204,73.8567,28.6,7.5,6.9,1000.4,64.7,36.6,6.0,1.8,29.3,3.6,4.8,1010.0,0.6999999999999993,3.9,2.1000000000000005,9.600000000000023,Nearest Neighbor with Euclidean distance <= 0.5°,0.0,0,NONE,DYNAMIC_HORIZON_SCALED,46.0
2025-07-22T00:00:00,2025-07-31 00:00:00,216,18.5204,73.8567,28.5,9.3,10.1,999.2,80.4,42.1,6.65,2.0,29.2,7.8,5.2,1010.0,0.6999999999999993,1.5000000000000009,4.8999999999999995,10.799999999999955,Nearest Neighbor with Euclidean distance <= 0.5°,0.0,0,NONE,DYNAMIC_HORIZON_SCALED,49.0
2025-07-22T00:00:00,2025-08-01 00:00:00,240,18.5204,73.8567,28.3,17.6,10.8,998.0,84.2,68.1,7.3,2.2,29.2,8.8,7.1,1010.0,0.8999999999999986,8.8,3.700000000000001,12.0,Nearest Neighbor with Euclidean distance <= 0.5°,0.0,0,NONE,DYNAMIC_HORIZON_SCALED,52.0
2025-07-22T00:00:00,2025-07-23 00:00:00,24,28.6139,77.209,29.8,0.5,7.3,1008.8,56.4,70.6,1.45,0.4,29.9,1.4,7.3,1010.0,0.09999999999999787,0.8999999999999999,0.0,1.2000000000000455,Nearest Neighbor with Euclidean distance <= 0.5°,0.0,0,NONE,DYNAMIC_HORIZON_SCALED,25.0
2025-07-22T00:00:00,2025-07-24 00:00:00,48,28.6139,77.209,29.7,1.2,5.2,1007.6,58.5,44.0,2.1,0.6,29.8,1.9,5.3,1010.0,0.10000000000000142,0.7,0.09999999999999964,2.3999999999999773,Nearest Neighbor with Euclidean distance <= 0.5°,0.0,0,NONE,DYNAMIC_HORIZON_SCALED,28.0
2025-07-22T00:00:00,2025-07-25 00:00:00,72,28.6139,77.209,29.5,6.3,4.6,1006.4,73.8,35.8,2.75,0.8,29.7,6.0,4.8,1010.0,0.1999999999999993,0.2999999999999998,0.20000000000000018,3.6000000000000227,Nearest Neighbor with Euclidean distance <= 0.5°,0.0,0,NONE,DYNAMIC_HORIZON_SCALED,31.0
2025-07-22T00:00:00,2025-07-26 00:00:00,96,28.6139,77.209,29.3,42.0,14.5,1005.2,84.8,55.5,3.8,2.4,25.5,82.0,21.5,1010.0,3.8000000000000007,40.0,7.0,4.7999999999999545,Nearest Neighbor with Euclidean distance <= 0.5°,0.0,1,MODERATE,DYNAMIC_HORIZON_SCALED,34.0
2025-07-22T00:00:00,2025-07-27 00:00:00,120,28.6139,77.209,29.1,21.5,9.7,1004.0,78.7,80.4,4.05,1.2,29.6,7.3,8.0,1010.0,0.5,14.2,1.6999999999999993,6.0,Nearest Neighbor with Euclidean distance <= 0.5°,0.0,0,NONE,DYNAMIC_HORIZON_SCALED,37.0
2025-07-22T00:00:00,2025-07-28 00:00:00,144,28.6139,77.209,29.0,22.0,6.5,1002.8,62.6,81.8,4.7,1.4,29.5,3.0,8.1,1010.0,0.5,19.0,1.5999999999999996,7.2000000000000455,Nearest Neighbor with Euclidean distance <= 0.5°,0.0,0,NONE,DYNAMIC_HORIZON_SCALED,40.0
2025-07-22T00:00:00,2025-07-29 00:00:00,168,28.6139,77.209,28.8,14.4,5.0,1001.6,55.0,58.1,5.35,1.6,35.5,69.0,17.5,1010.0,6.699999999999999,54.6,12.5,8.399999999999977,Nearest Neighbor with Euclidean distance <= 0.5°,0.0,1,MODERATE,DYNAMIC_HORIZON_SCALED,43.0
2025-07-22T00:00:00,2025-07-30 00:00:00,192,28.6139,77.209,28.6,7.5,6.9,1000.4,64.7,36.6,6.0,1.8,25.5,78.0,17.5,1010.0,3.1000000000000014,70.5,10.6,9.600000000000023,Nearest Neighbor with Euclidean distance <= 0.5°,0.0,1,SEVERE,DYNAMIC_HORIZON_SCALED,46.0
2025-07-22T00:00:00,2025-07-31 00:00:00,216,28.6139,77.209,28.5,9.3,10.1,999.2,80.4,42.1,6.65,2.0,29.2,7.8,5.2,1010.0,0.6999999999999993,1.5000000000000009,4.8999999999999995,10.799999999999955,Nearest Neighbor with Euclidean distance <= 0.5°,0.0,0,NONE,DYNAMIC_HORIZON_SCALED,49.0
2025-07-22T00:00:00,2025-08-01 00:00:00,240,28.6139,77.209,28.3,17.6,10.8,998.0,84.2,68.1,7.3,2.2,29.2,8.8,7.1,1010.0,0.8999999999999986,8.8,3.700000000000001,12.0,Nearest Neighbor with Euclidean distance <= 0.5°,0.0,0,NONE,DYNAMIC_HORIZON_SCALED,52.0
2025-07-22T00:00:00,2025-07-23 00:00:00,24,28.5355,77.391,29.8,0.5,7.3,1008.8,56.4,70.6,1.45,0.4,29.9,1.4,7.3,1010.0,0.09999999999999787,0.8999999999999999,0.0,1.2000000000000455,Nearest Neighbor with Euclidean distance <= 0.5°,0.0,0,NONE,DYNAMIC_HORIZON_SCALED,25.0
2025-07-22T00:00:00,2025-07-24 00:00:00,48,28.5355,77.391,29.7,1.2,5.2,1007.6,58.5,44.0,2.1,0.6,29.8,1.9,5.3,1010.0,0.10000000000000142,0.7,0.09999999999999964,2.3999999999999773,Nearest Neighbor with Euclidean distance <= 0.5°,0.0,0,NONE,DYNAMIC_HORIZON_SCALED,28.0
2025-07-22T00:00:00,2025-07-25 00:00:00,72,28.5355,77.391,29.5,6.3,4.6,1006.4,73.8,35.8,2.75,0.8,29.7,6.0,4.8,1010.0,0.1999999999999993,0.2999999999999998,0.20000000000000018,3.6000000000000227,Nearest Neighbor with Euclidean distance <= 0.5°,0.0,0,NONE,DYNAMIC_HORIZON_SCALED,31.0
2025-07-22T00:00:00,2025-07-26 00:00:00,96,28.5355,77.391,29.3,42.0,14.5,1005.2,84.8,55.5,3.8,2.4,25.5,76.0,21.5,1010.0,3.8000000000000007,34.0,7.0,4.7999999999999545,Nearest Neighbor with Euclidean distance <= 0.5°,0.0,0,NONE,DYNAMIC_HORIZON_SCALED,34.0
2025-07-22T00:00:00,2025-07-27 00:00:00,120,28.5355,77.391,29.1,21.5,9.7,1004.0,78.7,80.4,4.05,1.2,29.6,7.3,8.0,1010.0,0.5,14.2,1.6999999999999993,6.0,Nearest Neighbor with Euclidean distance <= 0.5°,0.0,0,NONE,DYNAMIC_HORIZON_SCALED,37.0
2025-07-22T00:00:00,2025-07-28 00:00:00,144,28.5355,77.391,29.0,22.0,6.5,1002.8,62.6,81.8,4.7,1.4,29.5,3.0,8.1,1010.0,0.5,19.0,1.5999999999999996,7.2000000000000455,Nearest Neighbor with Euclidean distance <= 0.5°,0.0,0,NONE,DYNAMIC_HORIZON_SCALED,40.0
2025-07-22T00:00:00,2025-07-29 00:00:00,168,28.5355,77.391,28.8,14.4,5.0,1001.6,55.0,58.1,5.35,1.6,29.4,1.0,6.4,1010.0,0.5999999999999979,13.4,1.4000000000000004,8.399999999999977,Nearest Neighbor with Euclidean distance <= 0.5°,0.0,0,NONE,DYNAMIC_HORIZON_SCALED,43.0
2025-07-22T00:00:00,2025-07-30 00:00:00,192,28.5355,77.391,28.6,7.5,6.9,1000.4,64.7,36.6,6.0,1.8,25.5,72.0,17.5,1010.0,3.1000000000000014,64.5,10.6,9.600000000000023,Nearest Neighbor with Euclidean distance <= 0.5°,0.0,1,MODERATE,DYNAMIC_HORIZON_SCALED,46.0
2025-07-22T00:00:00,2025-07-31 00:00:00,216,28.5355,77.391,28.5,9.3,10.1,999.2,80.4,42.1,6.65,2.0,29.2,7.8,5.2,1010.0,0.6999999999999993,1.5000000000000009,4.8999999999999995,10.799999999999955,Nearest Neighbor with Euclidean distance <= 0.5°,0.0,0,NONE,DYNAMIC_HORIZON_SCALED,49.0
2025-07-22T00:00:00,2025-08-01 00:00:00,240,28.5355,77.391,28.3,17.6,10.8,998.0,84.2,68.1,7.3,2.2,29.2,8.8,7.1,1010.0,0.8999999999999986,8.8,3.700000000000001,12.0,Nearest Neighbor with Euclidean distance <= 0.5°,0.0,0,NONE,DYNAMIC_HORIZON_SCALED,52.0
2025-07-22T00:00:00,2025-07-23 00:00:00,24,19.076,72.8777,31.8,0.5,7.3,1008.8,56.4,70.6,1.45,0.4,29.9,1.4,7.3,1010.0,1.9000000000000021,0.8999999999999999,0.0,1.2000000000000455,Nearest Neighbor with Euclidean distance <= 0.5°,0.0,0,NONE,DYNAMIC_HORIZON_SCALED,25.0
2025-07-22T00:00:00,2025-07-24 00:00:00,48,19.076,72.8777,31.7,1.2,5.2,1007.6,58.5,44.0,2.1,0.6,29.8,1.9,5.3,1010.0,1.8999999999999986,0.7,0.09999999999999964,2.3999999999999773,Nearest Neighbor with Euclidean distance <= 0.5°,0.0,0,NONE,DYNAMIC_HORIZON_SCALED,28.0
2025-07-22T00:00:00,2025-07-25 00:00:00,72,19.076,72.8777,31.5,6.3,4.6,1006.4,73.8,35.8,2.75,0.8,29.7,6.0,4.8,1010.0,1.8000000000000007,0.2999999999999998,0.20000000000000018,3.6000000000000227,Nearest Neighbor with Euclidean distance <= 0.5°,0.0,0,NONE,DYNAMIC_HORIZON_SCALED,31.0
2025-07-22T00:00:00,2025-07-26 00:00:00,96,19.076,72.8777,31.3,42.0,14.5,1005.2,84.8,55.5,3.8,2.4,29.7,8.9,6.2,1010.0,1.6000000000000014,33.1,8.3,4.7999999999999545,Nearest Neighbor with Euclidean distance <= 0.5°,0.0,0,NONE,DYNAMIC_HORIZON_SCALED,34.0
2025-07-22T00:00:00,2025-07-27 00:00:00,120,19.076,72.8777,31.1,21.5,9.7,1004.0,78.7,80.4,4.05,1.2,29.6,7.3,8.0,1010.0,1.5,14.2,1.6999999999999993,6.0,Nearest Neighbor with Euclidean distance <= 0.5°,0.0,0,NONE,DYNAMIC_HORIZON_SCALED,37.0
2025-07-22T00:00:00,2025-07-28 00:00:00,144,19.076,72.8777,31.0,22.0,6.5,1002.8,62.6,81.8,4.7,1.4,29.5,3.0,8.1,1010.0,1.5,19.0,1.5999999999999996,7.2000000000000455,Nearest Neighbor with Euclidean distance <= 0.5°,0.0,0,NONE,DYNAMIC_HORIZON_SCALED,40.0
2025-07-22T00:00:00,2025-07-29 00:00:00,168,19.076,72.8777,30.8,14.4,5.0,1001.6,55.0,58.1,5.35,1.6,35.5,72.0,20.5,1010.0,4.699999999999999,57.6,15.5,8.399999999999977,Nearest Neighbor with Euclidean distance <= 0.5°,0.0,1,MODERATE,DYNAMIC_HORIZON_SCALED,43.0
2025-07-22T00:00:00,2025-07-30 00:00:00,192,19.076,72.8777,30.6,7.5,6.9,1000.4,64.7,36.6,6.0,1.8,25.5,81.0,20.5,1010.0,5.100000000000001,73.5,13.6,9.600000000000023,Nearest Neighbor with Euclidean distance <= 0.5°,0.0,1,SEVERE,DYNAMIC_HORIZON_SCALED,46.0
2025-07-22T00:00:00,2025-07-31 00:00:00,216,19.076,72.8777,30.5,9.3,10.1,999.2,80.4,42.1,6.65,2.0,29.2,7.8,5.2,1010.0,1.3000000000000007,1.5000000000000009,4.8999999999999995,10.799999999999955,Nearest Neighbor with Euclidean distance <= 0.5°,0.0,0,NONE,DYNAMIC_HORIZON_SCALED,49.0
2025-07-22T00:00:00,2025-08-01 00:00:00,240,19.076,72.8777,30.3,17.6,10.8,998.0,84.2,68.1,7.3,2.2,29.2,8.8,7.1,1010.0,1.1000000000000014,8.8,3.700000000000001,12.0,Nearest Neighbor with Euclidean distance <= 0.5°,0.0,0,NONE,DYNAMIC_HORIZON_SCALED,52.0
2025-07-22T00:00:00,2025-07-23 00:00:00,24,12.9716,77.5946,29.8,0.5,7.3,1008.8,56.4,70.6,1.45,0.4,29.9,1.4,7.3,1010.0,0.09999999999999787,0.8999999999999999,0.0,1.2000000000000455,Nearest Neighbor with Euclidean distance <= 0.5°,0.0,0,NONE,DYNAMIC_HORIZON_SCALED,25.0
2025-07-22T00:00:00,2025-07-24 00:00:00,48,12.9716,77.5946,29.7,1.2,5.2,1007.6,58.5,44.0,2.1,0.6,29.8,1.9,5.3,1010.0,0.10000000000000142,0.7,0.09999999999999964,2.3999999999999773,Nearest Neighbor with Euclidean distance <= 0.5°,0.0,0,NONE,DYNAMIC_HORIZON_SCALED,28.0
2025-07-22T00:00:00,2025-07-25 00:00:00,72,12.9716,77.5946,29.5,6.3,4.6,1006.4,73.8,35.8,2.75,0.8,29.7,6.0,4.8,1010.0,0.1999999999999993,0.2999999999999998,0.20000000000000018,3.6000000000000227,Nearest Neighbor with Euclidean distance <= 0.5°,0.0,0,NONE,DYNAMIC_HORIZON_SCALED,31.0
2025-07-22T00:00:00,2025-07-26 00:00:00,96,12.9716,77.5946,29.3,42.0,14.5,1005.2,84.8,55.5,3.8,2.4,29.7,8.9,6.2,1010.0,0.3999999999999986,33.1,8.3,4.7999999999999545,Nearest Neighbor with Euclidean distance <= 0.5°,0.0,0,NONE,DYNAMIC_HORIZON_SCALED,34.0
2025-07-22T00:00:00,2025-07-27 00:00:00,120,12.9716,77.5946,29.1,21.5,9.7,1004.0,78.7,80.4,4.05,1.2,29.6,7.3,8.0,1010.0,0.5,14.2,1.6999999999999993,6.0,Nearest Neighbor with Euclidean distance <= 0.5°,0.0,0,NONE,DYNAMIC_HORIZON_SCALED,37.0
2025-07-22T00:00:00,2025-07-28 00:00:00,144,12.9716,77.5946,29.0,22.0,6.5,1002.8,62.6,81.8,4.7,1.4,29.5,3.0,8.1,1010.0,0.5,19.0,1.5999999999999996,7.2000000000000455,Nearest Neighbor with Euclidean distance <= 0.5°,0.0,0,NONE,DYNAMIC_HORIZON_SCALED,40.0
2025-07-22T00:00:00,2025-07-29 00:00:00,168,12.9716,77.5946,28.8,14.4,5.0,1001.6,55.0,58.1,5.35,1.6,29.4,1.0,6.4,1010.0,0.5999999999999979,13.4,1.4000000000000004,8.399999999999977,Nearest Neighbor with Euclidean distance <= 0.5°,0.0,0,NONE,DYNAMIC_HORIZON_SCALED,43.0
2025-07-22T00:00:00,2025-07-30 00:00:00,192,12.9716,77.5946,28.6,7.5,6.9,1000.4,64.7,36.6,6.0,1.8,29.3,3.6,4.8,1010.0,0.6999999999999993,3.9,2.1000000000000005,9.600000000000023,Nearest Neighbor with Euclidean distance <= 0.5°,0.0,0,NONE,DYNAMIC_HORIZON_SCALED,46.0
2025-07-22T00:00:00,2025-07-31 00:00:00,216,12.9716,77.5946,28.5,9.3,10.1,999.2,80.4,42.1,6.65,2.0,29.2,7.8,5.2,1010.0,0.6999999999999993,1.5000000000000009,4.8999999999999995,10.799999999999955,Nearest Neighbor with Euclidean distance <= 0.5°,0.0,0,NONE,DYNAMIC_HORIZON_SCALED,49.0
2025-07-22T00:00:00,2025-08-01 00:00:00,240,12.9716,77.5946,28.3,17.6,10.8,998.0,84.2,68.1,7.3,2.2,29.2,8.8,7.1,1010.0,0.8999999999999986,8.8,3.700000000000001,12.0,Nearest Neighbor with Euclidean distance <= 0.5°,0.0,0,NONE,DYNAMIC_HORIZON_SCALED,52.0
2025-07-22T00:00:00,2025-07-23 00:00:00,24,13.0827,80.2707,31.8,0.5,7.3,1008.8,56.4,70.6,1.45,0.4,29.9,1.4,7.3,1010.0,1.9000000000000021,0.8999999999999999,0.0,1.2000000000000455,Nearest Neighbor with Euclidean distance <= 0.5°,0.0,0,NONE,DYNAMIC_HORIZON_SCALED,25.0
2025-07-22T00:00:00,2025-07-24 00:00:00,48,13.0827,80.2707,31.7,1.2,5.2,1007.6,58.5,44.0,2.1,0.6,29.8,1.9,5.3,1010.0,1.8999999999999986,0.7,0.09999999999999964,2.3999999999999773,Nearest Neighbor with Euclidean distance <= 0.5°,0.0,0,NONE,DYNAMIC_HORIZON_SCALED,28.0
2025-07-22T00:00:00,2025-07-25 00:00:00,72,13.0827,80.2707,31.5,6.3,4.6,1006.4,73.8,35.8,2.75,0.8,29.7,6.0,4.8,1010.0,1.8000000000000007,0.2999999999999998,0.20000000000000018,3.6000000000000227,Nearest Neighbor with Euclidean distance <= 0.5°,0.0,0,NONE,DYNAMIC_HORIZON_SCALED,31.0
2025-07-22T00:00:00,2025-07-26 00:00:00,96,13.0827,80.2707,31.3,42.0,14.5,1005.2,84.8,55.5,3.8,2.4,35.5,74.0,16.5,1010.0,4.199999999999999,32.0,2.0,4.7999999999999545,Nearest Neighbor with Euclidean distance <= 0.5°,0.0,0,NONE,DYNAMIC_HORIZON_SCALED,34.0
2025-07-22T00:00:00,2025-07-27 00:00:00,120,13.0827,80.2707,31.1,21.5,9.7,1004.0,78.7,80.4,4.05,1.2,25.5,68.0,16.5,1010.0,5.600000000000001,46.5,6.800000000000001,6.0,Nearest Neighbor with Euclidean distance <= 0.5°,0.0,1,MODERATE,DYNAMIC_HORIZON_SCALED,37.0
2025-07-22T00:00:00,2025-07-28 00:00:00,144,13.0827,80.2707,31.0,22.0,6.5,1002.8,62.6,81.8,4.7,1.4,29.5,3.0,8.1,1010.0,1.5,19.0,1.5999999999999996,7.2000000000000455,Nearest Neighbor with Euclidean distance <= 0.5°,0.0,0,NONE,DYNAMIC_HORIZON_SCALED,40.0
2025-07-22T00:00:00,2025-07-29 00:00:00,168,13.0827,80.2707,30.8,14.4,5.0,1001.6,55.0,58.1,5.35,1.6,29.4,1.0,6.4,1010.0,1.4000000000000021,13.4,1.4000000000000004,8.399999999999977,Nearest Neighbor with Euclidean distance <= 0.5°,0.0,0,NONE,DYNAMIC_HORIZON_SCALED,43.0
2025-07-22T00:00:00,2025-07-30 00:00:00,192,13.0827,80.2707,30.6,7.5,6.9,1000.4,64.7,36.6,6.0,1.8,35.5,70.0,18.5,1010.0,4.899999999999999,62.5,11.6,9.600000000000023,Nearest Neighbor with Euclidean distance <= 0.5°,0.0,1,MODERATE,DYNAMIC_HORIZON_SCALED,46.0
2025-07-22T00:00:00,2025-07-31 00:00:00,216,13.0827,80.2707,30.5,9.3,10.1,999.2,80.4,42.1,6.65,2.0,29.2,7.8,5.2,1010.0,1.3000000000000007,1.5000000000000009,4.8999999999999995,10.799999999999955,Nearest Neighbor with Euclidean distance <= 0.5°,0.0,0,NONE,DYNAMIC_HORIZON_SCALED,49.0
2025-07-22T00:00:00,2025-08-01 00:00:00,240,13.0827,80.2707,30.3,17.6,10.8,998.0,84.2,68.1,7.3,2.2,29.2,8.8,7.1,1010.0,1.1000000000000014,8.8,3.700000000000001,12.0,Nearest Neighbor with Euclidean distance <= 0.5°,0.0,0,NONE,DYNAMIC_HORIZON_SCALED,52.0
2025-07-22T00:00:00,2025-07-23 00:00:00,24,22.5726,88.3639,29.8,0.5,7.3,1008.8,56.4,70.6,1.45,0.4,29.9,1.4,7.3,1010.0,0.09999999999999787,0.8999999999999999,0.0,1.2000000000000455,Nearest Neighbor with Euclidean distance <= 0.5°,0.0,0,NONE,DYNAMIC_HORIZON_SCALED,25.0
2025-07-22T00:00:00,2025-07-24 00:00:00,48,22.5726,88.3639,29.7,1.2,5.2,1007.6,58.5,44.0,2.1,0.6,29.8,1.9,5.3,1010.0,0.10000000000000142,0.7,0.09999999999999964,2.3999999999999773,Nearest Neighbor with Euclidean distance <= 0.5°,0.0,0,NONE,DYNAMIC_HORIZON_SCALED,28.0
2025-07-22T00:00:00,2025-07-25 00:00:00,72,22.5726,88.3639,29.5,6.3,4.6,1006.4,73.8,35.8,2.75,0.8,29.7,6.0,4.8,1010.0,0.1999999999999993,0.2999999999999998,0.20000000000000018,3.6000000000000227,Nearest Neighbor with Euclidean distance <= 0.5°,0.0,0,NONE,DYNAMIC_HORIZON_SCALED,31.0
2025-07-22T00:00:00,2025-07-26 00:00:00,96,22.5726,88.3639,29.3,42.0,14.5,1005.2,84.8,55.5,3.8,2.4,29.7,8.9,6.2,1010.0,0.3999999999999986,33.1,8.3,4.7999999999999545,Nearest Neighbor with Euclidean distance <= 0.5°,0.0,0,NONE,DYNAMIC_HORIZON_SCALED,34.0
2025-07-22T00:00:00,2025-07-27 00:00:00,120,22.5726,88.3639,29.1,21.5,9.7,1004.0,78.7,80.4,4.05,1.2,29.6,7.3,8.0,1010.0,0.5,14.2,1.6999999999999993,6.0,Nearest Neighbor with Euclidean distance <= 0.5°,0.0,0,NONE,DYNAMIC_HORIZON_SCALED,37.0
2025-07-22T00:00:00,2025-07-28 00:00:00,144,22.5726,88.3639,29.0,22.0,6.5,1002.8,62.6,81.8,4.7,1.4,29.5,3.0,8.1,1010.0,0.5,19.0,1.5999999999999996,7.2000000000000455,Nearest Neighbor with Euclidean distance <= 0.5°,0.0,0,NONE,DYNAMIC_HORIZON_SCALED,40.0
2025-07-22T00:00:00,2025-07-29 00:00:00,168,22.5726,88.3639,28.8,14.4,5.0,1001.6,55.0,58.1,5.35,1.6,35.5,76.0,18.5,1010.0,6.699999999999999,61.6,13.5,8.399999999999977,Nearest Neighbor with Euclidean distance <= 0.5°,0.0,1,MODERATE,DYNAMIC_HORIZON_SCALED,43.0
2025-07-22T00:00:00,2025-07-30 00:00:00,192,22.5726,88.3639,28.6,7.5,6.9,1000.4,64.7,36.6,6.0,1.8,29.3,3.6,4.8,1010.0,0.6999999999999993,3.9,2.1000000000000005,9.600000000000023,Nearest Neighbor with Euclidean distance <= 0.5°,0.0,0,NONE,DYNAMIC_HORIZON_SCALED,46.0
2025-07-22T00:00:00,2025-07-31 00:00:00,216,22.5726,88.3639,28.5,9.3,10.1,999.2,80.4,42.1,6.65,2.0,29.2,7.8,5.2,1010.0,0.6999999999999993,1.5000000000000009,4.8999999999999995,10.799999999999955,Nearest Neighbor with Euclidean distance <= 0.5°,0.0,0,NONE,DYNAMIC_HORIZON_SCALED,49.0
2025-07-22T00:00:00,2025-08-01 00:00:00,240,22.5726,88.3639,28.3,17.6,10.8,998.0,84.2,68.1,7.3,2.2,29.2,8.8,7.1,1010.0,0.8999999999999986,8.8,3.700000000000001,12.0,Nearest Neighbor with Euclidean distance <= 0.5°,0.0,0,NONE,DYNAMIC_HORIZON_SCALED,52.0
2025-07-22T00:00:00,2025-07-23 00:00:00,24,17.385,78.4867,29.8,0.5,7.3,1008.8,56.4,70.6,1.45,0.4,29.9,1.4,7.3,1010.0,0.09999999999999787,0.8999999999999999,0.0,1.2000000000000455,Nearest Neighbor with Euclidean distance <= 0.5°,0.0,0,NONE,DYNAMIC_HORIZON_SCALED,25.0
2025-07-22T00:00:00,2025-07-24 00:00:00,48,17.385,78.4867,29.7,1.2,5.2,1007.6,58.5,44.0,2.1,0.6,29.8,1.9,5.3,1010.0,0.10000000000000142,0.7,0.09999999999999964,2.3999999999999773,Nearest Neighbor with Euclidean distance <= 0.5°,0.0,0,NONE,DYNAMIC_HORIZON_SCALED,28.0
2025-07-22T00:00:00,2025-07-25 00:00:00,72,17.385,78.4867,29.5,6.3,4.6,1006.4,73.8,35.8,2.75,0.8,29.7,6.0,4.8,1010.0,0.1999999999999993,0.2999999999999998,0.20000000000000018,3.6000000000000227,Nearest Neighbor with Euclidean distance <= 0.5°,0.0,0,NONE,DYNAMIC_HORIZON_SCALED,31.0
2025-07-22T00:00:00,2025-07-26 00:00:00,96,17.385,78.4867,29.3,42.0,14.5,1005.2,84.8,55.5,3.8,2.4,25.5,72.0,17.5,1010.0,3.8000000000000007,30.0,3.0,4.7999999999999545,Nearest Neighbor with Euclidean distance <= 0.5°,0.0,0,NONE,DYNAMIC_HORIZON_SCALED,34.0
2025-07-22T00:00:00,2025-07-27 00:00:00,120,17.385,78.4867,29.1,21.5,9.7,1004.0,78.7,80.4,4.05,1.2,29.6,7.3,8.0,1010.0,0.5,14.2,1.6999999999999993,6.0,Nearest Neighbor with Euclidean distance <= 0.5°,0.0,0,NONE,DYNAMIC_HORIZON_SCALED,37.0
2025-07-22T00:00:00,2025-07-28 00:00:00,144,17.385,78.4867,29.0,22.0,6.5,1002.8,62.6,81.8,4.7,1.4,29.5,3.0,8.1,1010.0,0.5,19.0,1.5999999999999996,7.2000000000000455,Nearest Neighbor with Euclidean distance <= 0.5°,0.0,0,NONE,DYNAMIC_HORIZON_SCALED,40.0
2025-07-22T00:00:00,2025-07-29 00:00:00,168,17.385,78.4867,28.8,14.4,5.0,1001.6,55.0,58.1,5.35,1.6,29.4,1.0,6.4,1010.0,0.5999999999999979,13.4,1.4000000000000004,8.399999999999977,Nearest Neighbor with Euclidean distance <= 0.5°,0.0,0,NONE,DYNAMIC_HORIZON_SCALED,43.0
2025-07-22T00:00:00,2025-07-30 00:00:00,192,17.385,78.4867,28.6,7.5,6.9,1000.4,64.7,36.6,6.0,1.8,25.5,68.0,19.5,1010.0,3.1000000000000014,60.5,12.6,9.600000000000023,Nearest Neighbor with Euclidean distance <= 0.5°,0.0,1,MODERATE,DYNAMIC_HORIZON_SCALED,46.0
2025-07-22T00:00:00,2025-07-31 00:00:00,216,17.385,78.4867,28.5,9.3,10.1,999.2,80.4,42.1,6.65,2.0,29.2,7.8,5.2,1010.0,0.6999999999999993,1.5000000000000009,4.8999999999999995,10.799999999999955,Nearest Neighbor with Euclidean distance <= 0.5°,0.0,0,NONE,DYNAMIC_HORIZON_SCALED,49.0
2025-07-22T00:00:00,2025-08-01 00:00:00,240,17.385,78.4867,28.3,17.6,10.8,998.0,84.2,68.1,7.3,2.2,29.2,8.8,7.1,1010.0,0.8999999999999986,8.8,3.700000000000001,12.0,Nearest Neighbor with Euclidean distance <= 0.5°,0.0,0,NONE,DYNAMIC_HORIZON_SCALED,52.0
2025-07-22T00:00:00,2025-07-23 00:00:00,24,23.0225,72.5714,31.8,0.5,7.3,1008.8,56.4,70.6,1.45,0.4,29.9,1.4,7.3,1010.0,1.9000000000000021,0.8999999999999999,0.0,1.2000000000000455,Nearest Neighbor with Euclidean distance <= 0.5°,0.0,0,NONE,DYNAMIC_HORIZON_SCALED,25.0
2025-07-22T00:00:00,2025-07-24 00:00:00,48,23.0225,72.5714,31.7,1.2,5.2,1007.6,58.5,44.0,2.1,0.6,29.8,1.9,5.3,1010.0,1.8999999999999986,0.7,0.09999999999999964,2.3999999999999773,Nearest Neighbor with Euclidean distance <= 0.5°,0.0,0,NONE,DYNAMIC_HORIZON_SCALED,28.0
2025-07-22T00:00:00,2025-07-25 00:00:00,72,23.0225,72.5714,31.5,6.3,4.6,1006.4,73.8,35.8,2.75,0.8,29.7,6.0,4.8,1010.0,1.8000000000000007,0.2999999999999998,0.20000000000000018,3.6000000000000227,Nearest Neighbor with Euclidean distance <= 0.5°,0.0,0,NONE,DYNAMIC_HORIZON_SCALED,31.0
2025-07-22T00:00:00,2025-07-26 00:00:00,96,23.0225,72.5714,31.3,42.0,14.5,1005.2,84.8,55.5,3.8,2.4,25.5,76.0,21.5,1010.0,5.800000000000001,34.0,7.0,4.7999999999999545,Nearest Neighbor with Euclidean distance <= 0.5°,0.0,1,MODERATE,DYNAMIC_HORIZON_SCALED,34.0
2025-07-22T00:00:00,2025-07-27 00:00:00,120,23.0225,72.5714,31.1,21.5,9.7,1004.0,78.7,80.4,4.05,1.2,29.6,7.3,8.0,1010.0,1.5,14.2,1.6999999999999993,6.0,Nearest Neighbor with Euclidean distance <= 0.5°,0.0,0,NONE,DYNAMIC_HORIZON_SCALED,37.0
2025-07-22T00:00:00,2025-07-28 00:00:00,144,23.0225,72.5714,31.0,22.0,6.5,1002.8,62.6,81.8,4.7,1.4,29.5,3.0,8.1,1010.0,1.5,19.0,1.5999999999999996,7.2000000000000455,Nearest Neighbor with Euclidean distance <= 0.5°,0.0,0,NONE,DYNAMIC_HORIZON_SCALED,40.0
2025-07-22T00:00:00,2025-07-29 00:00:00,168,23.0225,72.5714,30.8,14.4,5.0,1001.6,55.0,58.1,5.35,1.6,29.4,1.0,6.4,1010.0,1.4000000000000021,13.4,1.4000000000000004,8.399999999999977,Nearest Neighbor with Euclidean distance <= 0.5°,0.0,0,NONE,DYNAMIC_HORIZON_SCALED,43.0
2025-07-22T00:00:00,2025-07-30 00:00:00,192,23.0225,72.5714,30.6,7.5,6.9,1000.4,64.7,36.6,6.0,1.8,25.5,72.0,17.5,1010.0,5.100000000000001,64.5,10.6,9.600000000000023,Nearest Neighbor with Euclidean distance <= 0.5°,0.0,1,MODERATE,DYNAMIC_HORIZON_SCALED,46.0
2025-07-22T00:00:00,2025-07-31 00:00:00,216,23.0225,72.5714,30.5,9.3,10.1,999.2,80.4,42.1,6.65,2.0,29.2,7.8,5.2,1010.0,1.3000000000000007,1.5000000000000009,4.8999999999999995,10.799999999999955,Nearest Neighbor with Euclidean distance <= 0.5°,0.0,0,NONE,DYNAMIC_HORIZON_SCALED,49.0
2025-07-22T00:00:00,2025-08-01 00:00:00,240,23.0225,72.5714,30.3,17.6,10.8,998.0,84.2,68.1,7.3,2.2,29.2,8.8,7.1,1010.0,1.1000000000000014,8.8,3.700000000000001,12.0,Nearest Neighbor with Euclidean distance <= 0.5°,0.0,0,NONE,DYNAMIC_HORIZON_SCALED,52.0
2025-07-22T00:00:00,2025-07-23 00:00:00,24,26.9124,75.7873,29.8,0.5,7.3,1008.8,56.4,70.6,1.45,0.4,29.9,1.4,7.3,1010.0,0.09999999999999787,0.8999999999999999,0.0,1.2000000000000455,Nearest Neighbor with Euclidean distance <= 0.5°,0.0,0,NONE,DYNAMIC_HORIZON_SCALED,25.0
2025-07-22T00:00:00,2025-07-24 00:00:00,48,26.9124,75.7873,29.7,1.2,5.2,1007.6,58.5,44.0,2.1,0.6,29.8,1.9,5.3,1010.0,0.10000000000000142,0.7,0.09999999999999964,2.3999999999999773,Nearest Neighbor with Euclidean distance <= 0.5°,0.0,0,NONE,DYNAMIC_HORIZON_SCALED,28.0
2025-07-22T00:00:00,2025-07-25 00:00:00,72,26.9124,75.7873,29.5,6.3,4.6,1006.4,73.8,35.8,2.75,0.8,29.7,6.0,4.8,1010.0,0.1999999999999993,0.2999999999999998,0.20000000000000018,3.6000000000000227,Nearest Neighbor with Euclidean distance <= 0.5°,0.0,0,NONE,DYNAMIC_HORIZON_SCALED,31.0
2025-07-22T00:00:00,2025-07-26 00:00:00,96,26.9124,75.7873,29.3,42.0,14.5,1005.2,84.8,55.5,3.8,2.4,29.7,8.9,6.2,1010.0,0.3999999999999986,33.1,8.3,4.7999999999999545,Nearest Neighbor with Euclidean distance <= 0.5°,0.0,0,NONE,DYNAMIC_HORIZON_SCALED,34.0
2025-07-22T00:00:00,2025-07-27 00:00:00,120,26.9124,75.7873,29.1,21.5,9.7,1004.0,78.7,80.4,4.05,1.2,29.6,7.3,8.0,1010.0,0.5,14.2,1.6999999999999993,6.0,Nearest Neighbor with Euclidean distance <= 0.5°,0.0,0,NONE,DYNAMIC_HORIZON_SCALED,37.0
2025-07-22T00:00:00,2025-07-28 00:00:00,144,26.9124,75.7873,29.0,22.0,6.5,1002.8,62.6,81.8,4.7,1.4,29.5,3.0,8.1,1010.0,0.5,19.0,1.5999999999999996,7.2000000000000455,Nearest Neighbor with Euclidean distance <= 0.5°,0.0,0,NONE,DYNAMIC_HORIZON_SCALED,40.0
2025-07-22T00:00:00,2025-07-29 00:00:00,168,26.9124,75.7873,28.8,14.4,5.0,1001.6,55.0,58.1,5.35,1.6,25.5,70.0,21.5,1010.0,3.3000000000000007,55.6,16.5,8.399999999999977,Nearest Neighbor with Euclidean distance <= 0.5°,0.0,1,MODERATE,DYNAMIC_HORIZON_SCALED,43.0
2025-07-22T00:00:00,2025-07-30 00:00:00,192,26.9124,75.7873,28.6,7.5,6.9,1000.4,64.7,36.6,6.0,1.8,29.3,3.6,4.8,1010.0,0.6999999999999993,3.9,2.1000000000000005,9.600000000000023,Nearest Neighbor with Euclidean distance <= 0.5°,0.0,0,NONE,DYNAMIC_HORIZON_SCALED,46.0
2025-07-22T00:00:00,2025-07-31 00:00:00,216,26.9124,75.7873,28.5,9.3,10.1,999.2,80.4,42.1,6.65,2.0,29.2,7.8,5.2,1010.0,0.6999999999999993,1.5000000000000009,4.8999999999999995,10.799999999999955,Nearest Neighbor with Euclidean distance <= 0.5°,0.0,0,NONE,DYNAMIC_HORIZON_SCALED,49.0
2025-07-22T00:00:00,2025-08-01 00:00:00,240,26.9124,75.7873,28.3,17.6,10.8,998.0,84.2,68.1,7.3,2.2,29.2,8.8,7.1,1010.0,0.8999999999999986,8.8,3.700000000000001,12.0,Nearest Neighbor with Euclidean distance <= 0.5°,0.0,0,NONE,DYNAMIC_HORIZON_SCALED,52.0
2025-07-22T00:00:00,2025-07-23 00:00:00,24,31.1048,77.1734,19.8,0.5,7.3,948.8,56.4,70.6,1.45,0.4,19.9,1.4,7.3,950.0,0.09999999999999787,0.8999999999999999,0.0,1.2000000000000455,Nearest Neighbor with Euclidean distance <= 0.5°,0.0,0,NONE,DYNAMIC_HORIZON_SCALED,25.0
2025-07-22T00:00:00,2025-07-24 00:00:00,48,31.1048,77.1734,19.7,1.2,5.2,947.6,58.5,44.0,2.1,0.6,19.8,1.9,5.3,950.0,0.10000000000000142,0.7,0.09999999999999964,2.3999999999999773,Nearest Neighbor with Euclidean distance <= 0.5°,0.0,0,NONE,DYNAMIC_HORIZON_SCALED,28.0
2025-07-22T00:00:00,2025-07-25 00:00:00,72,31.1048,77.1734,19.5,6.3,4.6,946.4,73.8,35.8,2.75,0.8,19.7,6.0,4.8,950.0,0.1999999999999993,0.2999999999999998,0.20000000000000018,3.6000000000000227,Nearest Neighbor with Euclidean distance <= 0.5°,0.0,0,NONE,DYNAMIC_HORIZON_SCALED,31.0
2025-07-22T00:00:00,2025-07-26 00:00:00,96,31.1048,77.1734,19.3,42.0,14.5,945.2,84.8,55.5,3.8,2.4,19.7,8.9,6.2,950.0,0.3999999999999986,33.1,8.3,4.7999999999999545,Nearest Neighbor with Euclidean distance <= 0.5°,0.0,0,NONE,DYNAMIC_HORIZON_SCALED,34.0
2025-07-22T00:00:00,2025-07-27 00:00:00,120,31.1048,77.1734,19.1,21.5,9.7,944.0,78.7,80.4,4.05,1.2,25.5,70.0,18.5,950.0,6.399999999999999,48.5,8.8,6.0,Nearest Neighbor with Euclidean distance <= 0.5°,0.0,1,MODERATE,DYNAMIC_HORIZON_SCALED,37.0
2025-07-22T00:00:00,2025-07-28 00:00:00,144,31.1048,77.1734,19.0,22.0,6.5,942.8,62.6,81.8,4.7,1.4,19.5,3.0,8.1,950.0,0.5,19.0,1.5999999999999996,7.2000000000000455,Nearest Neighbor with Euclidean distance <= 0.5°,0.0,0,NONE,DYNAMIC_HORIZON_SCALED,40.0
2025-07-22T00:00:00,2025-07-29 00:00:00,168,31.1048,77.1734,18.8,14.4,5.0,941.6,55.0,58.1,5.35,1.6,19.4,1.0,6.4,950.0,0.5999999999999979,13.4,1.4000000000000004,8.399999999999977,Nearest Neighbor with Euclidean distance <= 0.5°,0.0,0,NONE,DYNAMIC_HORIZON_SCALED,43.0
2025-07-22T00:00:00,2025-07-30 00:00:00,192,31.1048,77.1734,18.6,7.5,6.9,940.4,64.7,36.6,6.0,1.8,19.3,3.6,4.8,950.0,0.6999999999999993,3.9,2.1000000000000005,9.600000000000023,Nearest Neighbor with Euclidean distance <= 0.5°,0.0,0,NONE,DYNAMIC_HORIZON_SCALED,46.0
2025-07-22T00:00:00,2025-07-31 00:00:00,216,31.1048,77.1734,18.5,9.3,10.1,939.2,80.4,42.1,6.65,2.0,19.2,7.8,5.2,950.0,0.6999999999999993,1.5000000000000009,4.8999999999999995,10.799999999999955,Nearest Neighbor with Euclidean distance <= 0.5°,0.0,0,NONE,DYNAMIC_HORIZON_SCALED,49.0
2025-07-22T00:00:00,2025-08-01 00:00:00,240,31.1048,77.1734,18.3,17.6,10.8,938.0,84.2,68.1,7.3,2.2,19.2,8.8,7.1,950.0,0.8999999999999986,8.8,3.700000000000001,12.0,Nearest Neighbor with Euclidean distance <= 0.5°,0.0,0,NONE,DYNAMIC_HORIZON_SCALED,52.0
2025-07-22T00:00:00,2025-07-23 00:00:00,24,26.1445,91.7362,29.8,0.5,7.3,1008.8,56.4,70.6,1.45,0.4,29.9,1.4,7.3,1010.0,0.09999999999999787,0.8999999999999999,0.0,1.2000000000000455,Nearest Neighbor with Euclidean distance <= 0.5°,0.0,0,NONE,DYNAMIC_HORIZON_SCALED,25.0
2025-07-22T00:00:00,2025-07-24 00:00:00,48,26.1445,91.7362,29.7,1.2,5.2,1007.6,58.5,44.0,2.1,0.6,29.8,1.9,5.3,1010.0,0.10000000000000142,0.7,0.09999999999999964,2.3999999999999773,Nearest Neighbor with Euclidean distance <= 0.5°,0.0,0,NONE,DYNAMIC_HORIZON_SCALED,28.0
2025-07-22T00:00:00,2025-07-25 00:00:00,72,26.1445,91.7362,29.5,6.3,4.6,1006.4,73.8,35.8,2.75,0.8,29.7,6.0,4.8,1010.0,0.1999999999999993,0.2999999999999998,0.20000000000000018,3.6000000000000227,Nearest Neighbor with Euclidean distance <= 0.5°,0.0,0,NONE,DYNAMIC_HORIZON_SCALED,31.0
2025-07-22T00:00:00,2025-07-26 00:00:00,96,26.1445,91.7362,29.3,42.0,14.5,1005.2,84.8,55.5,3.8,2.4,25.5,80.0,19.5,1010.0,3.8000000000000007,38.0,5.0,4.7999999999999545,Nearest Neighbor with Euclidean distance <= 0.5°,0.0,1,MODERATE,DYNAMIC_HORIZON_SCALED,34.0
2025-07-22T00:00:00,2025-07-27 00:00:00,120,26.1445,91.7362,29.1,21.5,9.7,1004.0,78.7,80.4,4.05,1.2,29.6,7.3,8.0,1010.0,0.5,14.2,1.6999999999999993,6.0,Nearest Neighbor with Euclidean distance <= 0.5°,0.0,0,NONE,DYNAMIC_HORIZON_SCALED,37.0
2025-07-22T00:00:00,2025-07-28 00:00:00,144,26.1445,91.7362,29.0,22.0,6.5,1002.8,62.6,81.8,4.7,1.4,29.5,3.0,8.1,1010.0,0.5,19.0,1.5999999999999996,7.2000000000000455,Nearest Neighbor with Euclidean distance <= 0.5°,0.0,0,NONE,DYNAMIC_HORIZON_SCALED,40.0
2025-07-22T00:00:00,2025-07-29 00:00:00,168,26.1445,91.7362,28.8,14.4,5.0,1001.6,55.0,58.1,5.35,1.6,29.4,1.0,6.4,1010.0,0.5999999999999979,13.4,1.4000000000000004,8.399999999999977,Nearest Neighbor with Euclidean distance <= 0.5°,0.0,0,NONE,DYNAMIC_HORIZON_SCALED,43.0
2025-07-22T00:00:00,2025-07-30 00:00:00,192,26.1445,91.7362,28.6,7.5,6.9,1000.4,64.7,36.6,6.0,1.8,25.5,76.0,21.5,1010.0,3.1000000000000014,68.5,14.6,9.600000000000023,Nearest Neighbor with Euclidean distance <= 0.5°,0.0,1,MODERATE,DYNAMIC_HORIZON_SCALED,46.0
2025-07-22T00:00:00,2025-07-31 00:00:00,216,26.1445,91.7362,28.5,9.3,10.1,999.2,80.4,42.1,6.65,2.0,29.2,7.8,5.2,1010.0,0.6999999999999993,1.5000000000000009,4.8999999999999995,10.799999999999955,Nearest Neighbor with Euclidean distance <= 0.5°,0.0,0,NONE,DYNAMIC_HORIZON_SCALED,49.0
2025-07-22T00:00:00,2025-08-01 00:00:00,240,26.1445,91.7362,28.3,17.6,10.8,998.0,84.2,68.1,7.3,2.2,29.2,8.8,7.1,1010.0,0.8999999999999986,8.8,3.700000000000001,12.0,Nearest Neighbor with Euclidean distance <= 0.5°,0.0,0,NONE,DYNAMIC_HORIZON_SCALED,52.0
2025-07-22T00:00:00,2025-07-23 00:00:00,24,34.0837,74.7973,19.8,0.5,7.3,948.8,56.4,70.6,1.45,0.4,19.9,1.4,7.3,950.0,0.09999999999999787,0.8999999999999999,0.0,1.2000000000000455,Nearest Neighbor with Euclidean distance <= 0.5°,0.0,0,NONE,DYNAMIC_HORIZON_SCALED,25.0
2025-07-22T00:00:00,2025-07-24 00:00:00,48,34.0837,74.7973,19.7,1.2,5.2,947.6,58.5,44.0,2.1,0.6,19.8,1.9,5.3,950.0,0.10000000000000142,0.7,0.09999999999999964,2.3999999999999773,Nearest Neighbor with Euclidean distance <= 0.5°,0.0,0,NONE,DYNAMIC_HORIZON_SCALED,28.0
2025-07-22T00:00:00,2025-07-25 00:00:00,72,34.0837,74.7973,19.5,6.3,4.6,946.4,73.8,35.8,2.75,0.8,19.7,6.0,4.8,950.0,0.1999999999999993,0.2999999999999998,0.20000000000000018,3.6000000000000227,Nearest Neighbor with Euclidean distance <= 0.5°,0.0,0,NONE,DYNAMIC_HORIZON_SCALED,31.0
2025-07-22T00:00:00,2025-07-26 00:00:00,96,34.0837,74.7973,19.3,42.0,14.5,945.2,84.8,55.5,3.8,2.4,19.7,8.9,6.2,950.0,0.3999999999999986,33.1,8.3,4.7999999999999545,Nearest Neighbor with Euclidean distance <= 0.5°,0.0,0,NONE,DYNAMIC_HORIZON_SCALED,34.0
2025-07-22T00:00:00,2025-07-27 00:00:00,120,34.0837,74.7973,19.1,21.5,9.7,944.0,78.7,80.4,4.05,1.2,19.6,7.3,8.0,950.0,0.5,14.2,1.6999999999999993,6.0,Nearest Neighbor with Euclidean distance <= 0.5°,0.0,0,NONE,DYNAMIC_HORIZON_SCALED,37.0
2025-07-22T00:00:00,2025-07-28 00:00:00,144,34.0837,74.7973,19.0,22.0,6.5,942.8,62.6,81.8,4.7,1.4,19.5,3.0,8.1,950.0,0.5,19.0,1.5999999999999996,7.2000000000000455,Nearest Neighbor with Euclidean distance <= 0.5°,0.0,0,NONE,DYNAMIC_HORIZON_SCALED,40.0
2025-07-22T00:00:00,2025-07-29 00:00:00,168,34.0837,74.7973,18.8,14.4,5.0,941.6,55.0,58.1,5.35,1.6,15.5,77.0,16.5,950.0,3.3000000000000007,62.6,11.5,8.399999999999977,Nearest Neighbor with Euclidean distance <= 0.5°,0.0,1,MODERATE,DYNAMIC_HORIZON_SCALED,43.0
2025-07-22T00:00:00,2025-07-30 00:00:00,192,34.0837,74.7973,18.6,7.5,6.9,940.4,64.7,36.6,6.0,1.8,19.3,3.6,4.8,950.0,0.6999999999999993,3.9,2.1000000000000005,9.600000000000023,Nearest Neighbor with Euclidean distance <= 0.5°,0.0,0,NONE,DYNAMIC_HORIZON_SCALED,46.0
2025-07-22T00:00:00,2025-07-31 00:00:00,216,34.0837,74.7973,18.5,9.3,10.1,939.2,80.4,42.1,6.65,2.0,19.2,7.8,5.2,950.0,0.6999999999999993,1.5000000000000009,4.8999999999999995,10.799999999999955,Nearest Neighbor with Euclidean distance <= 0.5°,0.0,0,NONE,DYNAMIC_HORIZON_SCALED,49.0
2025-07-22T00:00:00,2025-08-01 00:00:00,240,34.0837,74.7973,18.3,17.6,10.8,938.0,84.2,68.1,7.3,2.2,19.2,8.8,7.1,950.0,0.8999999999999986,8.8,3.700000000000001,12.0,Nearest Neighbor with Euclidean distance <= 0.5°,0.0,0,NONE,DYNAMIC_HORIZON_SCALED,52.0
2025-07-22T00:00:00,2025-07-23 00:00:00,24,8.5241,76.9366,29.8,0.5,7.3,1008.8,56.4,70.6,1.45,0.4,29.9,1.4,7.3,1010.0,0.09999999999999787,0.8999999999999999,0.0,1.2000000000000455,Nearest Neighbor with Euclidean distance <= 0.5°,0.0,0,NONE,DYNAMIC_HORIZON_SCALED,25.0
2025-07-22T00:00:00,2025-07-24 00:00:00,48,8.5241,76.9366,29.7,1.2,5.2,1007.6,58.5,44.0,2.1,0.6,29.8,1.9,5.3,1010.0,0.10000000000000142,0.7,0.09999999999999964,2.3999999999999773,Nearest Neighbor with Euclidean distance <= 0.5°,0.0,0,NONE,DYNAMIC_HORIZON_SCALED,28.0
2025-07-22T00:00:00,2025-07-25 00:00:00,72,8.5241,76.9366,29.5,6.3,4.6,1006.4,73.8,35.8,2.75,0.8,29.7,6.0,4.8,1010.0,0.1999999999999993,0.2999999999999998,0.20000000000000018,3.6000000000000227,Nearest Neighbor with Euclidean distance <= 0.5°,0.0,0,NONE,DYNAMIC_HORIZON_SCALED,31.0
2025-07-22T00:00:00,2025-07-26 00:00:00,96,8.5241,76.9366,29.3,42.0,14.5,1005.2,84.8,55.5,3.8,2.4,25.5,70.0,21.5,1010.0,3.8000000000000007,28.0,7.0,4.7999999999999545,Nearest Neighbor with Euclidean distance <= 0.5°,0.0,0,NONE,DYNAMIC_HORIZON_SCALED,34.0
2025-07-22T00:00:00,2025-07-27 00:00:00,120,8.5241,76.9366,29.1,21.5,9.7,1004.0,78.7,80.4,4.05,1.2,29.6,7.3,8.0,1010.0,0.5,14.2,1.6999999999999993,6.0,Nearest Neighbor with Euclidean distance <= 0.5°,0.0,0,NONE,DYNAMIC_HORIZON_SCALED,37.0
2025-07-22T00:00:00,2025-07-28 00:00:00,144,8.5241,76.9366,29.0,22.0,6.5,1002.8,62.6,81.8,4.7,1.4,29.5,3.0,8.1,1010.0,0.5,19.0,1.5999999999999996,7.2000000000000455,Nearest Neighbor with Euclidean distance <= 0.5°,0.0,0,NONE,DYNAMIC_HORIZON_SCALED,40.0
2025-07-22T00:00:00,2025-07-29 00:00:00,168,8.5241,76.9366,28.8,14.4,5.0,1001.6,55.0,58.1,5.35,1.6,29.4,1.0,6.4,1010.0,0.5999999999999979,13.4,1.4000000000000004,8.399999999999977,Nearest Neighbor with Euclidean distance <= 0.5°,0.0,0,NONE,DYNAMIC_HORIZON_SCALED,43.0
2025-07-22T00:00:00,2025-07-30 00:00:00,192,8.5241,76.9366,28.6,7.5,6.9,1000.4,64.7,36.6,6.0,1.8,35.5,81.0,17.5,1010.0,6.899999999999999,73.5,10.6,9.600000000000023,Nearest Neighbor with Euclidean distance <= 0.5°,0.0,1,SEVERE,DYNAMIC_HORIZON_SCALED,46.0
2025-07-22T00:00:00,2025-07-31 00:00:00,216,8.5241,76.9366,28.5,9.3,10.1,999.2,80.4,42.1,6.65,2.0,29.2,7.8,5.2,1010.0,0.6999999999999993,1.5000000000000009,4.8999999999999995,10.799999999999955,Nearest Neighbor with Euclidean distance <= 0.5°,0.0,0,NONE,DYNAMIC_HORIZON_SCALED,49.0
2025-07-22T00:00:00,2025-08-01 00:00:00,240,8.5241,76.9366,28.3,17.6,10.8,998.0,84.2,68.1,7.3,2.2,29.2,8.8,7.1,1010.0,0.8999999999999986,8.8,3.700000000000001,12.0,Nearest Neighbor with Euclidean distance <= 0.5°,0.0,0,NONE,DYNAMIC_HORIZON_SCALED,52.0
2025-07-22T00:00:00,2025-07-23 00:00:00,24,20.2961,85.8245,31.8,0.5,7.3,1008.8,56.4,70.6,1.45,0.4,29.9,1.4,7.3,1010.0,1.9000000000000021,0.8999999999999999,0.0,1.2000000000000455,Nearest Neighbor with Euclidean distance <= 0.5°,0.0,0,NONE,DYNAMIC_HORIZON_SCALED,25.0
2025-07-22T00:00:00,2025-07-24 00:00:00,48,20.2961,85.8245,31.7,1.2,5.2,1007.6,58.5,44.0,2.1,0.6,29.8,1.9,5.3,1010.0,1.8999999999999986,0.7,0.09999999999999964,2.3999999999999773,Nearest Neighbor with Euclidean distance <= 0.5°,0.0,0,NONE,DYNAMIC_HORIZON_SCALED,28.0
2025-07-22T00:00:00,2025-07-25 00:00:00,72,20.2961,85.8245,31.5,6.3,4.6,1006.4,73.8,35.8,2.75,0.8,29.7,6.0,4.8,1010.0,1.8000000000000007,0.2999999999999998,0.20000000000000018,3.6000000000000227,Nearest Neighbor with Euclidean distance <= 0.5°,0.0,0,NONE,DYNAMIC_HORIZON_SCALED,31.0
2025-07-22T00:00:00,2025-07-26 00:00:00,96,20.2961,85.8245,31.3,42.0,14.5,1005.2,84.8,55.5,3.8,2.4,29.7,8.9,6.2,1010.0,1.6000000000000014,33.1,8.3,4.7999999999999545,Nearest Neighbor with Euclidean distance <= 0.5°,0.0,0,NONE,DYNAMIC_HORIZON_SCALED,34.0
2025-07-22T00:00:00,2025-07-27 00:00:00,120,20.2961,85.8245,31.1,21.5,9.7,1004.0,78.7,80.4,4.05,1.2,35.5,75.0,17.5,1010.0,4.399999999999999,53.5,7.800000000000001,6.0,Nearest Neighbor with Euclidean distance <= 0.5°,0.0,1,MODERATE,DYNAMIC_HORIZON_SCALED,37.0
2025-07-22T00:00:00,2025-07-28 00:00:00,144,20.2961,85.8245,31.0,22.0,6.5,1002.8,62.6,81.8,4.7,1.4,29.5,3.0,8.1,1010.0,1.5,19.0,1.5999999999999996,7.2000000000000455,Nearest Neighbor with Euclidean distance <= 0.5°,0.0,0,NONE,DYNAMIC_HORIZON_SCALED,40.0
2025-07-22T00:00:00,2025-07-29 00:00:00,168,20.2961,85.8245,30.8,14.4,5.0,1001.6,55.0,58.1,5.35,1.6,29.4,1.0,6.4,1010.0,1.4000000000000021,13.4,1.4000000000000004,8.399999999999977,Nearest Neighbor with Euclidean distance <= 0.5°,0.0,0,NONE,DYNAMIC_HORIZON_SCALED,43.0
2025-07-22T00:00:00,2025-07-30 00:00:00,192,20.2961,85.8245,30.6,7.5,6.9,1000.4,64.7,36.6,6.0,1.8,29.3,3.6,4.8,1010.0,1.3000000000000007,3.9,2.1000000000000005,9.600000000000023,Nearest Neighbor with Euclidean distance <= 0.5°,0.0,0,NONE,DYNAMIC_HORIZON_SCALED,46.0
2025-07-22T00:00:00,2025-07-31 00:00:00,216,20.2961,85.8245,30.5,9.3,10.1,999.2,80.4,42.1,6.65,2.0,29.2,7.8,5.2,1010.0,1.3000000000000007,1.5000000000000009,4.8999999999999995,10.799999999999955,Nearest Neighbor with Euclidean distance <= 0.5°,0.0,0,NONE,DYNAMIC_HORIZON_SCALED,49.0
2025-07-22T00:00:00,2025-08-01 00:00:00,240,20.2961,85.8245,30.3,17.6,10.8,998.0,84.2,68.1,7.3,2.2,29.2,8.8,7.1,1010.0,1.1000000000000014,8.8,3.700000000000001,12.0,Nearest Neighbor with Euclidean distance <= 0.5°,0.0,0,NONE,DYNAMIC_HORIZON_SCALED,52.0
2025-07-22T00:00:00,2025-07-23 00:00:00,24,23.2599,77.4126,29.8,0.5,7.3,1008.8,56.4,70.6,1.45,0.4,29.9,1.4,7.3,1010.0,0.09999999999999787,0.8999999999999999,0.0,1.2000000000000455,Nearest Neighbor with Euclidean distance <= 0.5°,0.0,0,NONE,DYNAMIC_HORIZON_SCALED,25.0
2025-07-22T00:00:00,2025-07-24 00:00:00,48,23.2599,77.4126,29.7,1.2,5.2,1007.6,58.5,44.0,2.1,0.6,29.8,1.9,5.3,1010.0,0.10000000000000142,0.7,0.09999999999999964,2.3999999999999773,Nearest Neighbor with Euclidean distance <= 0.5°,0.0,0,NONE,DYNAMIC_HORIZON_SCALED,28.0
2025-07-22T00:00:00,2025-07-25 00:00:00,72,23.2599,77.4126,29.5,6.3,4.6,1006.4,73.8,35.8,2.75,0.8,29.7,6.0,4.8,1010.0,0.1999999999999993,0.2999999999999998,0.20000000000000018,3.6000000000000227,Nearest Neighbor with Euclidean distance <= 0.5°,0.0,0,NONE,DYNAMIC_HORIZON_SCALED,31.0
2025-07-22T00:00:00,2025-07-26 00:00:00,96,23.2599,77.4126,29.3,42.0,14.5,1005.2,84.8,55.5,3.8,2.4,29.7,8.9,6.2,1010.0,0.3999999999999986,33.1,8.3,4.7999999999999545,Nearest Neighbor with Euclidean distance <= 0.5°,0.0,0,NONE,DYNAMIC_HORIZON_SCALED,34.0
2025-07-22T00:00:00,2025-07-27 00:00:00,120,23.2599,77.4126,29.1,21.5,9.7,1004.0,78.7,80.4,4.05,1.2,25.5,73.0,18.5,1010.0,3.6000000000000014,51.5,8.8,6.0,Nearest Neighbor with Euclidean distance <= 0.5°,0.0,1,MODERATE,DYNAMIC_HORIZON_SCALED,37.0
2025-07-22T00:00:00,2025-07-28 00:00:00,144,23.2599,77.4126,29.0,22.0,6.5,1002.8,62.6,81.8,4.7,1.4,29.5,3.0,8.1,1010.0,0.5,19.0,1.5999999999999996,7.2000000000000455,Nearest Neighbor with Euclidean distance <= 0.5°,0.0,0,NONE,DYNAMIC_HORIZON_SCALED,40.0
2025-07-22T00:00:00,2025-07-29 00:00:00,168,23.2599,77.4126,28.8,14.4,5.0,1001.6,55.0,58.1,5.35,1.6,29.4,1.0,6.4,1010.0,0.5999999999999979,13.4,1.4000000000000004,8.399999999999977,Nearest Neighbor with Euclidean distance <= 0.5°,0.0,0,NONE,DYNAMIC_HORIZON_SCALED,43.0
2025-07-22T00:00:00,2025-07-30 00:00:00,192,23.2599,77.4126,28.6,7.5,6.9,1000.4,64.7,36.6,6.0,1.8,29.3,3.6,4.8,1010.0,0.6999999999999993,3.9,2.1000000000000005,9.600000000000023,Nearest Neighbor with Euclidean distance <= 0.5°,0.0,0,NONE,DYNAMIC_HORIZON_SCALED,46.0
2025-07-22T00:00:00,2025-07-31 00:00:00,216,23.2599,77.4126,28.5,9.3,10.1,999.2,80.4,42.1,6.65,2.0,29.2,7.8,5.2,1010.0,0.6999999999999993,1.5000000000000009,4.8999999999999995,10.799999999999955,Nearest Neighbor with Euclidean distance <= 0.5°,0.0,0,NONE,DYNAMIC_HORIZON_SCALED,49.0
2025-07-22T00:00:00,2025-08-01 00:00:00,240,23.2599,77.4126,28.3,17.6,10.8,998.0,84.2,68.1,7.3,2.2,29.2,8.8,7.1,1010.0,0.8999999999999986,8.8,3.700000000000001,12.0,Nearest Neighbor with Euclidean distance <= 0.5°,0.0,0,NONE,DYNAMIC_HORIZON_SCALED,52.0
2025-07-22T00:00:00,2025-07-23 00:00:00,24,17.6868,83.2185,29.8,0.5,7.3,1008.8,56.4,70.6,1.45,0.4,29.9,1.4,7.3,1010.0,0.09999999999999787,0.8999999999999999,0.0,1.2000000000000455,Nearest Neighbor with Euclidean distance <= 0.5°,0.0,0,NONE,DYNAMIC_HORIZON_SCALED,25.0
2025-07-22T00:00:00,2025-07-24 00:00:00,48,17.6868,83.2185,29.7,1.2,5.2,1007.6,58.5,44.0,2.1,0.6,29.8,1.9,5.3,1010.0,0.10000000000000142,0.7,0.09999999999999964,2.3999999999999773,Nearest Neighbor with Euclidean distance <= 0.5°,0.0,0,NONE,DYNAMIC_HORIZON_SCALED,28.0
2025-07-22T00:00:00,2025-07-25 00:00:00,72,17.6868,83.2185,29.5,6.3,4.6,1006.4,73.8,35.8,2.75,0.8,29.7,6.0,4.8,1010.0,0.1999999999999993,0.2999999999999998,0.20000000000000018,3.6000000000000227,Nearest Neighbor with Euclidean distance <= 0.5°,0.0,0,NONE,DYNAMIC_HORIZON_SCALED,31.0
2025-07-22T00:00:00,2025-07-26 00:00:00,96,17.6868,83.2185,29.3,42.0,14.5,1005.2,84.8,55.5,3.8,2.4,29.7,8.9,6.2,1010.0,0.3999999999999986,33.1,8.3,4.7999999999999545,Nearest Neighbor with Euclidean distance <= 0.5°,0.0,0,NONE,DYNAMIC_HORIZON_SCALED,34.0
2025-07-22T00:00:00,2025-07-27 00:00:00,120,17.6868,83.2185,29.1,21.5,9.7,1004.0,78.7,80.4,4.05,1.2,25.5,73.0,18.5,1010.0,3.6000000000000014,51.5,8.8,6.0,Nearest Neighbor with Euclidean distance <= 0.5°,0.0,1,MODERATE,DYNAMIC_HORIZON_SCALED,37.0
2025-07-22T00:00:00,2025-07-28 00:00:00,144,17.6868,83.2185,29.0,22.0,6.5,1002.8,62.6,81.8,4.7,1.4,29.5,3.0,8.1,1010.0,0.5,19.0,1.5999999999999996,7.2000000000000455,Nearest Neighbor with Euclidean distance <= 0.5°,0.0,0,NONE,DYNAMIC_HORIZON_SCALED,40.0
2025-07-22T00:00:00,2025-07-29 00:00:00,168,17.6868,83.2185,28.8,14.4,5.0,1001.6,55.0,58.1,5.35,1.6,29.4,1.0,6.4,1010.0,0.5999999999999979,13.4,1.4000000000000004,8.399999999999977,Nearest Neighbor with Euclidean distance <= 0.5°,0.0,0,NONE,DYNAMIC_HORIZON_SCALED,43.0
2025-07-22T00:00:00,2025-07-30 00:00:00,192,17.6868,83.2185,28.6,7.5,6.9,1000.4,64.7,36.6,6.0,1.8,29.3,3.6,4.8,1010.0,0.6999999999999993,3.9,2.1000000000000005,9.600000000000023,Nearest Neighbor with Euclidean distance <= 0.5°,0.0,0,NONE,DYNAMIC_HORIZON_SCALED,46.0
2025-07-22T00:00:00,2025-07-31 00:00:00,216,17.6868,83.2185,28.5,9.3,10.1,999.2,80.4,42.1,6.65,2.0,29.2,7.8,5.2,1010.0,0.6999999999999993,1.5000000000000009,4.8999999999999995,10.799999999999955,Nearest Neighbor with Euclidean distance <= 0.5°,0.0,0,NONE,DYNAMIC_HORIZON_SCALED,49.0
2025-07-22T00:00:00,2025-08-01 00:00:00,240,17.6868,83.2185,28.3,17.6,10.8,998.0,84.2,68.1,7.3,2.2,29.2,8.8,7.1,1010.0,0.8999999999999986,8.8,3.700000000000001,12.0,Nearest Neighbor with Euclidean distance <= 0.5°,0.0,0,NONE,DYNAMIC_HORIZON_SCALED,52.0
2025-07-22T00:00:00,2025-07-23 00:00:00,24,25.5941,85.1376,31.8,0.5,7.3,1008.8,56.4,70.6,1.45,0.4,29.9,1.4,7.3,1010.0,1.9000000000000021,0.8999999999999999,0.0,1.2000000000000455,Nearest Neighbor with Euclidean distance <= 0.5°,0.0,0,NONE,DYNAMIC_HORIZON_SCALED,25.0
2025-07-22T00:00:00,2025-07-24 00:00:00,48,25.5941,85.1376,31.7,1.2,5.2,1007.6,58.5,44.0,2.1,0.6,29.8,1.9,5.3,1010.0,1.8999999999999986,0.7,0.09999999999999964,2.3999999999999773,Nearest Neighbor with Euclidean distance <= 0.5°,0.0,0,NONE,DYNAMIC_HORIZON_SCALED,28.0
2025-07-22T00:00:00,2025-07-25 00:00:00,72,25.5941,85.1376,31.5,6.3,4.6,1006.4,73.8,35.8,2.75,0.8,29.7,6.0,4.8,1010.0,1.8000000000000007,0.2999999999999998,0.20000000000000018,3.6000000000000227,Nearest Neighbor with Euclidean distance <= 0.5°,0.0,0,NONE,DYNAMIC_HORIZON_SCALED,31.0
2025-07-22T00:00:00,2025-07-26 00:00:00,96,25.5941,85.1376,31.3,42.0,14.5,1005.2,84.8,55.5,3.8,2.4,35.5,74.0,16.5,1010.0,4.199999999999999,32.0,2.0,4.7999999999999545,Nearest Neighbor with Euclidean distance <= 0.5°,0.0,0,NONE,DYNAMIC_HORIZON_SCALED,34.0
2025-07-22T00:00:00,2025-07-27 00:00:00,120,25.5941,85.1376,31.1,21.5,9.7,1004.0,78.7,80.4,4.05,1.2,25.5,68.0,16.5,1010.0,5.600000000000001,46.5,6.800000000000001,6.0,Nearest Neighbor with Euclidean distance <= 0.5°,0.0,1,MODERATE,DYNAMIC_HORIZON_SCALED,37.0
2025-07-22T00:00:00,2025-07-28 00:00:00,144,25.5941,85.1376,31.0,22.0,6.5,1002.8,62.6,81.8,4.7,1.4,29.5,3.0,8.1,1010.0,1.5,19.0,1.5999999999999996,7.2000000000000455,Nearest Neighbor with Euclidean distance <= 0.5°,0.0,0,NONE,DYNAMIC_HORIZON_SCALED,40.0
2025-07-22T00:00:00,2025-07-29 00:00:00,168,25.5941,85.1376,30.8,14.4,5.0,1001.6,55.0,58.1,5.35,1.6,29.4,1.0,6.4,1010.0,1.4000000000000021,13.4,1.4000000000000004,8.399999999999977,Nearest Neighbor with Euclidean distance <= 0.5°,0.0,0,NONE,DYNAMIC_HORIZON_SCALED,43.0
2025-07-22T00:00:00,2025-07-30 00:00:00,192,25.5941,85.1376,30.6,7.5,6.9,1000.4,64.7,36.6,6.0,1.8,35.5,70.0,18.5,1010.0,4.899999999999999,62.5,11.6,9.600000000000023,Nearest Neighbor with Euclidean distance <= 0.5°,0.0,1,MODERATE,DYNAMIC_HORIZON_SCALED,46.0
2025-07-22T00:00:00,2025-07-31 00:00:00,216,25.5941,85.1376,30.5,9.3,10.1,999.2,80.4,42.1,6.65,2.0,29.2,7.8,5.2,1010.0,1.3000000000000007,1.5000000000000009,4.8999999999999995,10.799999999999955,Nearest Neighbor with Euclidean distance <= 0.5°,0.0,0,NONE,DYNAMIC_HORIZON_SCALED,49.0
2025-07-22T00:00:00,2025-08-01 00:00:00,240,25.5941,85.1376,30.3,17.6,10.8,998.0,84.2,68.1,7.3,2.2,29.2,8.8,7.1,1010.0,1.1000000000000014,8.8,3.700000000000001,12.0,Nearest Neighbor with Euclidean distance <= 0.5°,0.0,0,NONE,DYNAMIC_HORIZON_SCALED,52.0
2025-07-22T00:00:00,2025-07-23 00:00:00,24,26.8467,80.9462,31.8,0.5,7.3,1008.8,56.4,70.6,1.45,0.4,29.9,1.4,7.3,1010.0,1.9000000000000021,0.8999999999999999,0.0,1.2000000000000455,Nearest Neighbor with Euclidean distance <= 0.5°,0.0,0,NONE,DYNAMIC_HORIZON_SCALED,25.0
2025-07-22T00:00:00,2025-07-24 00:00:00,48,26.8467,80.9462,31.7,1.2,5.2,1007.6,58.5,44.0,2.1,0.6,29.8,1.9,5.3,1010.0,1.8999999999999986,0.7,0.09999999999999964,2.3999999999999773,Nearest Neighbor with Euclidean distance <= 0.5°,0.0,0,NONE,DYNAMIC_HORIZON_SCALED,28.0
2025-07-22T00:00:00,2025-07-25 00:00:00,72,26.8467,80.9462,31.5,6.3,4.6,1006.4,73.8,35.8,2.75,0.8,29.7,6.0,4.8,1010.0,1.8000000000000007,0.2999999999999998,0.20000000000000018,3.6000000000000227,Nearest Neighbor with Euclidean distance <= 0.5°,0.0,0,NONE,DYNAMIC_HORIZON_SCALED,31.0
2025-07-22T00:00:00,2025-07-26 00:00:00,96,26.8467,80.9462,31.3,42.0,14.5,1005.2,84.8,55.5,3.8,2.4,29.7,8.9,6.2,1010.0,1.6000000000000014,33.1,8.3,4.7999999999999545,Nearest Neighbor with Euclidean distance <= 0.5°,0.0,0,NONE,DYNAMIC_HORIZON_SCALED,34.0
2025-07-22T00:00:00,2025-07-27 00:00:00,120,26.8467,80.9462,31.1,21.5,9.7,1004.0,78.7,80.4,4.05,1.2,35.5,82.0,18.5,1010.0,4.399999999999999,60.5,8.8,6.0,Nearest Neighbor with Euclidean distance <= 0.5°,0.0,1,SEVERE,DYNAMIC_HORIZON_SCALED,37.0
2025-07-22T00:00:00,2025-07-28 00:00:00,144,26.8467,80.9462,31.0,22.0,6.5,1002.8,62.6,81.8,4.7,1.4,29.5,3.0,8.1,1010.0,1.5,19.0,1.5999999999999996,7.2000000000000455,Nearest Neighbor with Euclidean distance <= 0.5°,0.0,0,NONE,DYNAMIC_HORIZON_SCALED,40.0
2025-07-22T00:00:00,2025-07-29 00:00:00,168,26.8467,80.9462,30.8,14.4,5.0,1001.6,55.0,58.1,5.35,1.6,29.4,1.0,6.4,1010.0,1.4000000000000021,13.4,1.4000000000000004,8.399999999999977,Nearest Neighbor with Euclidean distance <= 0.5°,0.0,0,NONE,DYNAMIC_HORIZON_SCALED,43.0
2025-07-22T00:00:00,2025-07-30 00:00:00,192,26.8467,80.9462,30.6,7.5,6.9,1000.4,64.7,36.6,6.0,1.8,29.3,3.6,4.8,1010.0,1.3000000000000007,3.9,2.1000000000000005,9.600000000000023,Nearest Neighbor with Euclidean distance <= 0.5°,0.0,0,NONE,DYNAMIC_HORIZON_SCALED,46.0
2025-07-22T00:00:00,2025-07-31 00:00:00,216,26.8467,80.9462,30.5,9.3,10.1,999.2,80.4,42.1,6.65,2.0,29.2,7.8,5.2,1010.0,1.3000000000000007,1.5000000000000009,4.8999999999999995,10.799999999999955,Nearest Neighbor with Euclidean distance <= 0.5°,0.0,0,NONE,DYNAMIC_HORIZON_SCALED,49.0
2025-07-22T00:00:00,2025-08-01 00:00:00,240,26.8467,80.9462,30.3,17.6,10.8,998.0,84.2,68.1,7.3,2.2,29.2,8.8,7.1,1010.0,1.1000000000000014,8.8,3.700000000000001,12.0,Nearest Neighbor with Euclidean distance <= 0.5°,0.0,0,NONE,DYNAMIC_HORIZON_SCALED,52.0
2025-07-22T00:00:00,2025-07-23 00:00:00,24,21.1458,79.0882,29.8,0.5,7.3,1008.8,56.4,70.6,1.45,0.4,29.9,1.4,7.3,1010.0,0.09999999999999787,0.8999999999999999,0.0,1.2000000000000455,Nearest Neighbor with Euclidean distance <= 0.5°,0.0,0,NONE,DYNAMIC_HORIZON_SCALED,25.0
2025-07-22T00:00:00,2025-07-24 00:00:00,48,21.1458,79.0882,29.7,1.2,5.2,1007.6,58.5,44.0,2.1,0.6,29.8,1.9,5.3,1010.0,0.10000000000000142,0.7,0.09999999999999964,2.3999999999999773,Nearest Neighbor with Euclidean distance <= 0.5°,0.0,0,NONE,DYNAMIC_HORIZON_SCALED,28.0
2025-07-22T00:00:00,2025-07-25 00:00:00,72,21.1458,79.0882,29.5,6.3,4.6,1006.4,73.8,35.8,2.75,0.8,29.7,6.0,4.8,1010.0,0.1999999999999993,0.2999999999999998,0.20000000000000018,3.6000000000000227,Nearest Neighbor with Euclidean distance <= 0.5°,0.0,0,NONE,DYNAMIC_HORIZON_SCALED,31.0
2025-07-22T00:00:00,2025-07-26 00:00:00,96,21.1458,79.0882,29.3,42.0,14.5,1005.2,84.8,55.5,3.8,2.4,35.5,69.0,17.5,1010.0,6.199999999999999,27.0,3.0,4.7999999999999545,Nearest Neighbor with Euclidean distance <= 0.5°,0.0,1,MODERATE,DYNAMIC_HORIZON_SCALED,34.0
2025-07-22T00:00:00,2025-07-27 00:00:00,120,21.1458,79.0882,29.1,21.5,9.7,1004.0,78.7,80.4,4.05,1.2,25.5,78.0,17.5,1010.0,3.6000000000000014,56.5,7.800000000000001,6.0,Nearest Neighbor with Euclidean distance <= 0.5°,0.0,1,SEVERE,DYNAMIC_HORIZON_SCALED,37.0
2025-07-22T00:00:00,2025-07-28 00:00:00,144,21.1458,79.0882,29.0,22.0,6.5,1002.8,62.6,81.8,4.7,1.4,29.5,3.0,8.1,1010.0,0.5,19.0,1.5999999999999996,7.2000000000000455,Nearest Neighbor with Euclidean distance <= 0.5°,0.0,0,NONE,DYNAMIC_HORIZON_SCALED,40.0
2025-07-22T00:00:00,2025-07-29 00:00:00,168,21.1458,79.0882,28.8,14.4,5.0,1001.6,55.0,58.1,5.35,1.6,29.4,1.0,6.4,1010.0,0.5999999999999979,13.4,1.4000000000000004,8.399999999999977,Nearest Neighbor with Euclidean distance <= 0.5°,0.0,0,NONE,DYNAMIC_HORIZON_SCALED,43.0
2025-07-22T00:00:00,2025-07-30 00:00:00,192,21.1458,79.0882,28.6,7.5,6.9,1000.4,64.7,36.6,6.0,1.8,29.3,3.6,4.8,1010.0,0.6999999999999993,3.9,2.1000000000000005,9.600000000000023,Nearest Neighbor with Euclidean distance <= 0.5°,0.0,0,NONE,DYNAMIC_HORIZON_SCALED,46.0
2025-07-22T00:00:00,2025-07-31 00:00:00,216,21.1458,79.0882,28.5,9.3,10.1,999.2,80.4,42.1,6.65,2.0,29.2,7.8,5.2,1010.0,0.6999999999999993,1.5000000000000009,4.8999999999999995,10.799999999999955,Nearest Neighbor with Euclidean distance <= 0.5°,0.0,0,NONE,DYNAMIC_HORIZON_SCALED,49.0
2025-07-22T00:00:00,2025-08-01 00:00:00,240,21.1458,79.0882,28.3,17.6,10.8,998.0,84.2,68.1,7.3,2.2,29.2,8.8,7.1,1010.0,0.8999999999999986,8.8,3.700000000000001,12.0,Nearest Neighbor with Euclidean distance <= 0.5°,0.0,0,NONE,DYNAMIC_HORIZON_SCALED,52.0
2025-07-22T00:00:00,2025-07-23 00:00:00,24,30.3165,78.0322,19.8,0.5,7.3,948.8,56.4,70.6,1.45,0.4,19.9,1.4,7.3,950.0,0.09999999999999787,0.8999999999999999,0.0,1.2000000000000455,Nearest Neighbor with Euclidean distance <= 0.5°,0.0,0,NONE,DYNAMIC_HORIZON_SCALED,25.0
2025-07-22T00:00:00,2025-07-24 00:00:00,48,30.3165,78.0322,19.7,1.2,5.2,947.6,58.5,44.0,2.1,0.6,19.8,1.9,5.3,950.0,0.10000000000000142,0.7,0.09999999999999964,2.3999999999999773,Nearest Neighbor with Euclidean distance <= 0.5°,0.0,0,NONE,DYNAMIC_HORIZON_SCALED,28.0
2025-07-22T00:00:00,2025-07-25 00:00:00,72,30.3165,78.0322,19.5,6.3,4.6,946.4,73.8,35.8,2.75,0.8,19.7,6.0,4.8,950.0,0.1999999999999993,0.2999999999999998,0.20000000000000018,3.6000000000000227,Nearest Neighbor with Euclidean distance <= 0.5°,0.0,0,NONE,DYNAMIC_HORIZON_SCALED,31.0
2025-07-22T00:00:00,2025-07-26 00:00:00,96,30.3165,78.0322,19.3,42.0,14.5,945.2,84.8,55.5,3.8,2.4,25.5,75.0,17.5,950.0,6.199999999999999,33.0,3.0,4.7999999999999545,Nearest Neighbor with Euclidean distance <= 0.5°,0.0,1,MODERATE,DYNAMIC_HORIZON_SCALED,34.0
2025-07-22T00:00:00,2025-07-27 00:00:00,120,30.3165,78.0322,19.1,21.5,9.7,944.0,78.7,80.4,4.05,1.2,15.5,69.0,17.5,950.0,3.6000000000000014,47.5,7.800000000000001,6.0,Nearest Neighbor with Euclidean distance <= 0.5°,0.0,1,MODERATE,DYNAMIC_HORIZON_SCALED,37.0
2025-07-22T00:00:00,2025-07-28 00:00:00,144,30.3165,78.0322,19.0,22.0,6.5,942.8,62.6,81.8,4.7,1.4,19.5,3.0,8.1,950.0,0.5,19.0,1.5999999999999996,7.2000000000000455,Nearest Neighbor with Euclidean distance <= 0.5°,0.0,0,NONE,DYNAMIC_HORIZON_SCALED,40.0
2025-07-22T00:00:00,2025-07-29 00:00:00,168,30.3165,78.0322,18.8,14.4,5.0,941.6,55.0,58.1,5.35,1.6,19.4,1.0,6.4,950.0,0.5999999999999979,13.4,1.4000000000000004,8.399999999999977,Nearest Neighbor with Euclidean distance <= 0.5°,0.0,0,NONE,DYNAMIC_HORIZON_SCALED,43.0
2025-07-22T00:00:00,2025-07-30 00:00:00,192,30.3165,78.0322,18.6,7.5,6.9,940.4,64.7,36.6,6.0,1.8,25.5,71.0,19.5,950.0,6.899999999999999,63.5,12.6,9.600000000000023,Nearest Neighbor with Euclidean distance <= 0.5°,0.0,1,MODERATE,DYNAMIC_HORIZON_SCALED,46.0
2025-07-22T00:00:00,2025-07-31 00:00:00,216,30.3165,78.0322,18.5,9.3,10.1,939.2,80.4,42.1,6.65,2.0,19.2,7.8,5.2,950.0,0.6999999999999993,1.5000000000000009,4.8999999999999995,10.799999999999955,Nearest Neighbor with Euclidean distance <= 0.5°,0.0,0,NONE,DYNAMIC_HORIZON_SCALED,49.0
2025-07-22T00:00:00,2025-08-01 00:00:00,240,30.3165,78.0322,18.3,17.6,10.8,938.0,84.2,68.1,7.3,2.2,19.2,8.8,7.1,950.0,0.8999999999999986,8.8,3.700000000000001,12.0,Nearest Neighbor with Euclidean distance <= 0.5°,0.0,0,NONE,DYNAMIC_HORIZON_SCALED,52.0
2025-07-22T00:00:00,2025-07-23 00:00:00,24,23.3441,85.3096,31.8,0.5,7.3,1008.8,56.4,70.6,1.45,0.4,29.9,1.4,7.3,1010.0,1.9000000000000021,0.8999999999999999,0.0,1.2000000000000455,Nearest Neighbor with Euclidean distance <= 0.5°,0.0,0,NONE,DYNAMIC_HORIZON_SCALED,25.0
2025-07-22T00:00:00,2025-07-24 00:00:00,48,23.3441,85.3096,31.7,1.2,5.2,1007.6,58.5,44.0,2.1,0.6,29.8,1.9,5.3,1010.0,1.8999999999999986,0.7,0.09999999999999964,2.3999999999999773,Nearest Neighbor with Euclidean distance <= 0.5°,0.0,0,NONE,DYNAMIC_HORIZON_SCALED,28.0
2025-07-22T00:00:00,2025-07-25 00:00:00,72,23.3441,85.3096,31.5,6.3,4.6,1006.4,73.8,35.8,2.75,0.8,29.7,6.0,4.8,1010.0,1.8000000000000007,0.2999999999999998,0.20000000000000018,3.6000000000000227,Nearest Neighbor with Euclidean distance <= 0.5°,0.0,0,NONE,DYNAMIC_HORIZON_SCALED,31.0
2025-07-22T00:00:00,2025-07-26 00:00:00,96,23.3441,85.3096,31.3,42.0,14.5,1005.2,84.8,55.5,3.8,2.4,29.7,8.9,6.2,1010.0,1.6000000000000014,33.1,8.3,4.7999999999999545,Nearest Neighbor with Euclidean distance <= 0.5°,0.0,0,NONE,DYNAMIC_HORIZON_SCALED,34.0
2025-07-22T00:00:00,2025-07-27 00:00:00,120,23.3441,85.3096,31.1,21.5,9.7,1004.0,78.7,80.4,4.05,1.2,35.5,75.0,17.5,1010.0,4.399999999999999,53.5,7.800000000000001,6.0,Nearest Neighbor with Euclidean distance <= 0.5°,0.0,1,MODERATE,DYNAMIC_HORIZON_SCALED,37.0
2025-07-22T00:00:00,2025-07-28 00:00:00,144,23.3441,85.3096,31.0,22.0,6.5,1002.8,62.6,81.8,4.7,1.4,29.5,3.0,8.1,1010.0,1.5,19.0,1.5999999999999996,7.2000000000000455,Nearest Neighbor with Euclidean distance <= 0.5°,0.0,0,NONE,DYNAMIC_HORIZON_SCALED,40.0
2025-07-22T00:00:00,2025-07-29 00:00:00,168,23.3441,85.3096,30.8,14.4,5.0,1001.6,55.0,58.1,5.35,1.6,29.4,1.0,6.4,1010.0,1.4000000000000021,13.4,1.4000000000000004,8.399999999999977,Nearest Neighbor with Euclidean distance <= 0.5°,0.0,0,NONE,DYNAMIC_HORIZON_SCALED,43.0
2025-07-22T00:00:00,2025-07-30 00:00:00,192,23.3441,85.3096,30.6,7.5,6.9,1000.4,64.7,36.6,6.0,1.8,29.3,3.6,4.8,1010.0,1.3000000000000007,3.9,2.1000000000000005,9.600000000000023,Nearest Neighbor with Euclidean distance <= 0.5°,0.0,0,NONE,DYNAMIC_HORIZON_SCALED,46.0
2025-07-22T00:00:00,2025-07-31 00:00:00,216,23.3441,85.3096,30.5,9.3,10.1,999.2,80.4,42.1,6.65,2.0,29.2,7.8,5.2,1010.0,1.3000000000000007,1.5000000000000009,4.8999999999999995,10.799999999999955,Nearest Neighbor with Euclidean distance <= 0.5°,0.0,0,NONE,DYNAMIC_HORIZON_SCALED,49.0
2025-07-22T00:00:00,2025-08-01 00:00:00,240,23.3441,85.3096,30.3,17.6,10.8,998.0,84.2,68.1,7.3,2.2,29.2,8.8,7.1,1010.0,1.1000000000000014,8.8,3.700000000000001,12.0,Nearest Neighbor with Euclidean distance <= 0.5°,0.0,0,NONE,DYNAMIC_HORIZON_SCALED,52.0
2025-07-22T00:00:00,2025-07-23 00:00:00,24,30.7333,76.7794,19.8,0.5,7.3,948.8,56.4,70.6,1.45,0.4,19.9,1.4,7.3,950.0,0.09999999999999787,0.8999999999999999,0.0,1.2000000000000455,Nearest Neighbor with Euclidean distance <= 0.5°,0.0,0,NONE,DYNAMIC_HORIZON_SCALED,25.0
2025-07-22T00:00:00,2025-07-24 00:00:00,48,30.7333,76.7794,19.7,1.2,5.2,947.6,58.5,44.0,2.1,0.6,19.8,1.9,5.3,950.0,0.10000000000000142,0.7,0.09999999999999964,2.3999999999999773,Nearest Neighbor with Euclidean distance <= 0.5°,0.0,0,NONE,DYNAMIC_HORIZON_SCALED,28.0
2025-07-22T00:00:00,2025-07-25 00:00:00,72,30.7333,76.7794,19.5,6.3,4.6,946.4,73.8,35.8,2.75,0.8,19.7,6.0,4.8,950.0,0.1999999999999993,0.2999999999999998,0.20000000000000018,3.6000000000000227,Nearest Neighbor with Euclidean distance <= 0.5°,0.0,0,NONE,DYNAMIC_HORIZON_SCALED,31.0
2025-07-22T00:00:00,2025-07-26 00:00:00,96,30.7333,76.7794,19.3,42.0,14.5,945.2,84.8,55.5,3.8,2.4,19.7,8.9,6.2,950.0,0.3999999999999986,33.1,8.3,4.7999999999999545,Nearest Neighbor with Euclidean distance <= 0.5°,0.0,0,NONE,DYNAMIC_HORIZON_SCALED,34.0
2025-07-22T00:00:00,2025-07-27 00:00:00,120,30.7333,76.7794,19.1,21.5,9.7,944.0,78.7,80.4,4.05,1.2,19.6,7.3,8.0,950.0,0.5,14.2,1.6999999999999993,6.0,Nearest Neighbor with Euclidean distance <= 0.5°,0.0,0,NONE,DYNAMIC_HORIZON_SCALED,37.0
2025-07-22T00:00:00,2025-07-28 00:00:00,144,30.7333,76.7794,19.0,22.0,6.5,942.8,62.6,81.8,4.7,1.4,19.5,3.0,8.1,950.0,0.5,19.0,1.5999999999999996,7.2000000000000455,Nearest Neighbor with Euclidean distance <= 0.5°,0.0,0,NONE,DYNAMIC_HORIZON_SCALED,40.0
2025-07-22T00:00:00,2025-07-29 00:00:00,168,30.7333,76.7794,18.8,14.4,5.0,941.6,55.0,58.1,5.35,1.6,25.5,77.0,19.5,950.0,6.699999999999999,62.6,14.5,8.399999999999977,Nearest Neighbor with Euclidean distance <= 0.5°,0.0,1,MODERATE,DYNAMIC_HORIZON_SCALED,43.0
2025-07-22T00:00:00,2025-07-30 00:00:00,192,30.7333,76.7794,18.6,7.5,6.9,940.4,64.7,36.6,6.0,1.8,19.3,3.6,4.8,950.0,0.6999999999999993,3.9,2.1000000000000005,9.600000000000023,Nearest Neighbor with Euclidean distance <= 0.5°,0.0,0,NONE,DYNAMIC_HORIZON_SCALED,46.0
2025-07-22T00:00:00,2025-07-31 00:00:00,216,30.7333,76.7794,18.5,9.3,10.1,939.2,80.4,42.1,6.65,2.0,19.2,7.8,5.2,950.0,0.6999999999999993,1.5000000000000009,4.8999999999999995,10.799999999999955,Nearest Neighbor with Euclidean distance <= 0.5°,0.0,0,NONE,DYNAMIC_HORIZON_SCALED,49.0
2025-07-22T00:00:00,2025-08-01 00:00:00,240,30.7333,76.7794,18.3,17.6,10.8,938.0,84.2,68.1,7.3,2.2,19.2,8.8,7.1,950.0,0.8999999999999986,8.8,3.700000000000001,12.0,Nearest Neighbor with Euclidean distance <= 0.5°,0.0,0,NONE,DYNAMIC_HORIZON_SCALED,52.0
2025-07-22T00:00:00,2025-07-23 00:00:00,24,15.4909,73.8278,29.8,0.5,7.3,1008.8,56.4,70.6,1.45,0.4,29.9,1.4,7.3,1010.0,0.09999999999999787,0.8999999999999999,0.0,1.2000000000000455,Nearest Neighbor with Euclidean distance <= 0.5°,0.0,0,NONE,DYNAMIC_HORIZON_SCALED,25.0
2025-07-22T00:00:00,2025-07-24 00:00:00,48,15.4909,73.8278,29.7,1.2,5.2,1007.6,58.5,44.0,2.1,0.6,29.8,1.9,5.3,1010.0,0.10000000000000142,0.7,0.09999999999999964,2.3999999999999773,Nearest Neighbor with Euclidean distance <= 0.5°,0.0,0,NONE,DYNAMIC_HORIZON_SCALED,28.0
2025-07-22T00:00:00,2025-07-25 00:00:00,72,15.4909,73.8278,29.5,6.3,4.6,1006.4,73.8,35.8,2.75,0.8,29.7,6.0,4.8,1010.0,0.1999999999999993,0.2999999999999998,0.20000000000000018,3.6000000000000227,Nearest Neighbor with Euclidean distance <= 0.5°,0.0,0,NONE,DYNAMIC_HORIZON_SCALED,31.0
2025-07-22T00:00:00,2025-07-26 00:00:00,96,15.4909,73.8278,29.3,42.0,14.5,1005.2,84.8,55.5,3.8,2.4,29.7,8.9,6.2,1010.0,0.3999999999999986,33.1,8.3,4.7999999999999545,Nearest Neighbor with Euclidean distance <= 0.5°,0.0,0,NONE,DYNAMIC_HORIZON_SCALED,34.0
2025-07-22T00:00:00,2025-07-27 00:00:00,120,15.4909,73.8278,29.1,21.5,9.7,1004.0,78.7,80.4,4.05,1.2,35.5,75.0,17.5,1010.0,6.399999999999999,53.5,7.800000000000001,6.0,Nearest Neighbor with Euclidean distance <= 0.5°,0.0,1,MODERATE,DYNAMIC_HORIZON_SCALED,37.0
2025-07-22T00:00:00,2025-07-28 00:00:00,144,15.4909,73.8278,29.0,22.0,6.5,1002.8,62.6,81.8,4.7,1.4,29.5,3.0,8.1,1010.0,0.5,19.0,1.5999999999999996,7.2000000000000455,Nearest Neighbor with Euclidean distance <= 0.5°,0.0,0,NONE,DYNAMIC_HORIZON_SCALED,40.0
2025-07-22T00:00:00,2025-07-29 00:00:00,168,15.4909,73.8278,28.8,14.4,5.0,1001.6,55.0,58.1,5.35,1.6,29.4,1.0,6.4,1010.0,0.5999999999999979,13.4,1.4000000000000004,8.399999999999977,Nearest Neighbor with Euclidean distance <= 0.5°,0.0,0,NONE,DYNAMIC_HORIZON_SCALED,43.0
2025-07-22T00:00:00,2025-07-30 00:00:00,192,15.4909,73.8278,28.6,7.5,6.9,1000.4,64.7,36.6,6.0,1.8,29.3,3.6,4.8,1010.0,0.6999999999999993,3.9,2.1000000000000005,9.600000000000023,Nearest Neighbor with Euclidean distance <= 0.5°,0.0,0,NONE,DYNAMIC_HORIZON_SCALED,46.0
2025-07-22T00:00:00,2025-07-31 00:00:00,216,15.4909,73.8278,28.5,9.3,10.1,999.2,80.4,42.1,6.65,2.0,29.2,7.8,5.2,1010.0,0.6999999999999993,1.5000000000000009,4.8999999999999995,10.799999999999955,Nearest Neighbor with Euclidean distance <= 0.5°,0.0,0,NONE,DYNAMIC_HORIZON_SCALED,49.0
2025-07-22T00:00:00,2025-08-01 00:00:00,240,15.4909,73.8278,28.3,17.6,10.8,998.0,84.2,68.1,7.3,2.2,29.2,8.8,7.1,1010.0,0.8999999999999986,8.8,3.700000000000001,12.0,Nearest Neighbor with Euclidean distance <= 0.5°,0.0,0,NONE,DYNAMIC_HORIZON_SCALED,52.0
2025-07-22T00:00:00,2025-07-23 00:00:00,24,25.5788,91.8933,29.8,0.5,7.3,1008.8,56.4,70.6,1.45,0.4,29.9,1.4,7.3,1010.0,0.09999999999999787,0.8999999999999999,0.0,1.2000000000000455,Nearest Neighbor with Euclidean distance <= 0.5°,0.0,0,NONE,DYNAMIC_HORIZON_SCALED,25.0
2025-07-22T00:00:00,2025-07-24 00:00:00,48,25.5788,91.8933,29.7,1.2,5.2,1007.6,58.5,44.0,2.1,0.6,29.8,1.9,5.3,1010.0,0.10000000000000142,0.7,0.09999999999999964,2.3999999999999773,Nearest Neighbor with Euclidean distance <= 0.5°,0.0,0,NONE,DYNAMIC_HORIZON_SCALED,28.0
2025-07-22T00:00:00,2025-07-25 00:00:00,72,25.5788,91.8933,29.5,6.3,4.6,1006.4,73.8,35.8,2.75,0.8,29.7,6.0,4.8,1010.0,0.1999999999999993,0.2999999999999998,0.20000000000000018,3.6000000000000227,Nearest Neighbor with Euclidean distance <= 0.5°,0.0,0,NONE,DYNAMIC_HORIZON_SCALED,31.0
2025-07-22T00:00:00,2025-07-26 00:00:00,96,25.5788,91.8933,29.3,42.0,14.5,1005.2,84.8,55.5,3.8,2.4,29.7,8.9,6.2,1010.0,0.3999999999999986,33.1,8.3,4.7999999999999545,Nearest Neighbor with Euclidean distance <= 0.5°,0.0,0,NONE,DYNAMIC_HORIZON_SCALED,34.0
2025-07-22T00:00:00,2025-07-27 00:00:00,120,25.5788,91.8933,29.1,21.5,9.7,1004.0,78.7,80.4,4.05,1.2,29.6,7.3,8.0,1010.0,0.5,14.2,1.6999999999999993,6.0,Nearest Neighbor with Euclidean distance <= 0.5°,0.0,0,NONE,DYNAMIC_HORIZON_SCALED,37.0
2025-07-22T00:00:00,2025-07-28 00:00:00,144,25.5788,91.8933,29.0,22.0,6.5,1002.8,62.6,81.8,4.7,1.4,29.5,3.0,8.1,1010.0,0.5,19.0,1.5999999999999996,7.2000000000000455,Nearest Neighbor with Euclidean distance <= 0.5°,0.0,0,NONE,DYNAMIC_HORIZON_SCALED,40.0
2025-07-22T00:00:00,2025-07-29 00:00:00,168,25.5788,91.8933,28.8,14.4,5.0,1001.6,55.0,58.1,5.35,1.6,29.4,1.0,6.4,1010.0,0.5999999999999979,13.4,1.4000000000000004,8.399999999999977,Nearest Neighbor with Euclidean distance <= 0.5°,0.0,0,NONE,DYNAMIC_HORIZON_SCALED,43.0
2025-07-22T00:00:00,2025-07-30 00:00:00,192,25.5788,91.8933,28.6,7.5,6.9,1000.4,64.7,36.6,6.0,1.8,29.3,3.6,4.8,1010.0,0.6999999999999993,3.9,2.1000000000000005,9.600000000000023,Nearest Neighbor with Euclidean distance <= 0.5°,0.0,0,NONE,DYNAMIC_HORIZON_SCALED,46.0
2025-07-22T00:00:00,2025-07-31 00:00:00,216,25.5788,91.8933,28.5,9.3,10.1,999.2,80.4,42.1,6.65,2.0,29.2,7.8,5.2,1010.0,0.6999999999999993,1.5000000000000009,4.8999999999999995,10.799999999999955,Nearest Neighbor with Euclidean distance <= 0.5°,0.0,0,NONE,DYNAMIC_HORIZON_SCALED,49.0
2025-07-22T00:00:00,2025-08-01 00:00:00,240,25.5788,91.8933,28.3,17.6,10.8,998.0,84.2,68.1,7.3,2.2,29.2,8.8,7.1,1010.0,0.8999999999999986,8.8,3.700000000000001,12.0,Nearest Neighbor with Euclidean distance <= 0.5°,0.0,0,NONE,DYNAMIC_HORIZON_SCALED,52.0
2026-02-10T00:00:00,2026-02-11 00:00:00,24,18.5204,73.8567,29.8,0.5,7.3,1008.8,56.4,70.6,1.45,0.4,29.9,1.4,7.3,1010.0,0.09999999999999787,0.8999999999999999,0.0,1.2000000000000455,Nearest Neighbor with Euclidean distance <= 0.5°,0.0,0,NONE,DYNAMIC_HORIZON_SCALED,25.0
2026-02-10T00:00:00,2026-02-12 00:00:00,48,18.5204,73.8567,29.7,1.2,5.2,1007.6,58.5,44.0,2.1,0.6,29.8,1.9,5.3,1010.0,0.10000000000000142,0.7,0.09999999999999964,2.3999999999999773,Nearest Neighbor with Euclidean distance <= 0.5°,0.0,0,NONE,DYNAMIC_HORIZON_SCALED,28.0
2026-02-10T00:00:00,2026-02-13 00:00:00,72,18.5204,73.8567,29.5,6.3,4.6,1006.4,73.8,35.8,2.75,0.8,29.7,6.0,4.8,1010.0,0.1999999999999993,0.2999999999999998,0.20000000000000018,3.6000000000000227,Nearest Neighbor with Euclidean distance <= 0.5°,0.0,0,NONE,DYNAMIC_HORIZON_SCALED,31.0
2026-02-10T00:00:00,2026-02-14 00:00:00,96,18.5204,73.8567,29.3,42.0,14.5,1005.2,84.8,55.5,3.8,2.4,29.7,8.9,6.2,1010.0,0.3999999999999986,33.1,8.3,4.7999999999999545,Nearest Neighbor with Euclidean distance <= 0.5°,0.0,0,NONE,DYNAMIC_HORIZON_SCALED,34.0
2026-02-10T00:00:00,2026-02-15 00:00:00,120,18.5204,73.8567,29.1,21.5,9.7,1004.0,78.7,80.4,4.05,1.2,35.5,78.0,20.5,1010.0,6.399999999999999,56.5,10.8,6.0,Nearest Neighbor with Euclidean distance <= 0.5°,0.0,1,SEVERE,DYNAMIC_HORIZON_SCALED,37.0
2026-02-10T00:00:00,2026-02-16 00:00:00,144,18.5204,73.8567,29.0,22.0,6.5,1002.8,62.6,81.8,4.7,1.4,29.5,3.0,8.1,1010.0,0.5,19.0,1.5999999999999996,7.2000000000000455,Nearest Neighbor with Euclidean distance <= 0.5°,0.0,0,NONE,DYNAMIC_HORIZON_SCALED,40.0
2026-02-10T00:00:00,2026-02-17 00:00:00,168,18.5204,73.8567,28.8,14.4,5.0,1001.6,55.0,58.1,5.35,1.6,29.4,1.0,6.4,1010.0,0.5999999999999979,13.4,1.4000000000000004,8.399999999999977,Nearest Neighbor with Euclidean distance <= 0.5°,0.0,0,NONE,DYNAMIC_HORIZON_SCALED,43.0
2026-02-10T00:00:00,2026-02-18 00:00:00,192,18.5204,73.8567,28.6,7.5,6.9,1000.4,64.7,36.6,6.0,1.8,29.3,3.6,4.8,1010.0,0.6999999999999993,3.9,2.1000000000000005,9.600000000000023,Nearest Neighbor with Euclidean distance <= 0.5°,0.0,0,NONE,DYNAMIC_HORIZON_SCALED,46.0
2026-02-10T00:00:00,2026-02-19 00:00:00,216,18.5204,73.8567,28.5,9.3,10.1,999.2,80.4,42.1,6.65,2.0,29.2,7.8,5.2,1010.0,0.6999999999999993,1.5000000000000009,4.8999999999999995,10.799999999999955,Nearest Neighbor with Euclidean distance <= 0.5°,0.0,0,NONE,DYNAMIC_HORIZON_SCALED,49.0
2026-02-10T00:00:00,2026-02-20 00:00:00,240,18.5204,73.8567,28.3,17.6,10.8,998.0,84.2,68.1,7.3,2.2,29.2,8.8,7.1,1010.0,0.8999999999999986,8.8,3.700000000000001,12.0,Nearest Neighbor with Euclidean distance <= 0.5°,0.0,0,NONE,DYNAMIC_HORIZON_SCALED,52.0
2026-02-10T00:00:00,2026-02-11 00:00:00,24,28.6139,77.209,29.8,0.5,7.3,1008.8,56.4,70.6,1.45,0.4,29.9,1.4,7.3,1010.0,0.09999999999999787,0.8999999999999999,0.0,1.2000000000000455,Nearest Neighbor with Euclidean distance <= 0.5°,0.0,0,NONE,DYNAMIC_HORIZON_SCALED,25.0
2026-02-10T00:00:00,2026-02-12 00:00:00,48,28.6139,77.209,29.7,1.2,5.2,1007.6,58.5,44.0,2.1,0.6,29.8,1.9,5.3,1010.0,0.10000000000000142,0.7,0.09999999999999964,2.3999999999999773,Nearest Neighbor with Euclidean distance <= 0.5°,0.0,0,NONE,DYNAMIC_HORIZON_SCALED,28.0
2026-02-10T00:00:00,2026-02-13 00:00:00,72,28.6139,77.209,29.5,6.3,4.6,1006.4,73.8,35.8,2.75,0.8,29.7,6.0,4.8,1010.0,0.1999999999999993,0.2999999999999998,0.20000000000000018,3.6000000000000227,Nearest Neighbor with Euclidean distance <= 0.5°,0.0,0,NONE,DYNAMIC_HORIZON_SCALED,31.0
2026-02-10T00:00:00,2026-02-14 00:00:00,96,28.6139,77.209,29.3,42.0,14.5,1005.2,84.8,55.5,3.8,2.4,25.5,82.0,21.5,1010.0,3.8000000000000007,40.0,7.0,4.7999999999999545,Nearest Neighbor with Euclidean distance <= 0.5°,0.0,1,MODERATE,DYNAMIC_HORIZON_SCALED,34.0
2026-02-10T00:00:00,2026-02-15 00:00:00,120,28.6139,77.209,29.1,21.5,9.7,1004.0,78.7,80.4,4.05,1.2,29.6,7.3,8.0,1010.0,0.5,14.2,1.6999999999999993,6.0,Nearest Neighbor with Euclidean distance <= 0.5°,0.0,0,NONE,DYNAMIC_HORIZON_SCALED,37.0
2026-02-10T00:00:00,2026-02-16 00:00:00,144,28.6139,77.209,29.0,22.0,6.5,1002.8,62.6,81.8,4.7,1.4,29.5,3.0,8.1,1010.0,0.5,19.0,1.5999999999999996,7.2000000000000455,Nearest Neighbor with Euclidean distance <= 0.5°,0.0,0,NONE,DYNAMIC_HORIZON_SCALED,40.0
2026-02-10T00:00:00,2026-02-17 00:00:00,168,28.6139,77.209,28.8,14.4,5.0,1001.6,55.0,58.1,5.35,1.6,35.5,69.0,17.5,1010.0,6.699999999999999,54.6,12.5,8.399999999999977,Nearest Neighbor with Euclidean distance <= 0.5°,0.0,1,MODERATE,DYNAMIC_HORIZON_SCALED,43.0
2026-02-10T00:00:00,2026-02-18 00:00:00,192,28.6139,77.209,28.6,7.5,6.9,1000.4,64.7,36.6,6.0,1.8,25.5,78.0,17.5,1010.0,3.1000000000000014,70.5,10.6,9.600000000000023,Nearest Neighbor with Euclidean distance <= 0.5°,0.0,1,SEVERE,DYNAMIC_HORIZON_SCALED,46.0
2026-02-10T00:00:00,2026-02-19 00:00:00,216,28.6139,77.209,28.5,9.3,10.1,999.2,80.4,42.1,6.65,2.0,29.2,7.8,5.2,1010.0,0.6999999999999993,1.5000000000000009,4.8999999999999995,10.799999999999955,Nearest Neighbor with Euclidean distance <= 0.5°,0.0,0,NONE,DYNAMIC_HORIZON_SCALED,49.0
2026-02-10T00:00:00,2026-02-20 00:00:00,240,28.6139,77.209,28.3,17.6,10.8,998.0,84.2,68.1,7.3,2.2,29.2,8.8,7.1,1010.0,0.8999999999999986,8.8,3.700000000000001,12.0,Nearest Neighbor with Euclidean distance <= 0.5°,0.0,0,NONE,DYNAMIC_HORIZON_SCALED,52.0
2026-02-10T00:00:00,2026-02-11 00:00:00,24,28.5355,77.391,29.8,0.5,7.3,1008.8,56.4,70.6,1.45,0.4,29.9,1.4,7.3,1010.0,0.09999999999999787,0.8999999999999999,0.0,1.2000000000000455,Nearest Neighbor with Euclidean distance <= 0.5°,0.0,0,NONE,DYNAMIC_HORIZON_SCALED,25.0
2026-02-10T00:00:00,2026-02-12 00:00:00,48,28.5355,77.391,29.7,1.2,5.2,1007.6,58.5,44.0,2.1,0.6,29.8,1.9,5.3,1010.0,0.10000000000000142,0.7,0.09999999999999964,2.3999999999999773,Nearest Neighbor with Euclidean distance <= 0.5°,0.0,0,NONE,DYNAMIC_HORIZON_SCALED,28.0
2026-02-10T00:00:00,2026-02-13 00:00:00,72,28.5355,77.391,29.5,6.3,4.6,1006.4,73.8,35.8,2.75,0.8,29.7,6.0,4.8,1010.0,0.1999999999999993,0.2999999999999998,0.20000000000000018,3.6000000000000227,Nearest Neighbor with Euclidean distance <= 0.5°,0.0,0,NONE,DYNAMIC_HORIZON_SCALED,31.0
2026-02-10T00:00:00,2026-02-14 00:00:00,96,28.5355,77.391,29.3,42.0,14.5,1005.2,84.8,55.5,3.8,2.4,25.5,76.0,21.5,1010.0,3.8000000000000007,34.0,7.0,4.7999999999999545,Nearest Neighbor with Euclidean distance <= 0.5°,0.0,0,NONE,DYNAMIC_HORIZON_SCALED,34.0
2026-02-10T00:00:00,2026-02-15 00:00:00,120,28.5355,77.391,29.1,21.5,9.7,1004.0,78.7,80.4,4.05,1.2,29.6,7.3,8.0,1010.0,0.5,14.2,1.6999999999999993,6.0,Nearest Neighbor with Euclidean distance <= 0.5°,0.0,0,NONE,DYNAMIC_HORIZON_SCALED,37.0
2026-02-10T00:00:00,2026-02-16 00:00:00,144,28.5355,77.391,29.0,22.0,6.5,1002.8,62.6,81.8,4.7,1.4,29.5,3.0,8.1,1010.0,0.5,19.0,1.5999999999999996,7.2000000000000455,Nearest Neighbor with Euclidean distance <= 0.5°,0.0,0,NONE,DYNAMIC_HORIZON_SCALED,40.0
2026-02-10T00:00:00,2026-02-17 00:00:00,168,28.5355,77.391,28.8,14.4,5.0,1001.6,55.0,58.1,5.35,1.6,29.4,1.0,6.4,1010.0,0.5999999999999979,13.4,1.4000000000000004,8.399999999999977,Nearest Neighbor with Euclidean distance <= 0.5°,0.0,0,NONE,DYNAMIC_HORIZON_SCALED,43.0
2026-02-10T00:00:00,2026-02-18 00:00:00,192,28.5355,77.391,28.6,7.5,6.9,1000.4,64.7,36.6,6.0,1.8,25.5,72.0,17.5,1010.0,3.1000000000000014,64.5,10.6,9.600000000000023,Nearest Neighbor with Euclidean distance <= 0.5°,0.0,1,MODERATE,DYNAMIC_HORIZON_SCALED,46.0
2026-02-10T00:00:00,2026-02-19 00:00:00,216,28.5355,77.391,28.5,9.3,10.1,999.2,80.4,42.1,6.65,2.0,29.2,7.8,5.2,1010.0,0.6999999999999993,1.5000000000000009,4.8999999999999995,10.799999999999955,Nearest Neighbor with Euclidean distance <= 0.5°,0.0,0,NONE,DYNAMIC_HORIZON_SCALED,49.0
2026-02-10T00:00:00,2026-02-20 00:00:00,240,28.5355,77.391,28.3,17.6,10.8,998.0,84.2,68.1,7.3,2.2,29.2,8.8,7.1,1010.0,0.8999999999999986,8.8,3.700000000000001,12.0,Nearest Neighbor with Euclidean distance <= 0.5°,0.0,0,NONE,DYNAMIC_HORIZON_SCALED,52.0
2026-02-10T00:00:00,2026-02-11 00:00:00,24,19.076,72.8777,31.8,0.5,7.3,1008.8,56.4,70.6,1.45,0.4,29.9,1.4,7.3,1010.0,1.9000000000000021,0.8999999999999999,0.0,1.2000000000000455,Nearest Neighbor with Euclidean distance <= 0.5°,0.0,0,NONE,DYNAMIC_HORIZON_SCALED,25.0
2026-02-10T00:00:00,2026-02-12 00:00:00,48,19.076,72.8777,31.7,1.2,5.2,1007.6,58.5,44.0,2.1,0.6,29.8,1.9,5.3,1010.0,1.8999999999999986,0.7,0.09999999999999964,2.3999999999999773,Nearest Neighbor with Euclidean distance <= 0.5°,0.0,0,NONE,DYNAMIC_HORIZON_SCALED,28.0
2026-02-10T00:00:00,2026-02-13 00:00:00,72,19.076,72.8777,31.5,6.3,4.6,1006.4,73.8,35.8,2.75,0.8,29.7,6.0,4.8,1010.0,1.8000000000000007,0.2999999999999998,0.20000000000000018,3.6000000000000227,Nearest Neighbor with Euclidean distance <= 0.5°,0.0,0,NONE,DYNAMIC_HORIZON_SCALED,31.0
2026-02-10T00:00:00,2026-02-14 00:00:00,96,19.076,72.8777,31.3,42.0,14.5,1005.2,84.8,55.5,3.8,2.4,29.7,8.9,6.2,1010.0,1.6000000000000014,33.1,8.3,4.7999999999999545,Nearest Neighbor with Euclidean distance <= 0.5°,0.0,0,NONE,DYNAMIC_HORIZON_SCALED,34.0
2026-02-10T00:00:00,2026-02-15 00:00:00,120,19.076,72.8777,31.1,21.5,9.7,1004.0,78.7,80.4,4.05,1.2,29.6,7.3,8.0,1010.0,1.5,14.2,1.6999999999999993,6.0,Nearest Neighbor with Euclidean distance <= 0.5°,0.0,0,NONE,DYNAMIC_HORIZON_SCALED,37.0
2026-02-10T00:00:00,2026-02-16 00:00:00,144,19.076,72.8777,31.0,22.0,6.5,1002.8,62.6,81.8,4.7,1.4,29.5,3.0,8.1,1010.0,1.5,19.0,1.5999999999999996,7.2000000000000455,Nearest Neighbor with Euclidean distance <= 0.5°,0.0,0,NONE,DYNAMIC_HORIZON_SCALED,40.0
2026-02-10T00:00:00,2026-02-17 00:00:00,168,19.076,72.8777,30.8,14.4,5.0,1001.6,55.0,58.1,5.35,1.6,35.5,72.0,20.5,1010.0,4.699999999999999,57.6,15.5,8.399999999999977,Nearest Neighbor with Euclidean distance <= 0.5°,0.0,1,MODERATE,DYNAMIC_HORIZON_SCALED,43.0
2026-02-10T00:00:00,2026-02-18 00:00:00,192,19.076,72.8777,30.6,7.5,6.9,1000.4,64.7,36.6,6.0,1.8,25.5,81.0,20.5,1010.0,5.100000000000001,73.5,13.6,9.600000000000023,Nearest Neighbor with Euclidean distance <= 0.5°,0.0,1,SEVERE,DYNAMIC_HORIZON_SCALED,46.0
2026-02-10T00:00:00,2026-02-19 00:00:00,216,19.076,72.8777,30.5,9.3,10.1,999.2,80.4,42.1,6.65,2.0,29.2,7.8,5.2,1010.0,1.3000000000000007,1.5000000000000009,4.8999999999999995,10.799999999999955,Nearest Neighbor with Euclidean distance <= 0.5°,0.0,0,NONE,DYNAMIC_HORIZON_SCALED,49.0
2026-02-10T00:00:00,2026-02-20 00:00:00,240,19.076,72.8777,30.3,17.6,10.8,998.0,84.2,68.1,7.3,2.2,29.2,8.8,7.1,1010.0,1.1000000000000014,8.8,3.700000000000001,12.0,Nearest Neighbor with Euclidean distance <= 0.5°,0.0,0,NONE,DYNAMIC_HORIZON_SCALED,52.0
2026-02-10T00:00:00,2026-02-11 00:00:00,24,12.9716,77.5946,29.8,0.5,7.3,1008.8,56.4,70.6,1.45,0.4,29.9,1.4,7.3,1010.0,0.09999999999999787,0.8999999999999999,0.0,1.2000000000000455,Nearest Neighbor with Euclidean distance <= 0.5°,0.0,0,NONE,DYNAMIC_HORIZON_SCALED,25.0
2026-02-10T00:00:00,2026-02-12 00:00:00,48,12.9716,77.5946,29.7,1.2,5.2,1007.6,58.5,44.0,2.1,0.6,29.8,1.9,5.3,1010.0,0.10000000000000142,0.7,0.09999999999999964,2.3999999999999773,Nearest Neighbor with Euclidean distance <= 0.5°,0.0,0,NONE,DYNAMIC_HORIZON_SCALED,28.0
2026-02-10T00:00:00,2026-02-13 00:00:00,72,12.9716,77.5946,29.5,6.3,4.6,1006.4,73.8,35.8,2.75,0.8,29.7,6.0,4.8,1010.0,0.1999999999999993,0.2999999999999998,0.20000000000000018,3.6000000000000227,Nearest Neighbor with Euclidean distance <= 0.5°,0.0,0,NONE,DYNAMIC_HORIZON_SCALED,31.0
2026-02-10T00:00:00,2026-02-14 00:00:00,96,12.9716,77.5946,29.3,42.0,14.5,1005.2,84.8,55.5,3.8,2.4,29.7,8.9,6.2,1010.0,0.3999999999999986,33.1,8.3,4.7999999999999545,Nearest Neighbor with Euclidean distance <= 0.5°,0.0,0,NONE,DYNAMIC_HORIZON_SCALED,34.0
2026-02-10T00:00:00,2026-02-15 00:00:00,120,12.9716,77.5946,29.1,21.5,9.7,1004.0,78.7,80.4,4.05,1.2,29.6,7.3,8.0,1010.0,0.5,14.2,1.6999999999999993,6.0,Nearest Neighbor with Euclidean distance <= 0.5°,0.0,0,NONE,DYNAMIC_HORIZON_SCALED,37.0
2026-02-10T00:00:00,2026-02-16 00:00:00,144,12.9716,77.5946,29.0,22.0,6.5,1002.8,62.6,81.8,4.7,1.4,29.5,3.0,8.1,1010.0,0.5,19.0,1.5999999999999996,7.2000000000000455,Nearest Neighbor with Euclidean distance <= 0.5°,0.0,0,NONE,DYNAMIC_HORIZON_SCALED,40.0
2026-02-10T00:00:00,2026-02-17 00:00:00,168,12.9716,77.5946,28.8,14.4,5.0,1001.6,55.0,58.1,5.35,1.6,29.4,1.0,6.4,1010.0,0.5999999999999979,13.4,1.4000000000000004,8.399999999999977,Nearest Neighbor with Euclidean distance <= 0.5°,0.0,0,NONE,DYNAMIC_HORIZON_SCALED,43.0
2026-02-10T00:00:00,2026-02-18 00:00:00,192,12.9716,77.5946,28.6,7.5,6.9,1000.4,64.7,36.6,6.0,1.8,29.3,3.6,4.8,1010.0,0.6999999999999993,3.9,2.1000000000000005,9.600000000000023,Nearest Neighbor with Euclidean distance <= 0.5°,0.0,0,NONE,DYNAMIC_HORIZON_SCALED,46.0
2026-02-10T00:00:00,2026-02-19 00:00:00,216,12.9716,77.5946,28.5,9.3,10.1,999.2,80.4,42.1,6.65,2.0,29.2,7.8,5.2,1010.0,0.6999999999999993,1.5000000000000009,4.8999999999999995,10.799999999999955,Nearest Neighbor with Euclidean distance <= 0.5°,0.0,0,NONE,DYNAMIC_HORIZON_SCALED,49.0
2026-02-10T00:00:00,2026-02-20 00:00:00,240,12.9716,77.5946,28.3,17.6,10.8,998.0,84.2,68.1,7.3,2.2,29.2,8.8,7.1,1010.0,0.8999999999999986,8.8,3.700000000000001,12.0,Nearest Neighbor with Euclidean distance <= 0.5°,0.0,0,NONE,DYNAMIC_HORIZON_SCALED,52.0
2026-02-10T00:00:00,2026-02-11 00:00:00,24,13.0827,80.2707,31.8,0.5,7.3,1008.8,56.4,70.6,1.45,0.4,29.9,1.4,7.3,1010.0,1.9000000000000021,0.8999999999999999,0.0,1.2000000000000455,Nearest Neighbor with Euclidean distance <= 0.5°,0.0,0,NONE,DYNAMIC_HORIZON_SCALED,25.0
2026-02-10T00:00:00,2026-02-12 00:00:00,48,13.0827,80.2707,31.7,1.2,5.2,1007.6,58.5,44.0,2.1,0.6,29.8,1.9,5.3,1010.0,1.8999999999999986,0.7,0.09999999999999964,2.3999999999999773,Nearest Neighbor with Euclidean distance <= 0.5°,0.0,0,NONE,DYNAMIC_HORIZON_SCALED,28.0
2026-02-10T00:00:00,2026-02-13 00:00:00,72,13.0827,80.2707,31.5,6.3,4.6,1006.4,73.8,35.8,2.75,0.8,29.7,6.0,4.8,1010.0,1.8000000000000007,0.2999999999999998,0.20000000000000018,3.6000000000000227,Nearest Neighbor with Euclidean distance <= 0.5°,0.0,0,NONE,DYNAMIC_HORIZON_SCALED,31.0
2026-02-10T00:00:00,2026-02-14 00:00:00,96,13.0827,80.2707,31.3,42.0,14.5,1005.2,84.8,55.5,3.8,2.4,35.5,74.0,16.5,1010.0,4.199999999999999,32.0,2.0,4.7999999999999545,Nearest Neighbor with Euclidean distance <= 0.5°,0.0,0,NONE,DYNAMIC_HORIZON_SCALED,34.0
2026-02-10T00:00:00,2026-02-15 00:00:00,120,13.0827,80.2707,31.1,21.5,9.7,1004.0,78.7,80.4,4.05,1.2,25.5,68.0,16.5,1010.0,5.600000000000001,46.5,6.800000000000001,6.0,Nearest Neighbor with Euclidean distance <= 0.5°,0.0,1,MODERATE,DYNAMIC_HORIZON_SCALED,37.0
2026-02-10T00:00:00,2026-02-16 00:00:00,144,13.0827,80.2707,31.0,22.0,6.5,1002.8,62.6,81.8,4.7,1.4,29.5,3.0,8.1,1010.0,1.5,19.0,1.5999999999999996,7.2000000000000455,Nearest Neighbor with Euclidean distance <= 0.5°,0.0,0,NONE,DYNAMIC_HORIZON_SCALED,40.0
2026-02-10T00:00:00,2026-02-17 00:00:00,168,13.0827,80.2707,30.8,14.4,5.0,1001.6,55.0,58.1,5.35,1.6,29.4,1.0,6.4,1010.0,1.4000000000000021,13.4,1.4000000000000004,8.399999999999977,Nearest Neighbor with Euclidean distance <= 0.5°,0.0,0,NONE,DYNAMIC_HORIZON_SCALED,43.0
2026-02-10T00:00:00,2026-02-18 00:00:00,192,13.0827,80.2707,30.6,7.5,6.9,1000.4,64.7,36.6,6.0,1.8,35.5,70.0,18.5,1010.0,4.899999999999999,62.5,11.6,9.600000000000023,Nearest Neighbor with Euclidean distance <= 0.5°,0.0,1,MODERATE,DYNAMIC_HORIZON_SCALED,46.0
2026-02-10T00:00:00,2026-02-19 00:00:00,216,13.0827,80.2707,30.5,9.3,10.1,999.2,80.4,42.1,6.65,2.0,29.2,7.8,5.2,1010.0,1.3000000000000007,1.5000000000000009,4.8999999999999995,10.799999999999955,Nearest Neighbor with Euclidean distance <= 0.5°,0.0,0,NONE,DYNAMIC_HORIZON_SCALED,49.0
2026-02-10T00:00:00,2026-02-20 00:00:00,240,13.0827,80.2707,30.3,17.6,10.8,998.0,84.2,68.1,7.3,2.2,29.2,8.8,7.1,1010.0,1.1000000000000014,8.8,3.700000000000001,12.0,Nearest Neighbor with Euclidean distance <= 0.5°,0.0,0,NONE,DYNAMIC_HORIZON_SCALED,52.0
2026-02-10T00:00:00,2026-02-11 00:00:00,24,22.5726,88.3639,29.8,0.5,7.3,1008.8,56.4,70.6,1.45,0.4,29.9,1.4,7.3,1010.0,0.09999999999999787,0.8999999999999999,0.0,1.2000000000000455,Nearest Neighbor with Euclidean distance <= 0.5°,0.0,0,NONE,DYNAMIC_HORIZON_SCALED,25.0
2026-02-10T00:00:00,2026-02-12 00:00:00,48,22.5726,88.3639,29.7,1.2,5.2,1007.6,58.5,44.0,2.1,0.6,29.8,1.9,5.3,1010.0,0.10000000000000142,0.7,0.09999999999999964,2.3999999999999773,Nearest Neighbor with Euclidean distance <= 0.5°,0.0,0,NONE,DYNAMIC_HORIZON_SCALED,28.0
2026-02-10T00:00:00,2026-02-13 00:00:00,72,22.5726,88.3639,29.5,6.3,4.6,1006.4,73.8,35.8,2.75,0.8,29.7,6.0,4.8,1010.0,0.1999999999999993,0.2999999999999998,0.20000000000000018,3.6000000000000227,Nearest Neighbor with Euclidean distance <= 0.5°,0.0,0,NONE,DYNAMIC_HORIZON_SCALED,31.0
2026-02-10T00:00:00,2026-02-14 00:00:00,96,22.5726,88.3639,29.3,42.0,14.5,1005.2,84.8,55.5,3.8,2.4,29.7,8.9,6.2,1010.0,0.3999999999999986,33.1,8.3,4.7999999999999545,Nearest Neighbor with Euclidean distance <= 0.5°,0.0,0,NONE,DYNAMIC_HORIZON_SCALED,34.0
2026-02-10T00:00:00,2026-02-15 00:00:00,120,22.5726,88.3639,29.1,21.5,9.7,1004.0,78.7,80.4,4.05,1.2,29.6,7.3,8.0,1010.0,0.5,14.2,1.6999999999999993,6.0,Nearest Neighbor with Euclidean distance <= 0.5°,0.0,0,NONE,DYNAMIC_HORIZON_SCALED,37.0
2026-02-10T00:00:00,2026-02-16 00:00:00,144,22.5726,88.3639,29.0,22.0,6.5,1002.8,62.6,81.8,4.7,1.4,29.5,3.0,8.1,1010.0,0.5,19.0,1.5999999999999996,7.2000000000000455,Nearest Neighbor with Euclidean distance <= 0.5°,0.0,0,NONE,DYNAMIC_HORIZON_SCALED,40.0
2026-02-10T00:00:00,2026-02-17 00:00:00,168,22.5726,88.3639,28.8,14.4,5.0,1001.6,55.0,58.1,5.35,1.6,35.5,76.0,18.5,1010.0,6.699999999999999,61.6,13.5,8.399999999999977,Nearest Neighbor with Euclidean distance <= 0.5°,0.0,1,MODERATE,DYNAMIC_HORIZON_SCALED,43.0
2026-02-10T00:00:00,2026-02-18 00:00:00,192,22.5726,88.3639,28.6,7.5,6.9,1000.4,64.7,36.6,6.0,1.8,29.3,3.6,4.8,1010.0,0.6999999999999993,3.9,2.1000000000000005,9.600000000000023,Nearest Neighbor with Euclidean distance <= 0.5°,0.0,0,NONE,DYNAMIC_HORIZON_SCALED,46.0
2026-02-10T00:00:00,2026-02-19 00:00:00,216,22.5726,88.3639,28.5,9.3,10.1,999.2,80.4,42.1,6.65,2.0,29.2,7.8,5.2,1010.0,0.6999999999999993,1.5000000000000009,4.8999999999999995,10.799999999999955,Nearest Neighbor with Euclidean distance <= 0.5°,0.0,0,NONE,DYNAMIC_HORIZON_SCALED,49.0
2026-02-10T00:00:00,2026-02-20 00:00:00,240,22.5726,88.3639,28.3,17.6,10.8,998.0,84.2,68.1,7.3,2.2,29.2,8.8,7.1,1010.0,0.8999999999999986,8.8,3.700000000000001,12.0,Nearest Neighbor with Euclidean distance <= 0.5°,0.0,0,NONE,DYNAMIC_HORIZON_SCALED,52.0
2026-02-10T00:00:00,2026-02-11 00:00:00,24,17.385,78.4867,29.8,0.5,7.3,1008.8,56.4,70.6,1.45,0.4,29.9,1.4,7.3,1010.0,0.09999999999999787,0.8999999999999999,0.0,1.2000000000000455,Nearest Neighbor with Euclidean distance <= 0.5°,0.0,0,NONE,DYNAMIC_HORIZON_SCALED,25.0
2026-02-10T00:00:00,2026-02-12 00:00:00,48,17.385,78.4867,29.7,1.2,5.2,1007.6,58.5,44.0,2.1,0.6,29.8,1.9,5.3,1010.0,0.10000000000000142,0.7,0.09999999999999964,2.3999999999999773,Nearest Neighbor with Euclidean distance <= 0.5°,0.0,0,NONE,DYNAMIC_HORIZON_SCALED,28.0
2026-02-10T00:00:00,2026-02-13 00:00:00,72,17.385,78.4867,29.5,6.3,4.6,1006.4,73.8,35.8,2.75,0.8,29.7,6.0,4.8,1010.0,0.1999999999999993,0.2999999999999998,0.20000000000000018,3.6000000000000227,Nearest Neighbor with Euclidean distance <= 0.5°,0.0,0,NONE,DYNAMIC_HORIZON_SCALED,31.0
2026-02-10T00:00:00,2026-02-14 00:00:00,96,17.385,78.4867,29.3,42.0,14.5,1005.2,84.8,55.5,3.8,2.4,25.5,72.0,17.5,1010.0,3.8000000000000007,30.0,3.0,4.7999999999999545,Nearest Neighbor with Euclidean distance <= 0.5°,0.0,0,NONE,DYNAMIC_HORIZON_SCALED,34.0
2026-02-10T00:00:00,2026-02-15 00:00:00,120,17.385,78.4867,29.1,21.5,9.7,1004.0,78.7,80.4,4.05,1.2,29.6,7.3,8.0,1010.0,0.5,14.2,1.6999999999999993,6.0,Nearest Neighbor with Euclidean distance <= 0.5°,0.0,0,NONE,DYNAMIC_HORIZON_SCALED,37.0
2026-02-10T00:00:00,2026-02-16 00:00:00,144,17.385,78.4867,29.0,22.0,6.5,1002.8,62.6,81.8,4.7,1.4,29.5,3.0,8.1,1010.0,0.5,19.0,1.5999999999999996,7.2000000000000455,Nearest Neighbor with Euclidean distance <= 0.5°,0.0,0,NONE,DYNAMIC_HORIZON_SCALED,40.0
2026-02-10T00:00:00,2026-02-17 00:00:00,168,17.385,78.4867,28.8,14.4,5.0,1001.6,55.0,58.1,5.35,1.6,29.4,1.0,6.4,1010.0,0.5999999999999979,13.4,1.4000000000000004,8.399999999999977,Nearest Neighbor with Euclidean distance <= 0.5°,0.0,0,NONE,DYNAMIC_HORIZON_SCALED,43.0
2026-02-10T00:00:00,2026-02-18 00:00:00,192,17.385,78.4867,28.6,7.5,6.9,1000.4,64.7,36.6,6.0,1.8,25.5,68.0,19.5,1010.0,3.1000000000000014,60.5,12.6,9.600000000000023,Nearest Neighbor with Euclidean distance <= 0.5°,0.0,1,MODERATE,DYNAMIC_HORIZON_SCALED,46.0
2026-02-10T00:00:00,2026-02-19 00:00:00,216,17.385,78.4867,28.5,9.3,10.1,999.2,80.4,42.1,6.65,2.0,29.2,7.8,5.2,1010.0,0.6999999999999993,1.5000000000000009,4.8999999999999995,10.799999999999955,Nearest Neighbor with Euclidean distance <= 0.5°,0.0,0,NONE,DYNAMIC_HORIZON_SCALED,49.0
2026-02-10T00:00:00,2026-02-20 00:00:00,240,17.385,78.4867,28.3,17.6,10.8,998.0,84.2,68.1,7.3,2.2,29.2,8.8,7.1,1010.0,0.8999999999999986,8.8,3.700000000000001,12.0,Nearest Neighbor with Euclidean distance <= 0.5°,0.0,0,NONE,DYNAMIC_HORIZON_SCALED,52.0
2026-02-10T00:00:00,2026-02-11 00:00:00,24,23.0225,72.5714,31.8,0.5,7.3,1008.8,56.4,70.6,1.45,0.4,29.9,1.4,7.3,1010.0,1.9000000000000021,0.8999999999999999,0.0,1.2000000000000455,Nearest Neighbor with Euclidean distance <= 0.5°,0.0,0,NONE,DYNAMIC_HORIZON_SCALED,25.0
2026-02-10T00:00:00,2026-02-12 00:00:00,48,23.0225,72.5714,31.7,1.2,5.2,1007.6,58.5,44.0,2.1,0.6,29.8,1.9,5.3,1010.0,1.8999999999999986,0.7,0.09999999999999964,2.3999999999999773,Nearest Neighbor with Euclidean distance <= 0.5°,0.0,0,NONE,DYNAMIC_HORIZON_SCALED,28.0
2026-02-10T00:00:00,2026-02-13 00:00:00,72,23.0225,72.5714,31.5,6.3,4.6,1006.4,73.8,35.8,2.75,0.8,29.7,6.0,4.8,1010.0,1.8000000000000007,0.2999999999999998,0.20000000000000018,3.6000000000000227,Nearest Neighbor with Euclidean distance <= 0.5°,0.0,0,NONE,DYNAMIC_HORIZON_SCALED,31.0
2026-02-10T00:00:00,2026-02-14 00:00:00,96,23.0225,72.5714,31.3,42.0,14.5,1005.2,84.8,55.5,3.8,2.4,25.5,76.0,21.5,1010.0,5.800000000000001,34.0,7.0,4.7999999999999545,Nearest Neighbor with Euclidean distance <= 0.5°,0.0,1,MODERATE,DYNAMIC_HORIZON_SCALED,34.0
2026-02-10T00:00:00,2026-02-15 00:00:00,120,23.0225,72.5714,31.1,21.5,9.7,1004.0,78.7,80.4,4.05,1.2,29.6,7.3,8.0,1010.0,1.5,14.2,1.6999999999999993,6.0,Nearest Neighbor with Euclidean distance <= 0.5°,0.0,0,NONE,DYNAMIC_HORIZON_SCALED,37.0
2026-02-10T00:00:00,2026-02-16 00:00:00,144,23.0225,72.5714,31.0,22.0,6.5,1002.8,62.6,81.8,4.7,1.4,29.5,3.0,8.1,1010.0,1.5,19.0,1.5999999999999996,7.2000000000000455,Nearest Neighbor with Euclidean distance <= 0.5°,0.0,0,NONE,DYNAMIC_HORIZON_SCALED,40.0
2026-02-10T00:00:00,2026-02-17 00:00:00,168,23.0225,72.5714,30.8,14.4,5.0,1001.6,55.0,58.1,5.35,1.6,29.4,1.0,6.4,1010.0,1.4000000000000021,13.4,1.4000000000000004,8.399999999999977,Nearest Neighbor with Euclidean distance <= 0.5°,0.0,0,NONE,DYNAMIC_HORIZON_SCALED,43.0
2026-02-10T00:00:00,2026-02-18 00:00:00,192,23.0225,72.5714,30.6,7.5,6.9,1000.4,64.7,36.6,6.0,1.8,25.5,72.0,17.5,1010.0,5.100000000000001,64.5,10.6,9.600000000000023,Nearest Neighbor with Euclidean distance <= 0.5°,0.0,1,MODERATE,DYNAMIC_HORIZON_SCALED,46.0
2026-02-10T00:00:00,2026-02-19 00:00:00,216,23.0225,72.5714,30.5,9.3,10.1,999.2,80.4,42.1,6.65,2.0,29.2,7.8,5.2,1010.0,1.3000000000000007,1.5000000000000009,4.8999999999999995,10.799999999999955,Nearest Neighbor with Euclidean distance <= 0.5°,0.0,0,NONE,DYNAMIC_HORIZON_SCALED,49.0
2026-02-10T00:00:00,2026-02-20 00:00:00,240,23.0225,72.5714,30.3,17.6,10.8,998.0,84.2,68.1,7.3,2.2,29.2,8.8,7.1,1010.0,1.1000000000000014,8.8,3.700000000000001,12.0,Nearest Neighbor with Euclidean distance <= 0.5°,0.0,0,NONE,DYNAMIC_HORIZON_SCALED,52.0
2026-02-10T00:00:00,2026-02-11 00:00:00,24,26.9124,75.7873,29.8,0.5,7.3,1008.8,56.4,70.6,1.45,0.4,29.9,1.4,7.3,1010.0,0.09999999999999787,0.8999999999999999,0.0,1.2000000000000455,Nearest Neighbor with Euclidean distance <= 0.5°,0.0,0,NONE,DYNAMIC_HORIZON_SCALED,25.0
2026-02-10T00:00:00,2026-02-12 00:00:00,48,26.9124,75.7873,29.7,1.2,5.2,1007.6,58.5,44.0,2.1,0.6,29.8,1.9,5.3,1010.0,0.10000000000000142,0.7,0.09999999999999964,2.3999999999999773,Nearest Neighbor with Euclidean distance <= 0.5°,0.0,0,NONE,DYNAMIC_HORIZON_SCALED,28.0
2026-02-10T00:00:00,2026-02-13 00:00:00,72,26.9124,75.7873,29.5,6.3,4.6,1006.4,73.8,35.8,2.75,0.8,29.7,6.0,4.8,1010.0,0.1999999999999993,0.2999999999999998,0.20000000000000018,3.6000000000000227,Nearest Neighbor with Euclidean distance <= 0.5°,0.0,0,NONE,DYNAMIC_HORIZON_SCALED,31.0
2026-02-10T00:00:00,2026-02-14 00:00:00,96,26.9124,75.7873,29.3,42.0,14.5,1005.2,84.8,55.5,3.8,2.4,29.7,8.9,6.2,1010.0,0.3999999999999986,33.1,8.3,4.7999999999999545,Nearest Neighbor with Euclidean distance <= 0.5°,0.0,0,NONE,DYNAMIC_HORIZON_SCALED,34.0
2026-02-10T00:00:00,2026-02-15 00:00:00,120,26.9124,75.7873,29.1,21.5,9.7,1004.0,78.7,80.4,4.05,1.2,29.6,7.3,8.0,1010.0,0.5,14.2,1.6999999999999993,6.0,Nearest Neighbor with Euclidean distance <= 0.5°,0.0,0,NONE,DYNAMIC_HORIZON_SCALED,37.0
2026-02-10T00:00:00,2026-02-16 00:00:00,144,26.9124,75.7873,29.0,22.0,6.5,1002.8,62.6,81.8,4.7,1.4,29.5,3.0,8.1,1010.0,0.5,19.0,1.5999999999999996,7.2000000000000455,Nearest Neighbor with Euclidean distance <= 0.5°,0.0,0,NONE,DYNAMIC_HORIZON_SCALED,40.0
2026-02-10T00:00:00,2026-02-17 00:00:00,168,26.9124,75.7873,28.8,14.4,5.0,1001.6,55.0,58.1,5.35,1.6,25.5,70.0,21.5,1010.0,3.3000000000000007,55.6,16.5,8.399999999999977,Nearest Neighbor with Euclidean distance <= 0.5°,0.0,1,MODERATE,DYNAMIC_HORIZON_SCALED,43.0
2026-02-10T00:00:00,2026-02-18 00:00:00,192,26.9124,75.7873,28.6,7.5,6.9,1000.4,64.7,36.6,6.0,1.8,29.3,3.6,4.8,1010.0,0.6999999999999993,3.9,2.1000000000000005,9.600000000000023,Nearest Neighbor with Euclidean distance <= 0.5°,0.0,0,NONE,DYNAMIC_HORIZON_SCALED,46.0
2026-02-10T00:00:00,2026-02-19 00:00:00,216,26.9124,75.7873,28.5,9.3,10.1,999.2,80.4,42.1,6.65,2.0,29.2,7.8,5.2,1010.0,0.6999999999999993,1.5000000000000009,4.8999999999999995,10.799999999999955,Nearest Neighbor with Euclidean distance <= 0.5°,0.0,0,NONE,DYNAMIC_HORIZON_SCALED,49.0
2026-02-10T00:00:00,2026-02-20 00:00:00,240,26.9124,75.7873,28.3,17.6,10.8,998.0,84.2,68.1,7.3,2.2,29.2,8.8,7.1,1010.0,0.8999999999999986,8.8,3.700000000000001,12.0,Nearest Neighbor with Euclidean distance <= 0.5°,0.0,0,NONE,DYNAMIC_HORIZON_SCALED,52.0
2026-02-10T00:00:00,2026-02-11 00:00:00,24,31.1048,77.1734,19.8,0.5,7.3,948.8,56.4,70.6,1.45,0.4,19.9,1.4,7.3,950.0,0.09999999999999787,0.8999999999999999,0.0,1.2000000000000455,Nearest Neighbor with Euclidean distance <= 0.5°,0.0,0,NONE,DYNAMIC_HORIZON_SCALED,25.0
2026-02-10T00:00:00,2026-02-12 00:00:00,48,31.1048,77.1734,19.7,1.2,5.2,947.6,58.5,44.0,2.1,0.6,19.8,1.9,5.3,950.0,0.10000000000000142,0.7,0.09999999999999964,2.3999999999999773,Nearest Neighbor with Euclidean distance <= 0.5°,0.0,0,NONE,DYNAMIC_HORIZON_SCALED,28.0
2026-02-10T00:00:00,2026-02-13 00:00:00,72,31.1048,77.1734,19.5,6.3,4.6,946.4,73.8,35.8,2.75,0.8,19.7,6.0,4.8,950.0,0.1999999999999993,0.2999999999999998,0.20000000000000018,3.6000000000000227,Nearest Neighbor with Euclidean distance <= 0.5°,0.0,0,NONE,DYNAMIC_HORIZON_SCALED,31.0
2026-02-10T00:00:00,2026-02-14 00:00:00,96,31.1048,77.1734,19.3,42.0,14.5,945.2,84.8,55.5,3.8,2.4,19.7,8.9,6.2,950.0,0.3999999999999986,33.1,8.3,4.7999999999999545,Nearest Neighbor with Euclidean distance <= 0.5°,0.0,0,NONE,DYNAMIC_HORIZON_SCALED,34.0
2026-02-10T00:00:00,2026-02-15 00:00:00,120,31.1048,77.1734,19.1,21.5,9.7,944.0,78.7,80.4,4.05,1.2,25.5,70.0,18.5,950.0,6.399999999999999,48.5,8.8,6.0,Nearest Neighbor with Euclidean distance <= 0.5°,0.0,1,MODERATE,DYNAMIC_HORIZON_SCALED,37.0
2026-02-10T00:00:00,2026-02-16 00:00:00,144,31.1048,77.1734,19.0,22.0,6.5,942.8,62.6,81.8,4.7,1.4,19.5,3.0,8.1,950.0,0.5,19.0,1.5999999999999996,7.2000000000000455,Nearest Neighbor with Euclidean distance <= 0.5°,0.0,0,NONE,DYNAMIC_HORIZON_SCALED,40.0
2026-02-10T00:00:00,2026-02-17 00:00:00,168,31.1048,77.1734,18.8,14.4,5.0,941.6,55.0,58.1,5.35,1.6,19.4,1.0,6.4,950.0,0.5999999999999979,13.4,1.4000000000000004,8.399999999999977,Nearest Neighbor with Euclidean distance <= 0.5°,0.0,0,NONE,DYNAMIC_HORIZON_SCALED,43.0
2026-02-10T00:00:00,2026-02-18 00:00:00,192,31.1048,77.1734,18.6,7.5,6.9,940.4,64.7,36.6,6.0,1.8,19.3,3.6,4.8,950.0,0.6999999999999993,3.9,2.1000000000000005,9.600000000000023,Nearest Neighbor with Euclidean distance <= 0.5°,0.0,0,NONE,DYNAMIC_HORIZON_SCALED,46.0
2026-02-10T00:00:00,2026-02-19 00:00:00,216,31.1048,77.1734,18.5,9.3,10.1,939.2,80.4,42.1,6.65,2.0,19.2,7.8,5.2,950.0,0.6999999999999993,1.5000000000000009,4.8999999999999995,10.799999999999955,Nearest Neighbor with Euclidean distance <= 0.5°,0.0,0,NONE,DYNAMIC_HORIZON_SCALED,49.0
2026-02-10T00:00:00,2026-02-20 00:00:00,240,31.1048,77.1734,18.3,17.6,10.8,938.0,84.2,68.1,7.3,2.2,19.2,8.8,7.1,950.0,0.8999999999999986,8.8,3.700000000000001,12.0,Nearest Neighbor with Euclidean distance <= 0.5°,0.0,0,NONE,DYNAMIC_HORIZON_SCALED,52.0
2026-02-10T00:00:00,2026-02-11 00:00:00,24,26.1445,91.7362,29.8,0.5,7.3,1008.8,56.4,70.6,1.45,0.4,29.9,1.4,7.3,1010.0,0.09999999999999787,0.8999999999999999,0.0,1.2000000000000455,Nearest Neighbor with Euclidean distance <= 0.5°,0.0,0,NONE,DYNAMIC_HORIZON_SCALED,25.0
2026-02-10T00:00:00,2026-02-12 00:00:00,48,26.1445,91.7362,29.7,1.2,5.2,1007.6,58.5,44.0,2.1,0.6,29.8,1.9,5.3,1010.0,0.10000000000000142,0.7,0.09999999999999964,2.3999999999999773,Nearest Neighbor with Euclidean distance <= 0.5°,0.0,0,NONE,DYNAMIC_HORIZON_SCALED,28.0
2026-02-10T00:00:00,2026-02-13 00:00:00,72,26.1445,91.7362,29.5,6.3,4.6,1006.4,73.8,35.8,2.75,0.8,29.7,6.0,4.8,1010.0,0.1999999999999993,0.2999999999999998,0.20000000000000018,3.6000000000000227,Nearest Neighbor with Euclidean distance <= 0.5°,0.0,0,NONE,DYNAMIC_HORIZON_SCALED,31.0
2026-02-10T00:00:00,2026-02-14 00:00:00,96,26.1445,91.7362,29.3,42.0,14.5,1005.2,84.8,55.5,3.8,2.4,25.5,80.0,19.5,1010.0,3.8000000000000007,38.0,5.0,4.7999999999999545,Nearest Neighbor with Euclidean distance <= 0.5°,0.0,1,MODERATE,DYNAMIC_HORIZON_SCALED,34.0
2026-02-10T00:00:00,2026-02-15 00:00:00,120,26.1445,91.7362,29.1,21.5,9.7,1004.0,78.7,80.4,4.05,1.2,29.6,7.3,8.0,1010.0,0.5,14.2,1.6999999999999993,6.0,Nearest Neighbor with Euclidean distance <= 0.5°,0.0,0,NONE,DYNAMIC_HORIZON_SCALED,37.0
2026-02-10T00:00:00,2026-02-16 00:00:00,144,26.1445,91.7362,29.0,22.0,6.5,1002.8,62.6,81.8,4.7,1.4,29.5,3.0,8.1,1010.0,0.5,19.0,1.5999999999999996,7.2000000000000455,Nearest Neighbor with Euclidean distance <= 0.5°,0.0,0,NONE,DYNAMIC_HORIZON_SCALED,40.0
2026-02-10T00:00:00,2026-02-17 00:00:00,168,26.1445,91.7362,28.8,14.4,5.0,1001.6,55.0,58.1,5.35,1.6,29.4,1.0,6.4,1010.0,0.5999999999999979,13.4,1.4000000000000004,8.399999999999977,Nearest Neighbor with Euclidean distance <= 0.5°,0.0,0,NONE,DYNAMIC_HORIZON_SCALED,43.0
2026-02-10T00:00:00,2026-02-18 00:00:00,192,26.1445,91.7362,28.6,7.5,6.9,1000.4,64.7,36.6,6.0,1.8,25.5,76.0,21.5,1010.0,3.1000000000000014,68.5,14.6,9.600000000000023,Nearest Neighbor with Euclidean distance <= 0.5°,0.0,1,MODERATE,DYNAMIC_HORIZON_SCALED,46.0
2026-02-10T00:00:00,2026-02-19 00:00:00,216,26.1445,91.7362,28.5,9.3,10.1,999.2,80.4,42.1,6.65,2.0,29.2,7.8,5.2,1010.0,0.6999999999999993,1.5000000000000009,4.8999999999999995,10.799999999999955,Nearest Neighbor with Euclidean distance <= 0.5°,0.0,0,NONE,DYNAMIC_HORIZON_SCALED,49.0
2026-02-10T00:00:00,2026-02-20 00:00:00,240,26.1445,91.7362,28.3,17.6,10.8,998.0,84.2,68.1,7.3,2.2,29.2,8.8,7.1,1010.0,0.8999999999999986,8.8,3.700000000000001,12.0,Nearest Neighbor with Euclidean distance <= 0.5°,0.0,0,NONE,DYNAMIC_HORIZON_SCALED,52.0
2026-02-10T00:00:00,2026-02-11 00:00:00,24,34.0837,74.7973,19.8,0.5,7.3,948.8,56.4,70.6,1.45,0.4,19.9,1.4,7.3,950.0,0.09999999999999787,0.8999999999999999,0.0,1.2000000000000455,Nearest Neighbor with Euclidean distance <= 0.5°,0.0,0,NONE,DYNAMIC_HORIZON_SCALED,25.0
2026-02-10T00:00:00,2026-02-12 00:00:00,48,34.0837,74.7973,19.7,1.2,5.2,947.6,58.5,44.0,2.1,0.6,19.8,1.9,5.3,950.0,0.10000000000000142,0.7,0.09999999999999964,2.3999999999999773,Nearest Neighbor with Euclidean distance <= 0.5°,0.0,0,NONE,DYNAMIC_HORIZON_SCALED,28.0
2026-02-10T00:00:00,2026-02-13 00:00:00,72,34.0837,74.7973,19.5,6.3,4.6,946.4,73.8,35.8,2.75,0.8,19.7,6.0,4.8,950.0,0.1999999999999993,0.2999999999999998,0.20000000000000018,3.6000000000000227,Nearest Neighbor with Euclidean distance <= 0.5°,0.0,0,NONE,DYNAMIC_HORIZON_SCALED,31.0
2026-02-10T00:00:00,2026-02-14 00:00:00,96,34.0837,74.7973,19.3,42.0,14.5,945.2,84.8,55.5,3.8,2.4,19.7,8.9,6.2,950.0,0.3999999999999986,33.1,8.3,4.7999999999999545,Nearest Neighbor with Euclidean distance <= 0.5°,0.0,0,NONE,DYNAMIC_HORIZON_SCALED,34.0
2026-02-10T00:00:00,2026-02-15 00:00:00,120,34.0837,74.7973,19.1,21.5,9.7,944.0,78.7,80.4,4.05,1.2,19.6,7.3,8.0,950.0,0.5,14.2,1.6999999999999993,6.0,Nearest Neighbor with Euclidean distance <= 0.5°,0.0,0,NONE,DYNAMIC_HORIZON_SCALED,37.0
2026-02-10T00:00:00,2026-02-16 00:00:00,144,34.0837,74.7973,19.0,22.0,6.5,942.8,62.6,81.8,4.7,1.4,19.5,3.0,8.1,950.0,0.5,19.0,1.5999999999999996,7.2000000000000455,Nearest Neighbor with Euclidean distance <= 0.5°,0.0,0,NONE,DYNAMIC_HORIZON_SCALED,40.0
2026-02-10T00:00:00,2026-02-17 00:00:00,168,34.0837,74.7973,18.8,14.4,5.0,941.6,55.0,58.1,5.35,1.6,15.5,77.0,16.5,950.0,3.3000000000000007,62.6,11.5,8.399999999999977,Nearest Neighbor with Euclidean distance <= 0.5°,0.0,1,MODERATE,DYNAMIC_HORIZON_SCALED,43.0
2026-02-10T00:00:00,2026-02-18 00:00:00,192,34.0837,74.7973,18.6,7.5,6.9,940.4,64.7,36.6,6.0,1.8,19.3,3.6,4.8,950.0,0.6999999999999993,3.9,2.1000000000000005,9.600000000000023,Nearest Neighbor with Euclidean distance <= 0.5°,0.0,0,NONE,DYNAMIC_HORIZON_SCALED,46.0
2026-02-10T00:00:00,2026-02-19 00:00:00,216,34.0837,74.7973,18.5,9.3,10.1,939.2,80.4,42.1,6.65,2.0,19.2,7.8,5.2,950.0,0.6999999999999993,1.5000000000000009,4.8999999999999995,10.799999999999955,Nearest Neighbor with Euclidean distance <= 0.5°,0.0,0,NONE,DYNAMIC_HORIZON_SCALED,49.0
2026-02-10T00:00:00,2026-02-20 00:00:00,240,34.0837,74.7973,18.3,17.6,10.8,938.0,84.2,68.1,7.3,2.2,19.2,8.8,7.1,950.0,0.8999999999999986,8.8,3.700000000000001,12.0,Nearest Neighbor with Euclidean distance <= 0.5°,0.0,0,NONE,DYNAMIC_HORIZON_SCALED,52.0
2026-02-10T00:00:00,2026-02-11 00:00:00,24,8.5241,76.9366,29.8,0.5,7.3,1008.8,56.4,70.6,1.45,0.4,29.9,1.4,7.3,1010.0,0.09999999999999787,0.8999999999999999,0.0,1.2000000000000455,Nearest Neighbor with Euclidean distance <= 0.5°,0.0,0,NONE,DYNAMIC_HORIZON_SCALED,25.0
2026-02-10T00:00:00,2026-02-12 00:00:00,48,8.5241,76.9366,29.7,1.2,5.2,1007.6,58.5,44.0,2.1,0.6,29.8,1.9,5.3,1010.0,0.10000000000000142,0.7,0.09999999999999964,2.3999999999999773,Nearest Neighbor with Euclidean distance <= 0.5°,0.0,0,NONE,DYNAMIC_HORIZON_SCALED,28.0
2026-02-10T00:00:00,2026-02-13 00:00:00,72,8.5241,76.9366,29.5,6.3,4.6,1006.4,73.8,35.8,2.75,0.8,29.7,6.0,4.8,1010.0,0.1999999999999993,0.2999999999999998,0.20000000000000018,3.6000000000000227,Nearest Neighbor with Euclidean distance <= 0.5°,0.0,0,NONE,DYNAMIC_HORIZON_SCALED,31.0
2026-02-10T00:00:00,2026-02-14 00:00:00,96,8.5241,76.9366,29.3,42.0,14.5,1005.2,84.8,55.5,3.8,2.4,25.5,70.0,21.5,1010.0,3.8000000000000007,28.0,7.0,4.7999999999999545,Nearest Neighbor with Euclidean distance <= 0.5°,0.0,0,NONE,DYNAMIC_HORIZON_SCALED,34.0
2026-02-10T00:00:00,2026-02-15 00:00:00,120,8.5241,76.9366,29.1,21.5,9.7,1004.0,78.7,80.4,4.05,1.2,29.6,7.3,8.0,1010.0,0.5,14.2,1.6999999999999993,6.0,Nearest Neighbor with Euclidean distance <= 0.5°,0.0,0,NONE,DYNAMIC_HORIZON_SCALED,37.0
2026-02-10T00:00:00,2026-02-16 00:00:00,144,8.5241,76.9366,29.0,22.0,6.5,1002.8,62.6,81.8,4.7,1.4,29.5,3.0,8.1,1010.0,0.5,19.0,1.5999999999999996,7.2000000000000455,Nearest Neighbor with Euclidean distance <= 0.5°,0.0,0,NONE,DYNAMIC_HORIZON_SCALED,40.0
2026-02-10T00:00:00,2026-02-17 00:00:00,168,8.5241,76.9366,28.8,14.4,5.0,1001.6,55.0,58.1,5.35,1.6,29.4,1.0,6.4,1010.0,0.5999999999999979,13.4,1.4000000000000004,8.399999999999977,Nearest Neighbor with Euclidean distance <= 0.5°,0.0,0,NONE,DYNAMIC_HORIZON_SCALED,43.0
2026-02-10T00:00:00,2026-02-18 00:00:00,192,8.5241,76.9366,28.6,7.5,6.9,1000.4,64.7,36.6,6.0,1.8,35.5,81.0,17.5,1010.0,6.899999999999999,73.5,10.6,9.600000000000023,Nearest Neighbor with Euclidean distance <= 0.5°,0.0,1,SEVERE,DYNAMIC_HORIZON_SCALED,46.0
2026-02-10T00:00:00,2026-02-19 00:00:00,216,8.5241,76.9366,28.5,9.3,10.1,999.2,80.4,42.1,6.65,2.0,29.2,7.8,5.2,1010.0,0.6999999999999993,1.5000000000000009,4.8999999999999995,10.799999999999955,Nearest Neighbor with Euclidean distance <= 0.5°,0.0,0,NONE,DYNAMIC_HORIZON_SCALED,49.0
2026-02-10T00:00:00,2026-02-20 00:00:00,240,8.5241,76.9366,28.3,17.6,10.8,998.0,84.2,68.1,7.3,2.2,29.2,8.8,7.1,1010.0,0.8999999999999986,8.8,3.700000000000001,12.0,Nearest Neighbor with Euclidean distance <= 0.5°,0.0,0,NONE,DYNAMIC_HORIZON_SCALED,52.0
2026-02-10T00:00:00,2026-02-11 00:00:00,24,20.2961,85.8245,31.8,0.5,7.3,1008.8,56.4,70.6,1.45,0.4,29.9,1.4,7.3,1010.0,1.9000000000000021,0.8999999999999999,0.0,1.2000000000000455,Nearest Neighbor with Euclidean distance <= 0.5°,0.0,0,NONE,DYNAMIC_HORIZON_SCALED,25.0
2026-02-10T00:00:00,2026-02-12 00:00:00,48,20.2961,85.8245,31.7,1.2,5.2,1007.6,58.5,44.0,2.1,0.6,29.8,1.9,5.3,1010.0,1.8999999999999986,0.7,0.09999999999999964,2.3999999999999773,Nearest Neighbor with Euclidean distance <= 0.5°,0.0,0,NONE,DYNAMIC_HORIZON_SCALED,28.0
2026-02-10T00:00:00,2026-02-13 00:00:00,72,20.2961,85.8245,31.5,6.3,4.6,1006.4,73.8,35.8,2.75,0.8,29.7,6.0,4.8,1010.0,1.8000000000000007,0.2999999999999998,0.20000000000000018,3.6000000000000227,Nearest Neighbor with Euclidean distance <= 0.5°,0.0,0,NONE,DYNAMIC_HORIZON_SCALED,31.0
2026-02-10T00:00:00,2026-02-14 00:00:00,96,20.2961,85.8245,31.3,42.0,14.5,1005.2,84.8,55.5,3.8,2.4,29.7,8.9,6.2,1010.0,1.6000000000000014,33.1,8.3,4.7999999999999545,Nearest Neighbor with Euclidean distance <= 0.5°,0.0,0,NONE,DYNAMIC_HORIZON_SCALED,34.0
2026-02-10T00:00:00,2026-02-15 00:00:00,120,20.2961,85.8245,31.1,21.5,9.7,1004.0,78.7,80.4,4.05,1.2,35.5,75.0,17.5,1010.0,4.399999999999999,53.5,7.800000000000001,6.0,Nearest Neighbor with Euclidean distance <= 0.5°,0.0,1,MODERATE,DYNAMIC_HORIZON_SCALED,37.0
2026-02-10T00:00:00,2026-02-16 00:00:00,144,20.2961,85.8245,31.0,22.0,6.5,1002.8,62.6,81.8,4.7,1.4,29.5,3.0,8.1,1010.0,1.5,19.0,1.5999999999999996,7.2000000000000455,Nearest Neighbor with Euclidean distance <= 0.5°,0.0,0,NONE,DYNAMIC_HORIZON_SCALED,40.0
2026-02-10T00:00:00,2026-02-17 00:00:00,168,20.2961,85.8245,30.8,14.4,5.0,1001.6,55.0,58.1,5.35,1.6,29.4,1.0,6.4,1010.0,1.4000000000000021,13.4,1.4000000000000004,8.399999999999977,Nearest Neighbor with Euclidean distance <= 0.5°,0.0,0,NONE,DYNAMIC_HORIZON_SCALED,43.0
2026-02-10T00:00:00,2026-02-18 00:00:00,192,20.2961,85.8245,30.6,7.5,6.9,1000.4,64.7,36.6,6.0,1.8,29.3,3.6,4.8,1010.0,1.3000000000000007,3.9,2.1000000000000005,9.600000000000023,Nearest Neighbor with Euclidean distance <= 0.5°,0.0,0,NONE,DYNAMIC_HORIZON_SCALED,46.0
2026-02-10T00:00:00,2026-02-19 00:00:00,216,20.2961,85.8245,30.5,9.3,10.1,999.2,80.4,42.1,6.65,2.0,29.2,7.8,5.2,1010.0,1.3000000000000007,1.5000000000000009,4.8999999999999995,10.799999999999955,Nearest Neighbor with Euclidean distance <= 0.5°,0.0,0,NONE,DYNAMIC_HORIZON_SCALED,49.0
2026-02-10T00:00:00,2026-02-20 00:00:00,240,20.2961,85.8245,30.3,17.6,10.8,998.0,84.2,68.1,7.3,2.2,29.2,8.8,7.1,1010.0,1.1000000000000014,8.8,3.700000000000001,12.0,Nearest Neighbor with Euclidean distance <= 0.5°,0.0,0,NONE,DYNAMIC_HORIZON_SCALED,52.0
2026-02-10T00:00:00,2026-02-11 00:00:00,24,23.2599,77.4126,29.8,0.5,7.3,1008.8,56.4,70.6,1.45,0.4,29.9,1.4,7.3,1010.0,0.09999999999999787,0.8999999999999999,0.0,1.2000000000000455,Nearest Neighbor with Euclidean distance <= 0.5°,0.0,0,NONE,DYNAMIC_HORIZON_SCALED,25.0
2026-02-10T00:00:00,2026-02-12 00:00:00,48,23.2599,77.4126,29.7,1.2,5.2,1007.6,58.5,44.0,2.1,0.6,29.8,1.9,5.3,1010.0,0.10000000000000142,0.7,0.09999999999999964,2.3999999999999773,Nearest Neighbor with Euclidean distance <= 0.5°,0.0,0,NONE,DYNAMIC_HORIZON_SCALED,28.0
2026-02-10T00:00:00,2026-02-13 00:00:00,72,23.2599,77.4126,29.5,6.3,4.6,1006.4,73.8,35.8,2.75,0.8,29.7,6.0,4.8,1010.0,0.1999999999999993,0.2999999999999998,0.20000000000000018,3.6000000000000227,Nearest Neighbor with Euclidean distance <= 0.5°,0.0,0,NONE,DYNAMIC_HORIZON_SCALED,31.0
2026-02-10T00:00:00,2026-02-14 00:00:00,96,23.2599,77.4126,29.3,42.0,14.5,1005.2,84.8,55.5,3.8,2.4,29.7,8.9,6.2,1010.0,0.3999999999999986,33.1,8.3,4.7999999999999545,Nearest Neighbor with Euclidean distance <= 0.5°,0.0,0,NONE,DYNAMIC_HORIZON_SCALED,34.0
2026-02-10T00:00:00,2026-02-15 00:00:00,120,23.2599,77.4126,29.1,21.5,9.7,1004.0,78.7,80.4,4.05,1.2,25.5,73.0,18.5,1010.0,3.6000000000000014,51.5,8.8,6.0,Nearest Neighbor with Euclidean distance <= 0.5°,0.0,1,MODERATE,DYNAMIC_HORIZON_SCALED,37.0
2026-02-10T00:00:00,2026-02-16 00:00:00,144,23.2599,77.4126,29.0,22.0,6.5,1002.8,62.6,81.8,4.7,1.4,29.5,3.0,8.1,1010.0,0.5,19.0,1.5999999999999996,7.2000000000000455,Nearest Neighbor with Euclidean distance <= 0.5°,0.0,0,NONE,DYNAMIC_HORIZON_SCALED,40.0
2026-02-10T00:00:00,2026-02-17 00:00:00,168,23.2599,77.4126,28.8,14.4,5.0,1001.6,55.0,58.1,5.35,1.6,29.4,1.0,6.4,1010.0,0.5999999999999979,13.4,1.4000000000000004,8.399999999999977,Nearest Neighbor with Euclidean distance <= 0.5°,0.0,0,NONE,DYNAMIC_HORIZON_SCALED,43.0
2026-02-10T00:00:00,2026-02-18 00:00:00,192,23.2599,77.4126,28.6,7.5,6.9,1000.4,64.7,36.6,6.0,1.8,29.3,3.6,4.8,1010.0,0.6999999999999993,3.9,2.1000000000000005,9.600000000000023,Nearest Neighbor with Euclidean distance <= 0.5°,0.0,0,NONE,DYNAMIC_HORIZON_SCALED,46.0
2026-02-10T00:00:00,2026-02-19 00:00:00,216,23.2599,77.4126,28.5,9.3,10.1,999.2,80.4,42.1,6.65,2.0,29.2,7.8,5.2,1010.0,0.6999999999999993,1.5000000000000009,4.8999999999999995,10.799999999999955,Nearest Neighbor with Euclidean distance <= 0.5°,0.0,0,NONE,DYNAMIC_HORIZON_SCALED,49.0
2026-02-10T00:00:00,2026-02-20 00:00:00,240,23.2599,77.4126,28.3,17.6,10.8,998.0,84.2,68.1,7.3,2.2,29.2,8.8,7.1,1010.0,0.8999999999999986,8.8,3.700000000000001,12.0,Nearest Neighbor with Euclidean distance <= 0.5°,0.0,0,NONE,DYNAMIC_HORIZON_SCALED,52.0
2026-02-10T00:00:00,2026-02-11 00:00:00,24,17.6868,83.2185,29.8,0.5,7.3,1008.8,56.4,70.6,1.45,0.4,29.9,1.4,7.3,1010.0,0.09999999999999787,0.8999999999999999,0.0,1.2000000000000455,Nearest Neighbor with Euclidean distance <= 0.5°,0.0,0,NONE,DYNAMIC_HORIZON_SCALED,25.0
2026-02-10T00:00:00,2026-02-12 00:00:00,48,17.6868,83.2185,29.7,1.2,5.2,1007.6,58.5,44.0,2.1,0.6,29.8,1.9,5.3,1010.0,0.10000000000000142,0.7,0.09999999999999964,2.3999999999999773,Nearest Neighbor with Euclidean distance <= 0.5°,0.0,0,NONE,DYNAMIC_HORIZON_SCALED,28.0
2026-02-10T00:00:00,2026-02-13 00:00:00,72,17.6868,83.2185,29.5,6.3,4.6,1006.4,73.8,35.8,2.75,0.8,29.7,6.0,4.8,1010.0,0.1999999999999993,0.2999999999999998,0.20000000000000018,3.6000000000000227,Nearest Neighbor with Euclidean distance <= 0.5°,0.0,0,NONE,DYNAMIC_HORIZON_SCALED,31.0
2026-02-10T00:00:00,2026-02-14 00:00:00,96,17.6868,83.2185,29.3,42.0,14.5,1005.2,84.8,55.5,3.8,2.4,29.7,8.9,6.2,1010.0,0.3999999999999986,33.1,8.3,4.7999999999999545,Nearest Neighbor with Euclidean distance <= 0.5°,0.0,0,NONE,DYNAMIC_HORIZON_SCALED,34.0
2026-02-10T00:00:00,2026-02-15 00:00:00,120,17.6868,83.2185,29.1,21.5,9.7,1004.0,78.7,80.4,4.05,1.2,25.5,73.0,18.5,1010.0,3.6000000000000014,51.5,8.8,6.0,Nearest Neighbor with Euclidean distance <= 0.5°,0.0,1,MODERATE,DYNAMIC_HORIZON_SCALED,37.0
2026-02-10T00:00:00,2026-02-16 00:00:00,144,17.6868,83.2185,29.0,22.0,6.5,1002.8,62.6,81.8,4.7,1.4,29.5,3.0,8.1,1010.0,0.5,19.0,1.5999999999999996,7.2000000000000455,Nearest Neighbor with Euclidean distance <= 0.5°,0.0,0,NONE,DYNAMIC_HORIZON_SCALED,40.0
2026-02-10T00:00:00,2026-02-17 00:00:00,168,17.6868,83.2185,28.8,14.4,5.0,1001.6,55.0,58.1,5.35,1.6,29.4,1.0,6.4,1010.0,0.5999999999999979,13.4,1.4000000000000004,8.399999999999977,Nearest Neighbor with Euclidean distance <= 0.5°,0.0,0,NONE,DYNAMIC_HORIZON_SCALED,43.0
2026-02-10T00:00:00,2026-02-18 00:00:00,192,17.6868,83.2185,28.6,7.5,6.9,1000.4,64.7,36.6,6.0,1.8,29.3,3.6,4.8,1010.0,0.6999999999999993,3.9,2.1000000000000005,9.600000000000023,Nearest Neighbor with Euclidean distance <= 0.5°,0.0,0,NONE,DYNAMIC_HORIZON_SCALED,46.0
2026-02-10T00:00:00,2026-02-19 00:00:00,216,17.6868,83.2185,28.5,9.3,10.1,999.2,80.4,42.1,6.65,2.0,29.2,7.8,5.2,1010.0,0.6999999999999993,1.5000000000000009,4.8999999999999995,10.799999999999955,Nearest Neighbor with Euclidean distance <= 0.5°,0.0,0,NONE,DYNAMIC_HORIZON_SCALED,49.0
2026-02-10T00:00:00,2026-02-20 00:00:00,240,17.6868,83.2185,28.3,17.6,10.8,998.0,84.2,68.1,7.3,2.2,29.2,8.8,7.1,1010.0,0.8999999999999986,8.8,3.700000000000001,12.0,Nearest Neighbor with Euclidean distance <= 0.5°,0.0,0,NONE,DYNAMIC_HORIZON_SCALED,52.0
2026-02-10T00:00:00,2026-02-11 00:00:00,24,25.5941,85.1376,31.8,0.5,7.3,1008.8,56.4,70.6,1.45,0.4,29.9,1.4,7.3,1010.0,1.9000000000000021,0.8999999999999999,0.0,1.2000000000000455,Nearest Neighbor with Euclidean distance <= 0.5°,0.0,0,NONE,DYNAMIC_HORIZON_SCALED,25.0
2026-02-10T00:00:00,2026-02-12 00:00:00,48,25.5941,85.1376,31.7,1.2,5.2,1007.6,58.5,44.0,2.1,0.6,29.8,1.9,5.3,1010.0,1.8999999999999986,0.7,0.09999999999999964,2.3999999999999773,Nearest Neighbor with Euclidean distance <= 0.5°,0.0,0,NONE,DYNAMIC_HORIZON_SCALED,28.0
2026-02-10T00:00:00,2026-02-13 00:00:00,72,25.5941,85.1376,31.5,6.3,4.6,1006.4,73.8,35.8,2.75,0.8,29.7,6.0,4.8,1010.0,1.8000000000000007,0.2999999999999998,0.20000000000000018,3.6000000000000227,Nearest Neighbor with Euclidean distance <= 0.5°,0.0,0,NONE,DYNAMIC_HORIZON_SCALED,31.0
2026-02-10T00:00:00,2026-02-14 00:00:00,96,25.5941,85.1376,31.3,42.0,14.5,1005.2,84.8,55.5,3.8,2.4,35.5,74.0,16.5,1010.0,4.199999999999999,32.0,2.0,4.7999999999999545,Nearest Neighbor with Euclidean distance <= 0.5°,0.0,0,NONE,DYNAMIC_HORIZON_SCALED,34.0
2026-02-10T00:00:00,2026-02-15 00:00:00,120,25.5941,85.1376,31.1,21.5,9.7,1004.0,78.7,80.4,4.05,1.2,25.5,68.0,16.5,1010.0,5.600000000000001,46.5,6.800000000000001,6.0,Nearest Neighbor with Euclidean distance <= 0.5°,0.0,1,MODERATE,DYNAMIC_HORIZON_SCALED,37.0
2026-02-10T00:00:00,2026-02-16 00:00:00,144,25.5941,85.1376,31.0,22.0,6.5,1002.8,62.6,81.8,4.7,1.4,29.5,3.0,8.1,1010.0,1.5,19.0,1.5999999999999996,7.2000000000000455,Nearest Neighbor with Euclidean distance <= 0.5°,0.0,0,NONE,DYNAMIC_HORIZON_SCALED,40.0
2026-02-10T00:00:00,2026-02-17 00:00:00,168,25.5941,85.1376,30.8,14.4,5.0,1001.6,55.0,58.1,5.35,1.6,29.4,1.0,6.4,1010.0,1.4000000000000021,13.4,1.4000000000000004,8.399999999999977,Nearest Neighbor with Euclidean distance <= 0.5°,0.0,0,NONE,DYNAMIC_HORIZON_SCALED,43.0
2026-02-10T00:00:00,2026-02-18 00:00:00,192,25.5941,85.1376,30.6,7.5,6.9,1000.4,64.7,36.6,6.0,1.8,35.5,70.0,18.5,1010.0,4.899999999999999,62.5,11.6,9.600000000000023,Nearest Neighbor with Euclidean distance <= 0.5°,0.0,1,MODERATE,DYNAMIC_HORIZON_SCALED,46.0
2026-02-10T00:00:00,2026-02-19 00:00:00,216,25.5941,85.1376,30.5,9.3,10.1,999.2,80.4,42.1,6.65,2.0,29.2,7.8,5.2,1010.0,1.3000000000000007,1.5000000000000009,4.8999999999999995,10.799999999999955,Nearest Neighbor with Euclidean distance <= 0.5°,0.0,0,NONE,DYNAMIC_HORIZON_SCALED,49.0
2026-02-10T00:00:00,2026-02-20 00:00:00,240,25.5941,85.1376,30.3,17.6,10.8,998.0,84.2,68.1,7.3,2.2,29.2,8.8,7.1,1010.0,1.1000000000000014,8.8,3.700000000000001,12.0,Nearest Neighbor with Euclidean distance <= 0.5°,0.0,0,NONE,DYNAMIC_HORIZON_SCALED,52.0
2026-02-10T00:00:00,2026-02-11 00:00:00,24,26.8467,80.9462,31.8,0.5,7.3,1008.8,56.4,70.6,1.45,0.4,29.9,1.4,7.3,1010.0,1.9000000000000021,0.8999999999999999,0.0,1.2000000000000455,Nearest Neighbor with Euclidean distance <= 0.5°,0.0,0,NONE,DYNAMIC_HORIZON_SCALED,25.0
2026-02-10T00:00:00,2026-02-12 00:00:00,48,26.8467,80.9462,31.7,1.2,5.2,1007.6,58.5,44.0,2.1,0.6,29.8,1.9,5.3,1010.0,1.8999999999999986,0.7,0.09999999999999964,2.3999999999999773,Nearest Neighbor with Euclidean distance <= 0.5°,0.0,0,NONE,DYNAMIC_HORIZON_SCALED,28.0
2026-02-10T00:00:00,2026-02-13 00:00:00,72,26.8467,80.9462,31.5,6.3,4.6,1006.4,73.8,35.8,2.75,0.8,29.7,6.0,4.8,1010.0,1.8000000000000007,0.2999999999999998,0.20000000000000018,3.6000000000000227,Nearest Neighbor with Euclidean distance <= 0.5°,0.0,0,NONE,DYNAMIC_HORIZON_SCALED,31.0
2026-02-10T00:00:00,2026-02-14 00:00:00,96,26.8467,80.9462,31.3,42.0,14.5,1005.2,84.8,55.5,3.8,2.4,29.7,8.9,6.2,1010.0,1.6000000000000014,33.1,8.3,4.7999999999999545,Nearest Neighbor with Euclidean distance <= 0.5°,0.0,0,NONE,DYNAMIC_HORIZON_SCALED,34.0
2026-02-10T00:00:00,2026-02-15 00:00:00,120,26.8467,80.9462,31.1,21.5,9.7,1004.0,78.7,80.4,4.05,1.2,35.5,82.0,18.5,1010.0,4.399999999999999,60.5,8.8,6.0,Nearest Neighbor with Euclidean distance <= 0.5°,0.0,1,SEVERE,DYNAMIC_HORIZON_SCALED,37.0
2026-02-10T00:00:00,2026-02-16 00:00:00,144,26.8467,80.9462,31.0,22.0,6.5,1002.8,62.6,81.8,4.7,1.4,29.5,3.0,8.1,1010.0,1.5,19.0,1.5999999999999996,7.2000000000000455,Nearest Neighbor with Euclidean distance <= 0.5°,0.0,0,NONE,DYNAMIC_HORIZON_SCALED,40.0
2026-02-10T00:00:00,2026-02-17 00:00:00,168,26.8467,80.9462,30.8,14.4,5.0,1001.6,55.0,58.1,5.35,1.6,29.4,1.0,6.4,1010.0,1.4000000000000021,13.4,1.4000000000000004,8.399999999999977,Nearest Neighbor with Euclidean distance <= 0.5°,0.0,0,NONE,DYNAMIC_HORIZON_SCALED,43.0
2026-02-10T00:00:00,2026-02-18 00:00:00,192,26.8467,80.9462,30.6,7.5,6.9,1000.4,64.7,36.6,6.0,1.8,29.3,3.6,4.8,1010.0,1.3000000000000007,3.9,2.1000000000000005,9.600000000000023,Nearest Neighbor with Euclidean distance <= 0.5°,0.0,0,NONE,DYNAMIC_HORIZON_SCALED,46.0
2026-02-10T00:00:00,2026-02-19 00:00:00,216,26.8467,80.9462,30.5,9.3,10.1,999.2,80.4,42.1,6.65,2.0,29.2,7.8,5.2,1010.0,1.3000000000000007,1.5000000000000009,4.8999999999999995,10.799999999999955,Nearest Neighbor with Euclidean distance <= 0.5°,0.0,0,NONE,DYNAMIC_HORIZON_SCALED,49.0
2026-02-10T00:00:00,2026-02-20 00:00:00,240,26.8467,80.9462,30.3,17.6,10.8,998.0,84.2,68.1,7.3,2.2,29.2,8.8,7.1,1010.0,1.1000000000000014,8.8,3.700000000000001,12.0,Nearest Neighbor with Euclidean distance <= 0.5°,0.0,0,NONE,DYNAMIC_HORIZON_SCALED,52.0
2026-02-10T00:00:00,2026-02-11 00:00:00,24,21.1458,79.0882,29.8,0.5,7.3,1008.8,56.4,70.6,1.45,0.4,29.9,1.4,7.3,1010.0,0.09999999999999787,0.8999999999999999,0.0,1.2000000000000455,Nearest Neighbor with Euclidean distance <= 0.5°,0.0,0,NONE,DYNAMIC_HORIZON_SCALED,25.0
2026-02-10T00:00:00,2026-02-12 00:00:00,48,21.1458,79.0882,29.7,1.2,5.2,1007.6,58.5,44.0,2.1,0.6,29.8,1.9,5.3,1010.0,0.10000000000000142,0.7,0.09999999999999964,2.3999999999999773,Nearest Neighbor with Euclidean distance <= 0.5°,0.0,0,NONE,DYNAMIC_HORIZON_SCALED,28.0
2026-02-10T00:00:00,2026-02-13 00:00:00,72,21.1458,79.0882,29.5,6.3,4.6,1006.4,73.8,35.8,2.75,0.8,29.7,6.0,4.8,1010.0,0.1999999999999993,0.2999999999999998,0.20000000000000018,3.6000000000000227,Nearest Neighbor with Euclidean distance <= 0.5°,0.0,0,NONE,DYNAMIC_HORIZON_SCALED,31.0
2026-02-10T00:00:00,2026-02-14 00:00:00,96,21.1458,79.0882,29.3,42.0,14.5,1005.2,84.8,55.5,3.8,2.4,35.5,69.0,17.5,1010.0,6.199999999999999,27.0,3.0,4.7999999999999545,Nearest Neighbor with Euclidean distance <= 0.5°,0.0,1,MODERATE,DYNAMIC_HORIZON_SCALED,34.0
2026-02-10T00:00:00,2026-02-15 00:00:00,120,21.1458,79.0882,29.1,21.5,9.7,1004.0,78.7,80.4,4.05,1.2,25.5,78.0,17.5,1010.0,3.6000000000000014,56.5,7.800000000000001,6.0,Nearest Neighbor with Euclidean distance <= 0.5°,0.0,1,SEVERE,DYNAMIC_HORIZON_SCALED,37.0
2026-02-10T00:00:00,2026-02-16 00:00:00,144,21.1458,79.0882,29.0,22.0,6.5,1002.8,62.6,81.8,4.7,1.4,29.5,3.0,8.1,1010.0,0.5,19.0,1.5999999999999996,7.2000000000000455,Nearest Neighbor with Euclidean distance <= 0.5°,0.0,0,NONE,DYNAMIC_HORIZON_SCALED,40.0
2026-02-10T00:00:00,2026-02-17 00:00:00,168,21.1458,79.0882,28.8,14.4,5.0,1001.6,55.0,58.1,5.35,1.6,29.4,1.0,6.4,1010.0,0.5999999999999979,13.4,1.4000000000000004,8.399999999999977,Nearest Neighbor with Euclidean distance <= 0.5°,0.0,0,NONE,DYNAMIC_HORIZON_SCALED,43.0
2026-02-10T00:00:00,2026-02-18 00:00:00,192,21.1458,79.0882,28.6,7.5,6.9,1000.4,64.7,36.6,6.0,1.8,29.3,3.6,4.8,1010.0,0.6999999999999993,3.9,2.1000000000000005,9.600000000000023,Nearest Neighbor with Euclidean distance <= 0.5°,0.0,0,NONE,DYNAMIC_HORIZON_SCALED,46.0
2026-02-10T00:00:00,2026-02-19 00:00:00,216,21.1458,79.0882,28.5,9.3,10.1,999.2,80.4,42.1,6.65,2.0,29.2,7.8,5.2,1010.0,0.6999999999999993,1.5000000000000009,4.8999999999999995,10.799999999999955,Nearest Neighbor with Euclidean distance <= 0.5°,0.0,0,NONE,DYNAMIC_HORIZON_SCALED,49.0
2026-02-10T00:00:00,2026-02-20 00:00:00,240,21.1458,79.0882,28.3,17.6,10.8,998.0,84.2,68.1,7.3,2.2,29.2,8.8,7.1,1010.0,0.8999999999999986,8.8,3.700000000000001,12.0,Nearest Neighbor with Euclidean distance <= 0.5°,0.0,0,NONE,DYNAMIC_HORIZON_SCALED,52.0
2026-02-10T00:00:00,2026-02-11 00:00:00,24,30.3165,78.0322,19.8,0.5,7.3,948.8,56.4,70.6,1.45,0.4,19.9,1.4,7.3,950.0,0.09999999999999787,0.8999999999999999,0.0,1.2000000000000455,Nearest Neighbor with Euclidean distance <= 0.5°,0.0,0,NONE,DYNAMIC_HORIZON_SCALED,25.0
2026-02-10T00:00:00,2026-02-12 00:00:00,48,30.3165,78.0322,19.7,1.2,5.2,947.6,58.5,44.0,2.1,0.6,19.8,1.9,5.3,950.0,0.10000000000000142,0.7,0.09999999999999964,2.3999999999999773,Nearest Neighbor with Euclidean distance <= 0.5°,0.0,0,NONE,DYNAMIC_HORIZON_SCALED,28.0
2026-02-10T00:00:00,2026-02-13 00:00:00,72,30.3165,78.0322,19.5,6.3,4.6,946.4,73.8,35.8,2.75,0.8,19.7,6.0,4.8,950.0,0.1999999999999993,0.2999999999999998,0.20000000000000018,3.6000000000000227,Nearest Neighbor with Euclidean distance <= 0.5°,0.0,0,NONE,DYNAMIC_HORIZON_SCALED,31.0
2026-02-10T00:00:00,2026-02-14 00:00:00,96,30.3165,78.0322,19.3,42.0,14.5,945.2,84.8,55.5,3.8,2.4,25.5,75.0,17.5,950.0,6.199999999999999,33.0,3.0,4.7999999999999545,Nearest Neighbor with Euclidean distance <= 0.5°,0.0,1,MODERATE,DYNAMIC_HORIZON_SCALED,34.0
2026-02-10T00:00:00,2026-02-15 00:00:00,120,30.3165,78.0322,19.1,21.5,9.7,944.0,78.7,80.4,4.05,1.2,15.5,69.0,17.5,950.0,3.6000000000000014,47.5,7.800000000000001,6.0,Nearest Neighbor with Euclidean distance <= 0.5°,0.0,1,MODERATE,DYNAMIC_HORIZON_SCALED,37.0
2026-02-10T00:00:00,2026-02-16 00:00:00,144,30.3165,78.0322,19.0,22.0,6.5,942.8,62.6,81.8,4.7,1.4,19.5,3.0,8.1,950.0,0.5,19.0,1.5999999999999996,7.2000000000000455,Nearest Neighbor with Euclidean distance <= 0.5°,0.0,0,NONE,DYNAMIC_HORIZON_SCALED,40.0
2026-02-10T00:00:00,2026-02-17 00:00:00,168,30.3165,78.0322,18.8,14.4,5.0,941.6,55.0,58.1,5.35,1.6,19.4,1.0,6.4,950.0,0.5999999999999979,13.4,1.4000000000000004,8.399999999999977,Nearest Neighbor with Euclidean distance <= 0.5°,0.0,0,NONE,DYNAMIC_HORIZON_SCALED,43.0
2026-02-10T00:00:00,2026-02-18 00:00:00,192,30.3165,78.0322,18.6,7.5,6.9,940.4,64.7,36.6,6.0,1.8,25.5,71.0,19.5,950.0,6.899999999999999,63.5,12.6,9.600000000000023,Nearest Neighbor with Euclidean distance <= 0.5°,0.0,1,MODERATE,DYNAMIC_HORIZON_SCALED,46.0
2026-02-10T00:00:00,2026-02-19 00:00:00,216,30.3165,78.0322,18.5,9.3,10.1,939.2,80.4,42.1,6.65,2.0,19.2,7.8,5.2,950.0,0.6999999999999993,1.5000000000000009,4.8999999999999995,10.799999999999955,Nearest Neighbor with Euclidean distance <= 0.5°,0.0,0,NONE,DYNAMIC_HORIZON_SCALED,49.0
2026-02-10T00:00:00,2026-02-20 00:00:00,240,30.3165,78.0322,18.3,17.6,10.8,938.0,84.2,68.1,7.3,2.2,19.2,8.8,7.1,950.0,0.8999999999999986,8.8,3.700000000000001,12.0,Nearest Neighbor with Euclidean distance <= 0.5°,0.0,0,NONE,DYNAMIC_HORIZON_SCALED,52.0
2026-02-10T00:00:00,2026-02-11 00:00:00,24,23.3441,85.3096,31.8,0.5,7.3,1008.8,56.4,70.6,1.45,0.4,29.9,1.4,7.3,1010.0,1.9000000000000021,0.8999999999999999,0.0,1.2000000000000455,Nearest Neighbor with Euclidean distance <= 0.5°,0.0,0,NONE,DYNAMIC_HORIZON_SCALED,25.0
2026-02-10T00:00:00,2026-02-12 00:00:00,48,23.3441,85.3096,31.7,1.2,5.2,1007.6,58.5,44.0,2.1,0.6,29.8,1.9,5.3,1010.0,1.8999999999999986,0.7,0.09999999999999964,2.3999999999999773,Nearest Neighbor with Euclidean distance <= 0.5°,0.0,0,NONE,DYNAMIC_HORIZON_SCALED,28.0
2026-02-10T00:00:00,2026-02-13 00:00:00,72,23.3441,85.3096,31.5,6.3,4.6,1006.4,73.8,35.8,2.75,0.8,29.7,6.0,4.8,1010.0,1.8000000000000007,0.2999999999999998,0.20000000000000018,3.6000000000000227,Nearest Neighbor with Euclidean distance <= 0.5°,0.0,0,NONE,DYNAMIC_HORIZON_SCALED,31.0
2026-02-10T00:00:00,2026-02-14 00:00:00,96,23.3441,85.3096,31.3,42.0,14.5,1005.2,84.8,55.5,3.8,2.4,29.7,8.9,6.2,1010.0,1.6000000000000014,33.1,8.3,4.7999999999999545,Nearest Neighbor with Euclidean distance <= 0.5°,0.0,0,NONE,DYNAMIC_HORIZON_SCALED,34.0
2026-02-10T00:00:00,2026-02-15 00:00:00,120,23.3441,85.3096,31.1,21.5,9.7,1004.0,78.7,80.4,4.05,1.2,35.5,75.0,17.5,1010.0,4.399999999999999,53.5,7.800000000000001,6.0,Nearest Neighbor with Euclidean distance <= 0.5°,0.0,1,MODERATE,DYNAMIC_HORIZON_SCALED,37.0
2026-02-10T00:00:00,2026-02-16 00:00:00,144,23.3441,85.3096,31.0,22.0,6.5,1002.8,62.6,81.8,4.7,1.4,29.5,3.0,8.1,1010.0,1.5,19.0,1.5999999999999996,7.2000000000000455,Nearest Neighbor with Euclidean distance <= 0.5°,0.0,0,NONE,DYNAMIC_HORIZON_SCALED,40.0
2026-02-10T00:00:00,2026-02-17 00:00:00,168,23.3441,85.3096,30.8,14.4,5.0,1001.6,55.0,58.1,5.35,1.6,29.4,1.0,6.4,1010.0,1.4000000000000021,13.4,1.4000000000000004,8.399999999999977,Nearest Neighbor with Euclidean distance <= 0.5°,0.0,0,NONE,DYNAMIC_HORIZON_SCALED,43.0
2026-02-10T00:00:00,2026-02-18 00:00:00,192,23.3441,85.3096,30.6,7.5,6.9,1000.4,64.7,36.6,6.0,1.8,29.3,3.6,4.8,1010.0,1.3000000000000007,3.9,2.1000000000000005,9.600000000000023,Nearest Neighbor with Euclidean distance <= 0.5°,0.0,0,NONE,DYNAMIC_HORIZON_SCALED,46.0
2026-02-10T00:00:00,2026-02-19 00:00:00,216,23.3441,85.3096,30.5,9.3,10.1,999.2,80.4,42.1,6.65,2.0,29.2,7.8,5.2,1010.0,1.3000000000000007,1.5000000000000009,4.8999999999999995,10.799999999999955,Nearest Neighbor with Euclidean distance <= 0.5°,0.0,0,NONE,DYNAMIC_HORIZON_SCALED,49.0
2026-02-10T00:00:00,2026-02-20 00:00:00,240,23.3441,85.3096,30.3,17.6,10.8,998.0,84.2,68.1,7.3,2.2,29.2,8.8,7.1,1010.0,1.1000000000000014,8.8,3.700000000000001,12.0,Nearest Neighbor with Euclidean distance <= 0.5°,0.0,0,NONE,DYNAMIC_HORIZON_SCALED,52.0
2026-02-10T00:00:00,2026-02-11 00:00:00,24,30.7333,76.7794,19.8,0.5,7.3,948.8,56.4,70.6,1.45,0.4,19.9,1.4,7.3,950.0,0.09999999999999787,0.8999999999999999,0.0,1.2000000000000455,Nearest Neighbor with Euclidean distance <= 0.5°,0.0,0,NONE,DYNAMIC_HORIZON_SCALED,25.0
2026-02-10T00:00:00,2026-02-12 00:00:00,48,30.7333,76.7794,19.7,1.2,5.2,947.6,58.5,44.0,2.1,0.6,19.8,1.9,5.3,950.0,0.10000000000000142,0.7,0.09999999999999964,2.3999999999999773,Nearest Neighbor with Euclidean distance <= 0.5°,0.0,0,NONE,DYNAMIC_HORIZON_SCALED,28.0
2026-02-10T00:00:00,2026-02-13 00:00:00,72,30.7333,76.7794,19.5,6.3,4.6,946.4,73.8,35.8,2.75,0.8,19.7,6.0,4.8,950.0,0.1999999999999993,0.2999999999999998,0.20000000000000018,3.6000000000000227,Nearest Neighbor with Euclidean distance <= 0.5°,0.0,0,NONE,DYNAMIC_HORIZON_SCALED,31.0
2026-02-10T00:00:00,2026-02-14 00:00:00,96,30.7333,76.7794,19.3,42.0,14.5,945.2,84.8,55.5,3.8,2.4,19.7,8.9,6.2,950.0,0.3999999999999986,33.1,8.3,4.7999999999999545,Nearest Neighbor with Euclidean distance <= 0.5°,0.0,0,NONE,DYNAMIC_HORIZON_SCALED,34.0
2026-02-10T00:00:00,2026-02-15 00:00:00,120,30.7333,76.7794,19.1,21.5,9.7,944.0,78.7,80.4,4.05,1.2,19.6,7.3,8.0,950.0,0.5,14.2,1.6999999999999993,6.0,Nearest Neighbor with Euclidean distance <= 0.5°,0.0,0,NONE,DYNAMIC_HORIZON_SCALED,37.0
2026-02-10T00:00:00,2026-02-16 00:00:00,144,30.7333,76.7794,19.0,22.0,6.5,942.8,62.6,81.8,4.7,1.4,19.5,3.0,8.1,950.0,0.5,19.0,1.5999999999999996,7.2000000000000455,Nearest Neighbor with Euclidean distance <= 0.5°,0.0,0,NONE,DYNAMIC_HORIZON_SCALED,40.0
2026-02-10T00:00:00,2026-02-17 00:00:00,168,30.7333,76.7794,18.8,14.4,5.0,941.6,55.0,58.1,5.35,1.6,25.5,77.0,19.5,950.0,6.699999999999999,62.6,14.5,8.399999999999977,Nearest Neighbor with Euclidean distance <= 0.5°,0.0,1,MODERATE,DYNAMIC_HORIZON_SCALED,43.0
2026-02-10T00:00:00,2026-02-18 00:00:00,192,30.7333,76.7794,18.6,7.5,6.9,940.4,64.7,36.6,6.0,1.8,19.3,3.6,4.8,950.0,0.6999999999999993,3.9,2.1000000000000005,9.600000000000023,Nearest Neighbor with Euclidean distance <= 0.5°,0.0,0,NONE,DYNAMIC_HORIZON_SCALED,46.0
2026-02-10T00:00:00,2026-02-19 00:00:00,216,30.7333,76.7794,18.5,9.3,10.1,939.2,80.4,42.1,6.65,2.0,19.2,7.8,5.2,950.0,0.6999999999999993,1.5000000000000009,4.8999999999999995,10.799999999999955,Nearest Neighbor with Euclidean distance <= 0.5°,0.0,0,NONE,DYNAMIC_HORIZON_SCALED,49.0
2026-02-10T00:00:00,2026-02-20 00:00:00,240,30.7333,76.7794,18.3,17.6,10.8,938.0,84.2,68.1,7.3,2.2,19.2,8.8,7.1,950.0,0.8999999999999986,8.8,3.700000000000001,12.0,Nearest Neighbor with Euclidean distance <= 0.5°,0.0,0,NONE,DYNAMIC_HORIZON_SCALED,52.0
2026-02-10T00:00:00,2026-02-11 00:00:00,24,15.4909,73.8278,29.8,0.5,7.3,1008.8,56.4,70.6,1.45,0.4,29.9,1.4,7.3,1010.0,0.09999999999999787,0.8999999999999999,0.0,1.2000000000000455,Nearest Neighbor with Euclidean distance <= 0.5°,0.0,0,NONE,DYNAMIC_HORIZON_SCALED,25.0
2026-02-10T00:00:00,2026-02-12 00:00:00,48,15.4909,73.8278,29.7,1.2,5.2,1007.6,58.5,44.0,2.1,0.6,29.8,1.9,5.3,1010.0,0.10000000000000142,0.7,0.09999999999999964,2.3999999999999773,Nearest Neighbor with Euclidean distance <= 0.5°,0.0,0,NONE,DYNAMIC_HORIZON_SCALED,28.0
2026-02-10T00:00:00,2026-02-13 00:00:00,72,15.4909,73.8278,29.5,6.3,4.6,1006.4,73.8,35.8,2.75,0.8,29.7,6.0,4.8,1010.0,0.1999999999999993,0.2999999999999998,0.20000000000000018,3.6000000000000227,Nearest Neighbor with Euclidean distance <= 0.5°,0.0,0,NONE,DYNAMIC_HORIZON_SCALED,31.0
2026-02-10T00:00:00,2026-02-14 00:00:00,96,15.4909,73.8278,29.3,42.0,14.5,1005.2,84.8,55.5,3.8,2.4,29.7,8.9,6.2,1010.0,0.3999999999999986,33.1,8.3,4.7999999999999545,Nearest Neighbor with Euclidean distance <= 0.5°,0.0,0,NONE,DYNAMIC_HORIZON_SCALED,34.0
2026-02-10T00:00:00,2026-02-15 00:00:00,120,15.4909,73.8278,29.1,21.5,9.7,1004.0,78.7,80.4,4.05,1.2,35.5,75.0,17.5,1010.0,6.399999999999999,53.5,7.800000000000001,6.0,Nearest Neighbor with Euclidean distance <= 0.5°,0.0,1,MODERATE,DYNAMIC_HORIZON_SCALED,37.0
2026-02-10T00:00:00,2026-02-16 00:00:00,144,15.4909,73.8278,29.0,22.0,6.5,1002.8,62.6,81.8,4.7,1.4,29.5,3.0,8.1,1010.0,0.5,19.0,1.5999999999999996,7.2000000000000455,Nearest Neighbor with Euclidean distance <= 0.5°,0.0,0,NONE,DYNAMIC_HORIZON_SCALED,40.0
2026-02-10T00:00:00,2026-02-17 00:00:00,168,15.4909,73.8278,28.8,14.4,5.0,1001.6,55.0,58.1,5.35,1.6,29.4,1.0,6.4,1010.0,0.5999999999999979,13.4,1.4000000000000004,8.399999999999977,Nearest Neighbor with Euclidean distance <= 0.5°,0.0,0,NONE,DYNAMIC_HORIZON_SCALED,43.0
2026-02-10T00:00:00,2026-02-18 00:00:00,192,15.4909,73.8278,28.6,7.5,6.9,1000.4,64.7,36.6,6.0,1.8,29.3,3.6,4.8,1010.0,0.6999999999999993,3.9,2.1000000000000005,9.600000000000023,Nearest Neighbor with Euclidean distance <= 0.5°,0.0,0,NONE,DYNAMIC_HORIZON_SCALED,46.0
2026-02-10T00:00:00,2026-02-19 00:00:00,216,15.4909,73.8278,28.5,9.3,10.1,999.2,80.4,42.1,6.65,2.0,29.2,7.8,5.2,1010.0,0.6999999999999993,1.5000000000000009,4.8999999999999995,10.799999999999955,Nearest Neighbor with Euclidean distance <= 0.5°,0.0,0,NONE,DYNAMIC_HORIZON_SCALED,49.0
2026-02-10T00:00:00,2026-02-20 00:00:00,240,15.4909,73.8278,28.3,17.6,10.8,998.0,84.2,68.1,7.3,2.2,29.2,8.8,7.1,1010.0,0.8999999999999986,8.8,3.700000000000001,12.0,Nearest Neighbor with Euclidean distance <= 0.5°,0.0,0,NONE,DYNAMIC_HORIZON_SCALED,52.0
2026-02-10T00:00:00,2026-02-11 00:00:00,24,25.5788,91.8933,29.8,0.5,7.3,1008.8,56.4,70.6,1.45,0.4,29.9,1.4,7.3,1010.0,0.09999999999999787,0.8999999999999999,0.0,1.2000000000000455,Nearest Neighbor with Euclidean distance <= 0.5°,0.0,0,NONE,DYNAMIC_HORIZON_SCALED,25.0
2026-02-10T00:00:00,2026-02-12 00:00:00,48,25.5788,91.8933,29.7,1.2,5.2,1007.6,58.5,44.0,2.1,0.6,29.8,1.9,5.3,1010.0,0.10000000000000142,0.7,0.09999999999999964,2.3999999999999773,Nearest Neighbor with Euclidean distance <= 0.5°,0.0,0,NONE,DYNAMIC_HORIZON_SCALED,28.0
2026-02-10T00:00:00,2026-02-13 00:00:00,72,25.5788,91.8933,29.5,6.3,4.6,1006.4,73.8,35.8,2.75,0.8,29.7,6.0,4.8,1010.0,0.1999999999999993,0.2999999999999998,0.20000000000000018,3.6000000000000227,Nearest Neighbor with Euclidean distance <= 0.5°,0.0,0,NONE,DYNAMIC_HORIZON_SCALED,31.0
2026-02-10T00:00:00,2026-02-14 00:00:00,96,25.5788,91.8933,29.3,42.0,14.5,1005.2,84.8,55.5,3.8,2.4,29.7,8.9,6.2,1010.0,0.3999999999999986,33.1,8.3,4.7999999999999545,Nearest Neighbor with Euclidean distance <= 0.5°,0.0,0,NONE,DYNAMIC_HORIZON_SCALED,34.0
2026-02-10T00:00:00,2026-02-15 00:00:00,120,25.5788,91.8933,29.1,21.5,9.7,1004.0,78.7,80.4,4.05,1.2,29.6,7.3,8.0,1010.0,0.5,14.2,1.6999999999999993,6.0,Nearest Neighbor with Euclidean distance <= 0.5°,0.0,0,NONE,DYNAMIC_HORIZON_SCALED,37.0
2026-02-10T00:00:00,2026-02-16 00:00:00,144,25.5788,91.8933,29.0,22.0,6.5,1002.8,62.6,81.8,4.7,1.4,29.5,3.0,8.1,1010.0,0.5,19.0,1.5999999999999996,7.2000000000000455,Nearest Neighbor with Euclidean distance <= 0.5°,0.0,0,NONE,DYNAMIC_HORIZON_SCALED,40.0
2026-02-10T00:00:00,2026-02-17 00:00:00,168,25.5788,91.8933,28.8,14.4,5.0,1001.6,55.0,58.1,5.35,1.6,29.4,1.0,6.4,1010.0,0.5999999999999979,13.4,1.4000000000000004,8.399999999999977,Nearest Neighbor with Euclidean distance <= 0.5°,0.0,0,NONE,DYNAMIC_HORIZON_SCALED,43.0
2026-02-10T00:00:00,2026-02-18 00:00:00,192,25.5788,91.8933,28.6,7.5,6.9,1000.4,64.7,36.6,6.0,1.8,29.3,3.6,4.8,1010.0,0.6999999999999993,3.9,2.1000000000000005,9.600000000000023,Nearest Neighbor with Euclidean distance <= 0.5°,0.0,0,NONE,DYNAMIC_HORIZON_SCALED,46.0
2026-02-10T00:00:00,2026-02-19 00:00:00,216,25.5788,91.8933,28.5,9.3,10.1,999.2,80.4,42.1,6.65,2.0,29.2,7.8,5.2,1010.0,0.6999999999999993,1.5000000000000009,4.8999999999999995,10.799999999999955,Nearest Neighbor with Euclidean distance <= 0.5°,0.0,0,NONE,DYNAMIC_HORIZON_SCALED,49.0
2026-02-10T00:00:00,2026-02-20 00:00:00,240,25.5788,91.8933,28.3,17.6,10.8,998.0,84.2,68.1,7.3,2.2,29.2,8.8,7.1,1010.0,0.8999999999999986,8.8,3.700000000000001,12.0,Nearest Neighbor with Euclidean distance <= 0.5°,0.0,0,NONE,DYNAMIC_HORIZON_SCALED,52.0
